fw,id,name,tr_n,tr_pf,tr_mean,tr_t,va_n,va_pf,va_mean,va_t,tr_pd,va_pd,std,rel,tr_only_rel
engine200,51,MTF MA Ribbon Consensus,40,1.001,0.2,0.0,26,0.76,-74.27,-0.49,0.14652014652014653,0.28888888888888886,False,False,False
engine200,52,MTF MA Ribbon Pullback Reclaim,37,1.676,97.04,1.23,22,1.926,127.66,1.04,0.13553113553113552,0.24444444444444444,False,False,False
engine200,53,MTF SuperTrend 4h + 1h EMA Cross,199,0.813,-31.75,-1.15,62,0.405,-171.63,-2.46,0.7289377289377289,0.6888888888888889,False,False,False
engine200,54,MTF SuperTrend 4h + 1h RSI Dip,0,0.0,0.0,0.0,0,0.0,0.0,0.0,0.0,0.0,False,False,False
engine200,55,MTF Donchian 4h Break + 1d Filter,33,0.941,-15.27,-0.14,16,0.98,-9.39,-0.03,0.12087912087912088,0.17777777777777778,False,False,False
engine200,56,MTF Donchian 1h Break + ATR Exp,84,1.156,28.69,0.46,31,0.459,-214.01,-1.76,0.3076923076923077,0.34444444444444444,False,False,False
engine200,57,MTF Dual Thrust Range Exp,378,0.945,-7.5,-0.41,132,0.958,-7.35,-0.17,1.3846153846153846,1.4666666666666666,False,False,False
engine200,58,MTF 4h ADX Trend + 1h EMA Cross,151,0.755,-54.17,-1.33,49,1.229,33.69,0.54,0.5531135531135531,0.5444444444444444,False,False,False
engine200,59,MTF MA Slope Consensus,29,0.605,-131.46,-0.87,20,0.956,-13.95,-0.08,0.10622710622710622,0.2222222222222222,False,False,False
engine200,60,MTF Aroon Trend Onset,10,0.813,-61.67,-0.23,0,0.0,0.0,0.0,0.03663003663003663,0.0,False,False,False
engine200,61,MTF Guppy GMMA Expansion,159,0.872,-34.05,-0.69,53,0.901,-32.37,-0.29,0.5824175824175825,0.5888888888888889,False,False,False
engine200,62,MTF Kaufman ER Trend Pulse,16,0.847,-56.99,-0.22,13,0.617,-129.52,-0.64,0.05860805860805861,0.14444444444444443,False,False,False
engine200,63,MTF MACD Hist Burst + 4h ST,169,0.875,-19.41,-0.66,53,0.535,-129.28,-1.58,0.6190476190476191,0.5888888888888889,False,False,False
engine200,64,MTF Keltner Breakout + 4h Trend,110,0.998,-0.44,-0.01,39,1.461,88.65,0.91,0.40293040293040294,0.43333333333333335,False,False,False
engine200,65,MTF Keltner Break + SL/TP,144,0.979,-3.97,-0.11,71,1.146,27.75,0.48,0.5274725274725275,0.7888888888888889,False,False,False
engine200,66,MTF Vortex Proxy Consensus,221,0.866,-27.56,-0.82,78,0.849,-47.92,-0.57,0.8095238095238095,0.8666666666666667,False,False,False
engine200,67,MTF 3 Consecutive Trend Bars,201,1.135,21.29,0.67,78,1.3,58.67,0.82,0.7362637362637363,0.8666666666666667,False,False,False
engine200,68,MTF Directional Momentum Thrust,108,0.994,-1.41,-0.02,42,1.192,53.42,0.45,0.3956043956043956,0.4666666666666667,False,False,False
engine200,69,MTF Choppiness Gated Trend,72,0.931,-14.81,-0.22,23,2.028,165.72,1.29,0.26373626373626374,0.25555555555555554,False,False,False
engine200,70,MTF CMF Flow + Trend Consensus,149,0.872,-28.91,-0.63,43,1.068,16.96,0.17,0.5457875457875457,0.4777777777777778,False,False,False
engine200,71,MTF RSI<25 Dip in 1d Bull,4,815.25,260.96,1.67,10,0.477,-143.15,-0.71,0.014652014652014652,0.1111111111111111,False,False,False
engine200,72,MTF RSI<20 Deep Dip in 4h Bull,0,0.0,0.0,0.0,0,0.0,0.0,0.0,0.0,0.0,False,False,False
engine200,73,MTF BB %B Lower Reclaim,48,0.532,-79.44,-1.42,12,1.173,19.74,0.23,0.17582417582417584,0.13333333333333333,False,False,False
engine200,74,MTF BB 3-Sigma Stretch Fade,53,0.579,-74.87,-1.43,25,0.832,-40.96,-0.32,0.19413919413919414,0.2777777777777778,False,False,False
engine200,75,MTF Keltner 2-ATR Dip Bounce,36,1.329,46.37,0.64,13,0.879,-23.11,-0.19,0.13186813186813187,0.14444444444444443,False,False,False
engine200,76,MTF Connors RSI3 Dip in 1d Bull,43,1.308,32.08,0.56,20,0.4,-159.28,-1.36,0.1575091575091575,0.2222222222222222,False,False,False
engine200,77,MTF RSI<25 + Volume Climax,13,0.454,-174.44,-0.85,10,1.411,63.26,0.37,0.047619047619047616,0.1111111111111111,False,False,False
engine200,78,MTF Williams %R Oversold Snap,34,0.365,-135.88,-2.29,8,0.803,-37.87,-0.22,0.12454212454212454,0.08888888888888889,False,False,False
engine200,79,MTF CCI Oversold Snapback,5,0.174,-175.95,-1.53,2,3.126,80.82,0.52,0.018315018315018316,0.022222222222222223,False,False,False
engine200,80,MTF Distance from 4h EMA Stretch,170,0.907,-16.91,-0.51,82,0.679,-76.25,-1.17,0.6227106227106227,0.9111111111111111,False,False,False
engine200,81,MTF BB+RSI Double Exhaustion,42,0.421,-140.16,-1.78,20,0.468,-148.45,-1.26,0.15384615384615385,0.2222222222222222,False,False,False
engine200,82,MTF MFI+RSI Deep Capitulation,1,999.0,222.46,222459994743.79,0,0.0,0.0,0.0,0.003663003663003663,0.0,False,False,False
engine200,83,MTF Pin Bar at 24h Low,25,0.428,-140.21,-1.62,8,1.297,67.24,0.26,0.09157509157509157,0.08888888888888889,False,False,False
engine200,84,MTF 6 Down-Bars in 1d Bull,14,0.74,-35.03,-0.44,6,0.839,-30.11,-0.15,0.05128205128205128,0.06666666666666667,False,False,False
engine200,85,MTF RSI Dip + SL/TP (1:2),1,999.0,380.0,380000000000.0,0,0.0,0.0,0.0,0.003663003663003663,0.0,False,False,False
engine200,86,MTF RSI>75 Short in 1d Bear,9,0.937,-11.15,-0.07,3,0.639,-121.32,-0.26,0.03296703296703297,0.03333333333333333,False,False,False
engine200,87,MTF BB Upper Reject in 4h Bear,7,2.741,333.25,0.84,6,1.124,22.24,0.1,0.02564102564102564,0.06666666666666667,False,False,False
engine200,88,MTF Chop-Gated BB Fade,61,0.887,-16.01,-0.34,11,1.534,90.91,0.45,0.22344322344322345,0.12222222222222222,False,False,False
engine200,89,MTF RSI Bullish Divergence,1,999.0,226.46,226458626257.24,1,0.0,-203.76,-203759239679.97,0.003663003663003663,0.011111111111111112,False,False,False
engine200,90,MTF CMF<-0.25 Snap in 1d Bull,10,0.579,-110.92,-0.67,2,0.801,-126.6,-0.11,0.03663003663003663,0.022222222222222223,False,False,False
engine200,91,Top-Trader LS Div Accumulation,28,1.019,3.58,0.04,0,0.0,0.0,0.0,0.10256410256410256,0.0,False,False,False
engine200,92,Top-Trader LS Surge + Taker Flow,9,0.109,-519.7,-1.59,3,0.579,-111.32,-0.32,0.03296703296703297,0.03333333333333333,False,False,False
engine200,93,Taker Buy 4h Surge >65%,0,0.0,0.0,0.0,0,0.0,0.0,0.0,0.0,0.0,False,False,False
engine200,94,Taker Climax Exhaustion Fade,0,0.0,0.0,0.0,0,0.0,0.0,0.0,0.0,0.0,False,False,False
engine200,95,Quote Vol Breakout + 4h Trend,47,1.104,22.98,0.21,18,0.945,-15.11,-0.1,0.17216117216117216,0.2,False,False,False
engine200,96,Retail Count Frenzy Fade,0,0.0,0.0,0.0,0,0.0,0.0,0.0,0.0,0.0,False,False,False
engine200,97,Inst Block Flow Follow,0,0.0,0.0,0.0,0,0.0,0.0,0.0,0.0,0.0,False,False,False
engine200,98,Taker Flow 3-Bar Persistence,14,0.974,-3.94,-0.04,0,0.0,0.0,0.0,0.05128205128205128,0.0,False,False,False
engine200,99,RVOL 5x Explosion Breakout,24,0.419,-190.3,-1.21,6,1.545,173.26,0.42,0.08791208791208792,0.06666666666666667,False,False,False
engine200,100,Top-Trader LS 24h Delta Mom,42,0.677,-89.25,-0.82,1,0.0,-1113.92,-1113919439835.58,0.15384615384615385,0.011111111111111112,False,False,False
engine200,101,Top-Trader Short Squeeze Hunter,1,999.0,317.38,317377302998.82,10,1.688,127.09,0.67,0.003663003663003663,0.1111111111111111,False,False,False
engine200,102,Volume Climax Absorption Pin,6,0.336,-166.43,-0.87,3,0.683,-65.74,-0.24,0.02197802197802198,0.03333333333333333,False,False,False
engine200,103,Low-Vol Breakout Fade Short,5,0.45,-115.32,-0.66,0,0.0,0.0,0.0,0.018315018315018316,0.0,False,False,False
engine200,104,Heavy Sell Volume Trap Reclaim,1,0.0,-97.54,-97544011889.93,1,999.0,986.81,986806763619.65,0.003663003663003663,0.011111111111111112,False,False,False
engine200,105,Taker Flow Reversal in Oversold,0,0.0,0.0,0.0,0,0.0,0.0,0.0,0.0,0.0,False,False,False
engine200,106,Taker Surge + ATR Expansion,4,1.632,64.33,0.35,0,0.0,0.0,0.0,0.014652014652014652,0.0,False,False,False
engine200,107,Top-Trader + 4h SuperTrend Bull,61,0.597,-97.86,-1.4,0,0.0,0.0,0.0,0.22344322344322345,0.0,False,False,False
engine200,108,Top-Trader + 4h SuperTrend Bear,1,999.0,92.0,92004420754.32,9,0.749,-64.83,-0.35,0.003663003663003663,0.1,False,False,False
engine200,109,Volume Surge 50-EMA Breakout,9,0.739,-76.55,-0.38,3,0.0,-397.51,-2.9,0.03296703296703297,0.03333333333333333,False,False,False
engine200,110,Volume Weighted Momentum Thrust,50,0.922,-14.92,-0.21,28,1.476,76.89,0.77,0.18315018315018314,0.3111111111111111,False,False,False
engine200,111,BBW 7d Compression Breakout,18,0.984,-3.11,-0.03,8,0.48,-160.54,-0.81,0.06593406593406594,0.08888888888888889,False,False,False
engine200,112,ATR Ratio Compression Break,1,0.0,-526.13,-526130818349.13,0,0.0,0.0,0.0,0.003663003663003663,0.0,False,False,False
engine200,113,HV24 Pinch into Expansion,3,0.0,-564.64,-4.52,4,0.603,-178.93,-0.42,0.01098901098901099,0.044444444444444446,False,False,False
engine200,114,CHOP<38 Trend Momentum Cross,2,0.0,-475.89,-4.51,0,0.0,0.0,0.0,0.007326007326007326,0.0,False,False,False
engine200,115,CHOP>62 Range Boundary Fade,0,0.0,0.0,0.0,0,0.0,0.0,0.0,0.0,0.0,False,False,False
engine200,116,ADX Compression Hook Breakout,16,2.08,167.46,1.07,5,1.924,349.55,0.56,0.05860805860805861,0.05555555555555555,False,False,False
engine200,117,TTM Squeeze Release + 4h ST,30,0.241,-146.51,-3.05,14,0.904,-27.36,-0.16,0.10989010989010989,0.15555555555555556,False,False,False
engine200,118,NATR 2.5x Spike Capitulation Snap,1,999.0,1754.25,1754250659246.28,1,999.0,740.39,740387917870.3,0.003663003663003663,0.011111111111111112,False,False,False
engine200,119,4h Vol Compression + 1h Donchian,34,0.563,-133.06,-1.31,11,2.236,195.87,1.15,0.12454212454212454,0.12222222222222222,False,False,False
engine200,120,High-Vol Breakout + SL/TP (2:4),116,0.734,-48.8,-1.72,61,1.117,18.68,0.43,0.4249084249084249,0.6777777777777778,False,False,False
engine200,121,Low-Vol Drift Trend Follow,73,0.743,-61.26,-0.92,29,0.577,-144.79,-1.06,0.2673992673992674,0.32222222222222224,False,False,False
engine200,122,Donchian Break + Dynamic TP/SL,179,0.768,-46.83,-1.63,65,1.042,8.22,0.16,0.6556776556776557,0.7222222222222222,False,False,False
engine200,123,Solid Marubozu Vol Expansion,60,0.678,-71.2,-1.12,21,0.728,-66.65,-0.55,0.21978021978021978,0.23333333333333334,False,False,False
engine200,124,GK Vol Spike Exhaustion Rebound,0,0.0,0.0,0.0,0,0.0,0.0,0.0,0.0,0.0,False,False,False
engine200,125,NR7 Range Expansion Breakout,75,0.947,-9.6,-0.18,26,0.81,-43.03,-0.44,0.27472527472527475,0.28888888888888886,False,False,False
engine200,126,Vol Pinch + Pre-Vol Building,10,0.366,-134.78,-0.95,4,0.061,-648.05,-1.3,0.03663003663003663,0.044444444444444446,False,False,False
engine200,127,Dual 4h/1h MTF Squeeze Break,15,1.084,13.0,0.13,6,1.974,208.9,0.63,0.054945054945054944,0.06666666666666667,False,False,False
engine200,128,ATR + Volume Surge Momentum,28,0.651,-108.3,-0.84,10,1.322,100.37,0.34,0.10256410256410256,0.1111111111111111,False,False,False
engine200,129,Vol-Adjusted Return Spike Follow,28,0.324,-264.79,-1.89,14,0.873,-34.83,-0.18,0.10256410256410256,0.15555555555555556,False,False,False
engine200,130,Regime-Filtered 20-EMA Cross,22,0.478,-123.24,-1.29,9,0.418,-127.3,-1.07,0.08058608058608059,0.1,False,False,False
engine200,131,FR Cum72h < -0.3% Long Rebound,35,0.397,-183.32,-1.89,26,0.499,-150.07,-1.28,0.1282051282051282,0.28888888888888886,False,False,False
engine200,132,FR Cum72h > +0.3% Short Exhaust,152,0.807,-39.48,-1.01,30,0.807,-61.24,-0.47,0.5567765567765568,0.3333333333333333,False,False,False
engine200,133,FR 8h Delta Momentum Follow,40,0.755,-70.95,-0.64,13,0.768,-55.84,-0.4,0.14652014652014653,0.14444444444444443,False,False,False
engine200,134,"Spot-Led Rally (Price Up, FR<=0)",41,0.795,-50.68,-0.55,15,0.406,-194.5,-1.46,0.15018315018315018,0.16666666666666666,False,False,False
engine200,135,FR<-0.05% Short Squeeze Break,6,0.151,-312.82,-1.39,2,0.0,-429.91,-1.4,0.02197802197802198,0.022222222222222223,False,False,False
engine200,136,FR>+0.08% Long Flush Breakdown,0,0.0,0.0,0.0,0,0.0,0.0,0.0,0.0,0.0,False,False,False
engine200,137,FR MA Cross + 4h Trend,94,1.034,7.79,0.12,48,1.061,12.32,0.14,0.3443223443223443,0.5333333333333333,False,False,False
engine200,138,Multi-Settlement FR Short (Filtered),0,0.0,0.0,0.0,0,0.0,0.0,0.0,0.0,0.0,False,False,False
engine200,139,FR 14d Z-Score Mean Reversion,14,3.773,228.93,1.6,5,0.597,-87.02,-0.46,0.05128205128205128,0.05555555555555555,False,False,False
engine200,140,High-FR Alt Short in Macro Bear,0,0.0,0.0,0.0,0,0.0,0.0,0.0,0.0,0.0,False,False,False
engine200,141,FR Zero-Cross Momentum Burst,25,2.317,172.51,1.58,5,0.264,-256.23,-1.06,0.09157509157509157,0.05555555555555555,False,False,False
engine200,142,FR Extreme Spike Decay Fade,0,0.0,0.0,0.0,0,0.0,0.0,0.0,0.0,0.0,False,False,False
engine200,143,FR-Discount Trend Following,102,0.84,-34.78,-0.65,31,1.069,20.67,0.14,0.37362637362637363,0.34444444444444444,False,False,False
engine200,144,FR Volatility-Normalized Stretch,28,0.666,-76.29,-0.67,17,0.224,-291.45,-2.36,0.10256410256410256,0.18888888888888888,False,False,False
engine200,145,FR Capitulation Rebound Long,0,0.0,0.0,0.0,0,0.0,0.0,0.0,0.0,0.0,False,False,False
engine200,146,FR Dislocation + ATR SL/TP,0,0.0,0.0,0.0,0,0.0,0.0,0.0,0.0,0.0,False,False,False
engine200,147,FR 5-Period Exhaustion Short,0,0.0,0.0,0.0,0,0.0,0.0,0.0,0.0,0.0,False,False,False
engine200,148,FR Trend-Aligned Carry Bias,20,0.583,-108.37,-0.94,8,0.177,-361.02,-1.9,0.07326007326007326,0.08888888888888889,False,False,False
engine200,149,FR Bullish Divergence at Lows,14,0.866,-27.51,-0.19,11,0.562,-146.48,-0.65,0.05128205128205128,0.12222222222222222,False,False,False
engine200,150,FR Extreme + 4h SuperTrend,15,0.378,-159.65,-1.54,9,0.124,-322.6,-2.28,0.054945054945054944,0.1,False,False,False
engine200,151,OI Surge + Price Breakout Follow,17,0.888,-36.92,-0.18,4,3.52,226.0,1.06,0.06227106227106227,0.044444444444444446,False,False,False
engine200,152,OI Absorption Coiled Spring Break,0,0.0,0.0,0.0,0,0.0,0.0,0.0,0.0,0.0,False,False,False
engine200,153,OI Collapse Cascade Continuation,3,0.098,-810.22,-0.86,1,999.0,43.89,43890178351.99,0.01098901098901099,0.011111111111111112,False,False,False
engine200,154,OI Flush Climax Snapback Long,0,0.0,0.0,0.0,0,0.0,0.0,0.0,0.0,0.0,False,False,False
engine200,155,OI 7d Expansion + Trend Consensus,39,0.776,-65.37,-0.61,12,2.224,175.06,0.97,0.14285714285714285,0.13333333333333333,False,False,False
engine200,156,OI Bearish Divergence at Highs,0,0.0,0.0,0.0,0,0.0,0.0,0.0,0.0,0.0,False,False,False
engine200,157,OI Bullish Accumulation at Lows,1,999.0,2344.84,2344841530730.1,0,0.0,0.0,0.0,0.003663003663003663,0.0,False,False,False
engine200,158,OI Build + Negative FR Squeeze,11,0.69,-99.64,-0.4,2,0.0,-709.66,-1.39,0.040293040293040296,0.022222222222222223,False,False,False
engine200,159,OI Build + Positive FR Long Squeeze,0,0.0,0.0,0.0,0,0.0,0.0,0.0,0.0,0.0,False,False,False
engine200,160,Post-Flush Stabilization Reclaim,9,1.913,134.72,0.68,4,3.434,154.26,0.88,0.03296703296703297,0.044444444444444446,False,False,False
engine200,161,Top-Trader + OI Joint Expansion,26,0.793,-49.19,-0.39,1,999.0,1191.8,1191799886001.64,0.09523809523809523,0.011111111111111112,False,False,False
engine200,162,OI Velocity Spike Follow,94,1.036,6.38,0.12,35,0.864,-30.87,-0.33,0.3443223443223443,0.3888888888888889,False,False,False
engine200,163,OI Breakout + Tight SL/TP,117,0.895,-17.49,-0.54,50,1.08,13.08,0.25,0.42857142857142855,0.5555555555555556,False,False,False
engine200,164,OI 7d ATH Rejection Short,8,0.969,-7.13,-0.03,1,999.0,1167.54,1167541008790.25,0.029304029304029304,0.011111111111111112,False,False,False
engine200,165,Fast 1h OI Flush Snapback,0,0.0,0.0,0.0,0,0.0,0.0,0.0,0.0,0.0,False,False,False
engine200,166,Coiled Spring Low-Vol OI Break,7,0.169,-134.62,-1.72,3,0.0,-492.51,-1.29,0.02564102564102564,0.03333333333333333,False,False,False
engine200,167,OI/Turnover Ratio Spike,103,0.693,-67.77,-1.42,29,0.906,-28.37,-0.2,0.3772893772893773,0.32222222222222224,False,False,False
engine200,168,Persistent 20h OI Inflow Trend,30,1.4,81.81,0.62,10,2.113,156.58,0.75,0.10989010989010989,0.1111111111111111,False,False,False
engine200,169,Post-Flush Bottom + Dynamic SL/TP,3,3.625,280.0,840000000000.0,0,0.0,0.0,0.0,0.01098901098901099,0.0,False,False,False
engine200,170,OI Mom + 4h SuperTrend Cross,40,0.536,-146.28,-1.46,10,1.011,3.44,0.01,0.14652014652014653,0.1111111111111111,False,False,False
engine200,171,MTF Fair Value Gap (FVG) Retest,28,2.942,210.29,2.09,5,4.147,95.07,1.01,0.10256410256410256,0.05555555555555555,False,False,False
engine200,172,Break of Structure (BOS) + 4h,137,0.758,-54.32,-1.23,38,1.25,66.74,0.54,0.5018315018315018,0.4222222222222222,False,False,False
engine200,173,Liquidity Sweep Judas Swing,55,0.533,-91.42,-1.78,11,0.468,-172.91,-0.84,0.20146520146520147,0.12222222222222222,False,False,False
engine200,174,PDH/PDL Sweep Reversal,190,0.892,-14.87,-0.53,47,0.445,-140.62,-1.95,0.6959706959706959,0.5222222222222223,False,False,False
engine200,175,EQH Liquidity Grab Breakout,4,1.693,169.76,0.36,1,999.0,1082.37,1082373728242.47,0.014652014652014652,0.011111111111111112,False,False,False
engine200,176,London Session Sweep Reclaim,29,0.71,-52.31,-0.73,5,0.996,-0.48,-0.0,0.10622710622710622,0.05555555555555555,False,False,False
engine200,177,Inside Bar Breakout + 4h Trend,156,0.747,-47.23,-1.38,59,1.122,22.76,0.31,0.5714285714285714,0.6555555555555556,False,False,False
engine200,178,Engulfing Bar + 4h Trend,128,1.138,23.24,0.53,44,1.301,50.78,0.69,0.46886446886446886,0.4888888888888889,False,False,False
engine200,179,Pin Bar Rejection at 50 EMA,38,1.055,6.74,0.14,8,0.396,-99.22,-0.91,0.1391941391941392,0.08888888888888889,False,False,False
engine200,180,Swing Failure Pattern (SFP) 48h,27,0.304,-144.38,-2.41,7,0.204,-271.12,-1.53,0.0989010989010989,0.07777777777777778,False,False,False
engine200,181,NR4 Volatility Expansion Break,207,0.89,-17.32,-0.61,70,0.981,-3.75,-0.06,0.7582417582417582,0.7777777777777778,False,False,False
engine200,182,Wide Range Bar Follow Through,13,0.105,-389.82,-2.5,3,1.946,233.08,0.37,0.047619047619047616,0.03333333333333333,False,False,False
engine200,183,Tight Box (<3%) Breakout,5,1.4,58.78,0.26,1,999.0,623.62,623620078065.17,0.018315018315018316,0.011111111111111112,False,False,False
engine200,184,3-Bar Higher Lows 4h Trend,69,1.1,18.98,0.3,24,0.512,-196.65,-1.3,0.25274725274725274,0.26666666666666666,False,False,False
engine200,185,Price Action Channel (PAC) Break,162,0.89,-22.93,-0.57,57,1.026,6.19,0.07,0.5934065934065934,0.6333333333333333,False,False,False
engine200,186,Extreme Wick Exhaustion Fade,43,1.219,22.64,0.45,11,1.128,27.77,0.14,0.1575091575091575,0.12222222222222222,False,False,False
engine200,187,Triangle Compression Breakout,12,0.81,-29.23,-0.29,5,0.295,-195.2,-0.99,0.04395604395604396,0.05555555555555555,False,False,False
engine200,188,FVG + Donchian Confluence,5,11.18,628.48,1.82,2,999.0,691.15,2.47,0.018315018315018316,0.022222222222222223,False,False,False
engine200,189,SFP Reversal + Dynamic SL/TP,14,0.957,-6.74,-0.07,7,2.37,158.57,1.05,0.05128205128205128,0.07777777777777778,False,False,False
engine200,190,24h Break + 4h ST + SL/TP,152,0.83,-34.29,-1.04,62,1.097,17.92,0.34,0.5567765567765568,0.6888888888888889,False,False,False
engine200,191,XS 24h Momentum Top/Bottom 10%,0,0.0,0.0,0.0,0,0.0,0.0,0.0,0.0,0.0,False,False,False
engine200,192,XS 7d Mom Leader Dip Buyer,0,0.0,0.0,0.0,0,0.0,0.0,0.0,0.0,0.0,False,False,False
engine200,193,XS Volume Share Surge Leaders,0,0.0,0.0,0.0,0,0.0,0.0,0.0,0.0,0.0,False,False,False
engine200,194,XS Vol-Adjusted Momentum Spread,0,0.0,0.0,0.0,0,0.0,0.0,0.0,0.0,0.0,False,False,False
engine200,195,XS Top-Trader LS Factor Spread,0,0.0,0.0,0.0,0,0.0,0.0,0.0,0.0,0.0,False,False,False
engine200,196,XS Funding Rate Carry Spread,0,0.0,0.0,0.0,0,0.0,0.0,0.0,0.0,0.0,False,False,False
engine200,197,XS Low-Volatility Anomaly,0,0.0,0.0,0.0,0,0.0,0.0,0.0,0.0,0.0,False,False,False
engine200,198,XS OI 24h Growth Spread,0,0.0,0.0,0.0,0,0.0,0.0,0.0,0.0,0.0,False,False,False
engine200,199,XS 24h Mean Reversion Spread,0,0.0,0.0,0.0,0,0.0,0.0,0.0,0.0,0.0,False,False,False
engine200,200,XS Price Acceleration Factor,0,0.0,0.0,0.0,0,0.0,0.0,0.0,0.0,0.0,False,False,False
engine200,201,XS Multi-Factor Composite Spread,0,0.0,0.0,0.0,0,0.0,0.0,0.0,0.0,0.0,False,False,False
engine200,202,XS Long-Only Mom in 1d Bull,0,0.0,0.0,0.0,0,0.0,0.0,0.0,0.0,0.0,False,False,False
engine200,203,XS Short-Only Laggards in 1d Bear,0,0.0,0.0,0.0,0,0.0,0.0,0.0,0.0,0.0,False,False,False
engine200,204,XS 48h Momentum 48h Rebalance,0,0.0,0.0,0.0,0,0.0,0.0,0.0,0.0,0.0,False,False,False
engine200,205,XS Turnover Velocity Factor,0,0.0,0.0,0.0,0,0.0,0.0,0.0,0.0,0.0,False,False,False
engine200,206,XS Low-Beta 7d Safe Havens,0,0.0,0.0,0.0,0,0.0,0.0,0.0,0.0,0.0,False,False,False
engine200,207,XS High-Beta Laggard Catch-Up,0,0.0,0.0,0.0,0,0.0,0.0,0.0,0.0,0.0,False,False,False
engine200,208,XS 24h Mom + SL/TP (3:6),0,0.0,0.0,0.0,0,0.0,0.0,0.0,0.0,0.0,False,False,False
engine200,209,XS Quintile Momentum Spread,0,0.0,0.0,0.0,0,0.0,0.0,0.0,0.0,0.0,False,False,False
engine200,210,XS Mom Filtered by BTC 4h Trend,0,0.0,0.0,0.0,0,0.0,0.0,0.0,0.0,0.0,False,False,False
engine200,211,BTC 4h Bull Gated Alt Breakout,93,0.705,-67.76,-1.28,25,1.67,132.33,0.99,0.34065934065934067,0.2777777777777778,False,False,False
engine200,212,BTC Low-Vol Calm Alt Breakout,136,0.735,-60.94,-1.36,37,1.489,112.37,0.95,0.4981684981684982,0.4111111111111111,False,False,False
engine200,213,BTC 24h Surge Alt Momentum Follow,30,0.719,-65.39,-0.68,9,2.292,180.46,0.99,0.10989010989010989,0.1,False,False,False
engine200,214,BTC 6% Overextension Alt Fade,1,999.0,538.02,538020803681.77,0,0.0,0.0,0.0,0.003663003663003663,0.0,False,False,False
engine200,215,ETH/BTC Altseason Breakout Gating,48,0.493,-146.35,-1.86,11,0.498,-156.35,-0.92,0.17582417582417584,0.12222222222222222,False,False,False
engine200,216,BTC Capitulation Spillover Snap,2,0.431,-111.25,-0.4,3,1.089,21.94,0.06,0.007326007326007326,0.03333333333333333,False,False,False
engine200,217,Alt Relative Strength in BTC Chop,36,1.284,52.45,0.55,7,1.485,83.33,0.38,0.13186813186813187,0.07777777777777778,False,False,False
engine200,218,Alt Relative Weakness Short,24,1.14,27.2,0.22,14,1.441,126.3,0.54,0.08791208791208792,0.15555555555555556,False,False,False
engine200,219,BTC FR Regime Transmission,30,1.017,3.49,0.03,8,1.125,37.54,0.13,0.10989010989010989,0.08888888888888889,False,False,False
engine200,220,Market Breadth Gated EMA Cross,162,0.874,-24.56,-0.65,51,1.037,7.85,0.1,0.5934065934065934,0.5666666666666667,False,False,False
engine200,221,Alt Market Breadth Thrust Follow,51,1.205,46.01,0.52,13,0.943,-19.28,-0.09,0.18681318681318682,0.14444444444444443,False,False,False
engine200,222,BTC Taker Flow Spillover Follow,48,1.974,85.08,1.71,13,1.196,39.25,0.24,0.17582417582417584,0.14444444444444443,False,False,False
engine200,223,BTC+Alt Dual SuperTrend Break,78,0.757,-60.17,-0.8,24,1.333,77.47,0.54,0.2857142857142857,0.26666666666666666,False,False,False
engine200,224,BTC Macro 100d Filter MA Cross,103,0.65,-74.88,-1.67,61,1.041,11.73,0.12,0.3772893772893773,0.6777777777777778,False,False,False
engine200,225,Beta-Residual Breakout Long,68,1.103,20.79,0.32,19,1.084,23.88,0.14,0.2490842490842491,0.2111111111111111,False,False,False
engine200,226,BTC Dump Rebound Leader,7,1.251,57.63,0.21,8,0.7,-134.59,-0.38,0.02564102564102564,0.08888888888888889,False,False,False
engine200,227,High Alt Dispersion Breakout,0,0.0,0.0,0.0,0,0.0,0.0,0.0,0.0,0.0,False,False,False
engine200,228,Weekend Alt Momentum Breakout,40,1.313,66.39,0.65,11,2.768,250.1,1.43,0.14652014652014653,0.12222222222222222,False,False,False
engine200,229,BTC OI Inflow Alt Breakout,13,1.036,9.26,0.05,0,0.0,0.0,0.0,0.047619047619047616,0.0,False,False,False
engine200,230,BTC Bull + Alt Break + SL/TP,14,0.789,-42.24,-0.45,0,0.0,0.0,0.0,0.05128205128205128,0.0,False,False,False
engine200,231,Hybrid: Taker Surge+ATR+BTC Bull,1,999.0,478.59,478586130639.12,0,0.0,0.0,0.0,0.003663003663003663,0.0,False,False,False
engine200,232,Hybrid: TT Long+Vol+4h Break,20,1.167,38.11,0.28,0,0.0,0.0,0.0,0.07326007326007326,0.0,False,False,False
engine200,233,Hybrid: 1d Bull+FR Discount+Break,20,1.128,32.16,0.21,8,0.65,-73.54,-0.5,0.07326007326007326,0.08888888888888889,False,False,False
engine200,234,Hybrid: OI Flush+TT Rebound,1,999.0,2339.79,2339788516415.81,0,0.0,0.0,0.0,0.003663003663003663,0.0,False,False,False
engine200,235,Hybrid: FVG+4h ST+Low FR,28,1.525,85.87,0.83,5,1.424,38.65,0.31,0.10256410256410256,0.05555555555555555,False,False,False
engine200,236,Hybrid: XS Leader 20-EMA Dip Reclaim,12,6.454,327.17,2.44,3,1.368,87.19,0.19,0.04395604395604396,0.03333333333333333,False,False,False
engine200,237,Hybrid: Short Squeeze Triple Trigger,5,0.94,-15.88,-0.05,0,0.0,0.0,0.0,0.018315018315018316,0.0,False,False,False
engine200,238,Hybrid: Trend Dip + Dynamic SL/TP,0,0.0,0.0,0.0,3,0.889,-20.0,-0.06,0.0,0.03333333333333333,False,False,False
engine200,239,Hybrid: Vol + OI Dual Confirmation,19,1.433,106.39,0.58,3,999.0,636.45,2.85,0.0695970695970696,0.03333333333333333,False,False,False
engine200,240,Hybrid: CMF Flow + 4h ST Cross,47,0.815,-39.15,-0.51,19,0.628,-101.56,-0.8,0.17216117216117216,0.2111111111111111,False,False,False
engine200,241,Hybrid: Keltner Break + ADX>25,149,0.829,-37.53,-0.87,48,1.405,95.6,0.94,0.5457875457875457,0.5333333333333333,False,False,False
engine200,242,Hybrid: Smart Money Long Divergence,21,0.785,-40.58,-0.42,0,0.0,0.0,0.0,0.07692307692307693,0.0,False,False,False
engine200,243,Hybrid: High-Beta Alt + BTC Protection,37,0.907,-20.6,-0.22,8,0.726,-90.31,-0.35,0.13553113553113552,0.08888888888888889,False,False,False
engine200,244,Hybrid: Donchian + ATR SL/TP (2:4),89,0.762,-36.02,-1.18,24,0.711,-45.0,-0.74,0.326007326007326,0.26666666666666666,False,False,False
engine200,245,Hybrid: 3-of-4 Confluence Consensus,119,0.727,-61.98,-1.3,31,1.022,5.98,0.05,0.4358974358974359,0.34444444444444444,False,False,False
engine200,246,Hybrid: Multi-Factor Composite >=4.0,102,0.985,-2.94,-0.05,17,0.89,-21.16,-0.18,0.37362637362637363,0.18888888888888888,False,False,False
engine200,247,Hybrid: Multi-Factor + BTC Bull Gate,69,0.89,-21.4,-0.35,8,0.189,-278.85,-1.69,0.25274725274725274,0.08888888888888889,False,False,False
engine200,248,Hybrid: Regime-Switching Dual Arm,78,0.911,-17.04,-0.31,19,1.212,41.34,0.25,0.2857142857142857,0.2111111111111111,False,False,False
engine200,249,Hybrid: Conviction Breakout + SL/TP,1,0.0,-270.0,-270000000000.0,0,0.0,0.0,0.0,0.003663003663003663,0.0,False,False,False
engine200,250,Master MTF 1d/4h/1h Consensus,40,0.792,-43.15,-0.52,16,2.237,181.8,1.26,0.14652014652014653,0.17777777777777778,False,False,False
engine200,251,DualSq 1.5x Keltner mult=1.0 H=12,30,1.901,75.77,1.12,7,0.415,-139.9,-0.87,0.10989010989010989,0.07777777777777778,False,False,False
engine200,252,DualSq 1.5x Keltner mult=1.0 H=24,28,1.143,24.15,0.27,6,2.212,234.27,0.72,0.10256410256410256,0.06666666666666667,False,False,False
engine200,253,DualSq 1.5x Keltner mult=1.0 H=36,27,1.141,28.23,0.27,6,1.1,32.36,0.1,0.0989010989010989,0.06666666666666667,False,False,False
engine200,254,DualSq 1.5x Keltner mult=1.25 H=12,23,1.597,64.38,0.7,6,0.47,-130.74,-0.69,0.08424908424908426,0.06666666666666667,False,False,False
engine200,255,DualSq 1.5x Keltner mult=1.25 H=24,23,0.973,-4.97,-0.05,6,1.994,213.08,0.64,0.08424908424908426,0.06666666666666667,False,False,False
engine200,256,DualSq 1.5x Keltner mult=1.25 H=36,22,0.978,-5.01,-0.04,6,1.19,56.79,0.18,0.08058608058608059,0.06666666666666667,False,False,False
engine200,257,DualSq 1.5x Keltner mult=1.5 H=12,15,3.666,126.99,1.55,6,0.528,-116.41,-0.59,0.054945054945054944,0.06666666666666667,False,False,False
engine200,258,DualSq 1.5x Keltner mult=1.5 H=24,15,1.084,13.0,0.13,6,1.974,208.9,0.63,0.054945054945054944,0.06666666666666667,False,False,False
engine200,259,DualSq 1.5x Keltner mult=1.5 H=36,15,1.056,8.91,0.09,6,1.209,62.41,0.2,0.054945054945054944,0.06666666666666667,False,False,False
engine200,260,DualSq 1.5x Keltner mult=1.75 H=12,9,20.666,220.73,1.96,1,0.0,-186.54,-186541152678.04,0.03296703296703297,0.011111111111111112,False,False,False
engine200,261,DualSq 1.5x Keltner mult=1.75 H=24,9,1.289,35.77,0.28,1,0.0,-541.64,-541635252813.46,0.03296703296703297,0.011111111111111112,False,False,False
engine200,262,DualSq 1.5x Keltner mult=1.75 H=36,9,1.069,10.21,0.09,1,0.0,-730.19,-730189084172.15,0.03296703296703297,0.011111111111111112,False,False,False
engine200,263,DualSq 1.5x Keltner mult=2.0 H=12,5,5.406,241.8,1.08,1,0.0,-186.54,-186541152678.04,0.018315018315018316,0.011111111111111112,False,False,False
engine200,264,DualSq 1.5x Keltner mult=2.0 H=24,5,0.758,-46.01,-0.24,1,0.0,-541.64,-541635252813.46,0.018315018315018316,0.011111111111111112,False,False,False
engine200,265,DualSq 1.5x Keltner mult=2.0 H=36,5,0.811,-32.48,-0.2,1,0.0,-730.19,-730189084172.15,0.018315018315018316,0.011111111111111112,False,False,False
engine200,266,DualSq + 4h 50EMA Bull H=18,8,0.165,-140.41,-1.74,5,0.702,-93.14,-0.33,0.029304029304029304,0.05555555555555555,False,False,False
engine200,267,DualSq + 4h 50EMA Bull H=24,8,0.032,-242.58,-3.45,5,1.671,172.62,0.43,0.029304029304029304,0.05555555555555555,False,False,False
engine200,268,DualSq + 1d 100SMA Bull H=18,7,1.018,2.47,0.02,3,0.392,-186.97,-0.59,0.02564102564102564,0.03333333333333333,False,False,False
engine200,269,DualSq + 1d 100SMA Bull H=24,7,0.424,-132.2,-0.91,3,0.522,-182.9,-0.47,0.02564102564102564,0.03333333333333333,False,False,False
engine200,270,DualSq + BTC 4h Bull Gate H=18,8,1.055,5.86,0.06,4,0.232,-300.01,-1.2,0.029304029304029304,0.044444444444444446,False,False,False
engine200,271,DualSq + BTC 4h Bull Gate H=24,8,0.441,-100.41,-0.9,4,0.465,-172.06,-0.62,0.029304029304029304,0.044444444444444446,False,False,False
engine200,272,DualSq + Dual 4h + BTC Bull Gate H=18,7,0.916,-5.63,-0.09,5,0.702,-93.14,-0.33,0.02564102564102564,0.05555555555555555,False,False,False
engine200,273,DualSq + Dual 4h + BTC Bull Gate H=24,7,0.053,-160.65,-2.42,5,1.671,172.62,0.43,0.02564102564102564,0.05555555555555555,False,False,False
engine200,274,DualSq + 1d+4h Macro Bull H=18,9,1.091,9.87,0.09,5,0.702,-93.14,-0.33,0.03296703296703297,0.05555555555555555,False,False,False
engine200,275,DualSq + 1d+4h Macro Bull H=24,9,0.459,-97.55,-0.86,5,1.671,172.62,0.43,0.03296703296703297,0.05555555555555555,False,False,False
engine200,276,DualSq + Vol>1.2x H=18,14,1.732,74.33,0.83,5,0.758,-75.5,-0.26,0.05128205128205128,0.05555555555555555,False,False,False
engine200,277,DualSq + Vol>1.2x H=24,14,1.348,46.25,0.44,5,1.509,130.97,0.33,0.05128205128205128,0.05555555555555555,False,False,False
engine200,278,DualSq + Vol>1.5x H=18,12,1.345,40.83,0.41,4,0.47,-206.94,-0.62,0.04395604395604396,0.044444444444444446,False,False,False
engine200,279,DualSq + Vol>1.5x H=24,12,1.271,37.62,0.32,4,1.206,66.14,0.13,0.04395604395604396,0.044444444444444446,False,False,False
engine200,280,DualSq + Vol>2.0x H=18,9,5.224,171.66,1.79,2,0.0,-461.49,-1.72,0.03296703296703297,0.022222222222222223,False,False,False
engine200,281,DualSq + Vol>2.0x H=24,9,3.863,168.63,1.36,2,0.0,-573.61,-17.94,0.03296703296703297,0.022222222222222223,False,False,False
engine200,282,DualSq + Vol>2.5x H=18,6,4.644,221.08,1.56,1,0.0,-193.2,-193202233088.32,0.02197802197802198,0.011111111111111112,False,False,False
engine200,283,DualSq + Vol>2.5x H=24,6,3.76,236.56,1.28,1,0.0,-541.64,-541635252813.46,0.02197802197802198,0.011111111111111112,False,False,False
engine200,284,DualSq + Vol>3.0x H=18,5,5.786,279.67,1.76,1,0.0,-193.2,-193202233088.32,0.018315018315018316,0.011111111111111112,False,False,False
engine200,285,DualSq + Vol>3.0x H=24,5,5.71,318.98,1.57,1,0.0,-541.64,-541635252813.46,0.018315018315018316,0.011111111111111112,False,False,False
engine200,286,DualSq + Taker>55% H=18,7,1.582,52.66,0.43,5,1.676,124.74,0.48,0.02564102564102564,0.05555555555555555,False,False,False
engine200,287,DualSq + Taker>55% H=24,7,1.481,57.84,0.4,5,2.214,278.58,0.7,0.02564102564102564,0.05555555555555555,False,False,False
engine200,288,DualSq + Taker>60% H=18,2,1.179,40.24,0.08,1,999.0,450.26,450259560946.37,0.007326007326007326,0.011111111111111112,False,False,False
engine200,289,DualSq + Taker>60% H=24,2,1.612,101.18,0.23,1,999.0,390.3,390295640932.14,0.007326007326007326,0.011111111111111112,False,False,False
engine200,290,DualSq + Taker>65% H=18,0,0.0,0.0,0.0,0,0.0,0.0,0.0,0.0,0.0,False,False,False
engine200,291,DualSq + Taker>65% H=24,0,0.0,0.0,0.0,0,0.0,0.0,0.0,0.0,0.0,False,False,False
engine200,292,DualSq + Taker>70% H=18,0,0.0,0.0,0.0,0,0.0,0.0,0.0,0.0,0.0,False,False,False
engine200,293,DualSq + Taker>70% H=24,0,0.0,0.0,0.0,0,0.0,0.0,0.0,0.0,0.0,False,False,False
engine200,294,DualSq + Taker>75% H=18,0,0.0,0.0,0.0,0,0.0,0.0,0.0,0.0,0.0,False,False,False
engine200,295,DualSq + Taker>75% H=24,0,0.0,0.0,0.0,0,0.0,0.0,0.0,0.0,0.0,False,False,False
engine200,296,BBW LB=168 pinch=1.05 Break,9,0.951,-11.13,-0.06,4,0.31,-192.31,-0.91,0.03296703296703297,0.044444444444444446,False,False,False
engine200,297,BBW LB=168 pinch=1.15 Break,18,0.984,-3.11,-0.03,8,0.48,-160.54,-0.81,0.06593406593406594,0.08888888888888889,False,False,False
engine200,298,BBW LB=168 pinch=1.25 Break,20,1.495,86.7,0.66,9,0.431,-173.92,-0.99,0.07326007326007326,0.1,False,False,False
engine200,299,BBW LB=336 pinch=1.05 Break,7,0.839,-46.03,-0.18,1,0.0,-573.15,-573147319858.2,0.02564102564102564,0.011111111111111112,False,False,False
engine200,300,BBW LB=336 pinch=1.15 Break,11,1.15,30.29,0.18,6,0.764,-89.85,-0.28,0.040293040293040296,0.06666666666666667,False,False,False
engine200,301,BBW LB=336 pinch=1.25 Break,13,1.523,107.8,0.58,7,0.424,-203.21,-0.91,0.047619047619047616,0.07777777777777778,False,False,False
engine200,302,BBW LB=720 pinch=1.05 Break,2,0.065,-458.0,-0.88,1,0.0,-573.15,-573147319858.2,0.007326007326007326,0.011111111111111112,False,False,False
engine200,303,BBW LB=720 pinch=1.15 Break,3,0.603,-129.63,-0.29,3,0.547,-231.97,-0.42,0.01098901098901099,0.03333333333333333,False,False,False
engine200,304,BBW LB=720 pinch=1.25 Break,3,0.603,-129.63,-0.29,5,0.371,-285.23,-0.93,0.01098901098901099,0.05555555555555555,False,False,False
engine200,305,BBW Compression Variant 305,3,0.558,-187.47,-0.33,5,0.269,-295.11,-1.17,0.01098901098901099,0.05555555555555555,False,False,False
engine200,306,ATR Ratio 14/72 <0.65 Break,0,0.0,0.0,0.0,0,0.0,0.0,0.0,0.0,0.0,False,False,False
engine200,307,ATR Ratio 14/72 <0.7 Break,1,0.0,-526.13,-526130818349.13,1,999.0,466.8,466801914433.44,0.003663003663003663,0.011111111111111112,False,False,False
engine200,308,ATR Ratio 14/72 <0.75 Break,5,0.343,-256.38,-0.96,2,999.0,774.59,2.52,0.018315018315018316,0.022222222222222223,False,False,False
engine200,309,ATR Ratio 14/72 <0.8 Break,7,0.611,-109.49,-0.48,4,5.064,360.88,1.2,0.02564102564102564,0.044444444444444446,False,False,False
engine200,310,ATR Ratio 14/72 <0.85 Break,10,0.334,-192.13,-1.23,6,0.735,-77.7,-0.29,0.03663003663003663,0.06666666666666667,False,False,False
engine200,311,ATR Ratio 14/168 <0.65 Break,0,0.0,0.0,0.0,1,999.0,207.35,207354917061.22,0.0,0.011111111111111112,False,False,False
engine200,312,ATR Ratio 14/168 <0.7 Break,7,0.08,-309.4,-1.98,3,1.308,84.92,0.17,0.02564102564102564,0.03333333333333333,False,False,False
engine200,313,ATR Ratio 14/168 <0.75 Break,6,0.113,-423.96,-1.99,5,2.905,307.63,0.91,0.02197802197802198,0.05555555555555555,False,False,False
engine200,314,ATR Ratio 14/168 <0.8 Break,12,0.264,-264.61,-1.87,9,0.903,-28.04,-0.12,0.04395604395604396,0.1,False,False,False
engine200,315,ATR Ratio 14/168 <0.85 Break,14,0.743,-63.92,-0.46,11,1.142,40.2,0.19,0.05128205128205128,0.12222222222222222,False,False,False
engine200,316,HV12 Pinch exp=1.2x Break,36,1.296,42.48,0.57,15,0.173,-345.35,-2.1,0.13186813186813187,0.16666666666666666,False,False,False
engine200,317,HV12 Pinch exp=1.4x Break,10,1.113,11.74,0.13,5,0.0,-616.09,-4.04,0.03663003663003663,0.05555555555555555,False,False,False
engine200,318,HV12 Pinch exp=1.6x Break,4,0.279,-186.84,-1.04,3,0.0,-399.06,-2.94,0.014652014652014652,0.03333333333333333,False,False,False
engine200,319,HV24 Pinch exp=1.2x Break,9,0.164,-309.33,-2.33,8,0.484,-207.09,-0.9,0.03296703296703297,0.08888888888888889,False,False,False
engine200,320,HV24 Pinch exp=1.4x Break,3,0.0,-564.64,-4.52,2,2.003,271.62,0.33,0.01098901098901099,0.022222222222222223,False,False,False
engine200,321,HV24 Pinch exp=1.6x Break,2,0.0,-583.9,-2.73,2,2.003,271.62,0.33,0.007326007326007326,0.022222222222222223,False,False,False
engine200,322,HV48 Pinch exp=1.2x Break,7,0.663,-113.31,-0.46,5,1.401,124.15,0.31,0.02564102564102564,0.05555555555555555,False,False,False
engine200,323,HV48 Pinch exp=1.4x Break,2,1.108,42.89,0.05,3,1.08,26.67,0.05,0.007326007326007326,0.03333333333333333,False,False,False
engine200,324,HV48 Pinch exp=1.6x Break,1,999.0,883.26,883264889571.09,1,999.0,1084.88,1084882672495.0,0.003663003663003663,0.011111111111111112,False,False,False
engine200,325,HV Variant 325,1,999.0,410.27,410271537295.04,1,999.0,1409.01,1409008682625.74,0.003663003663003663,0.011111111111111112,False,False,False
engine200,326,CHOP<32 Momentum Cross H=18,1,0.0,-506.54,-506539705176.98,0,0.0,0.0,0.0,0.003663003663003663,0.0,False,False,False
engine200,327,CHOP<32 Momentum Cross H=24,1,0.0,-370.31,-370308117540.93,0,0.0,0.0,0.0,0.003663003663003663,0.0,False,False,False
engine200,328,CHOP<35 Momentum Cross H=18,2,0.0,-468.17,-12.2,0,0.0,0.0,0.0,0.007326007326007326,0.0,False,False,False
engine200,329,CHOP<35 Momentum Cross H=24,2,0.0,-475.89,-4.51,0,0.0,0.0,0.0,0.007326007326007326,0.0,False,False,False
engine200,330,CHOP<38 Momentum Cross H=18,2,0.0,-468.17,-12.2,0,0.0,0.0,0.0,0.007326007326007326,0.0,False,False,False
engine200,331,CHOP<38 Momentum Cross H=24,2,0.0,-475.89,-4.51,0,0.0,0.0,0.0,0.007326007326007326,0.0,False,False,False
engine200,332,CHOP<40 Momentum Cross H=18,8,0.106,-366.64,-2.74,0,0.0,0.0,0.0,0.029304029304029304,0.0,False,False,False
engine200,333,CHOP<40 Momentum Cross H=24,8,0.114,-427.55,-2.4,0,0.0,0.0,0.0,0.029304029304029304,0.0,False,False,False
engine200,334,CHOP<42 Momentum Cross H=18,15,0.326,-191.0,-1.85,5,0.58,-82.51,-0.42,0.054945054945054944,0.05555555555555555,False,False,False
engine200,335,CHOP<42 Momentum Cross H=24,15,0.207,-292.55,-2.49,5,0.18,-230.53,-1.49,0.054945054945054944,0.05555555555555555,False,False,False
engine200,336,DualSq SL=1.5% TP=3.0% H=24,15,1.703,55.79,0.96,8,1.647,55.0,0.56,0.054945054945054944,0.08888888888888889,False,False,False
engine200,337,DualSq SL=1.5% TP=3.0% H=36,15,1.441,40.0,0.67,8,1.647,55.0,0.56,0.054945054945054944,0.08888888888888889,False,False,False
engine200,338,DualSq SL=2.0% TP=4.0% H=24,15,0.834,-21.98,-0.32,8,1.727,80.0,0.62,0.054945054945054944,0.08888888888888889,False,False,False
engine200,339,DualSq SL=2.0% TP=4.0% H=36,15,0.864,-20.0,-0.26,8,1.727,80.0,0.62,0.054945054945054944,0.08888888888888889,False,False,False
engine200,340,DualSq SL=2.5% TP=5.0% H=24,15,1.368,43.9,0.52,7,2.37,158.57,0.97,0.054945054945054944,0.07777777777777778,False,False,False
engine200,341,DualSq SL=2.5% TP=5.0% H=36,15,1.464,66.88,0.69,7,2.37,158.57,0.97,0.054945054945054944,0.07777777777777778,False,False,False
engine200,342,DualSq SL=3.0% TP=6.0% H=24,15,1.397,53.9,0.55,7,1.211,38.61,0.21,0.054945054945054944,0.07777777777777778,False,False,False
engine200,343,DualSq SL=3.0% TP=6.0% H=36,15,1.455,75.37,0.67,7,1.359,65.71,0.33,0.054945054945054944,0.07777777777777778,False,False,False
engine200,344,DualSq SL=3.5% TP=7.0% H=24,15,1.419,63.9,0.56,6,1.577,106.72,0.49,0.054945054945054944,0.06666666666666667,False,False,False
engine200,345,DualSq SL=3.5% TP=7.0% H=36,15,1.412,71.92,0.6,6,1.789,145.92,0.63,0.054945054945054944,0.06666666666666667,False,False,False
engine200,346,Squeeze False Break Fade H=12,253,0.843,-23.3,-1.02,79,0.768,-45.54,-0.91,0.9267399267399268,0.8777777777777778,False,False,False
engine200,347,Squeeze False Break Fade H=18,207,0.805,-37.65,-1.17,67,0.776,-55.55,-0.83,0.7582417582417582,0.7444444444444445,False,False,False
engine200,348,Squeeze False Break Fade H=24,167,0.808,-39.81,-1.0,56,0.632,-101.6,-1.22,0.6117216117216118,0.6222222222222222,False,False,False
engine200,349,Squeeze False Break Fade H=30,150,1.058,12.23,0.26,44,0.741,-76.78,-0.71,0.5494505494505495,0.4888888888888889,False,False,False
engine200,350,Squeeze False Break Fade H=36,134,1.009,2.5,0.04,43,0.872,-41.08,-0.35,0.4908424908424908,0.4777777777777778,False,False,False
engine200,351,Taker Persist 2b >57% H=18,99,0.565,-99.57,-2.2,7,1.171,34.1,0.17,0.3626373626373626,0.07777777777777778,False,False,False
engine200,352,Taker Persist 2b >57% H=24,90,0.665,-86.58,-1.49,6,14.623,551.72,2.09,0.32967032967032966,0.06666666666666667,False,False,False
engine200,353,Taker Persist 2b >62% H=18,30,1.139,22.94,0.28,1,999.0,229.79,229788767024.4,0.10989010989010989,0.011111111111111112,False,False,False
engine200,354,Taker Persist 2b >62% H=24,29,0.898,-22.06,-0.23,1,999.0,364.5,364500189034.06,0.10622710622710622,0.011111111111111112,False,False,False
engine200,355,Taker Persist 2b >66% H=18,5,0.811,-10.48,-0.17,0,0.0,0.0,0.0,0.018315018315018316,0.0,False,False,False
engine200,356,Taker Persist 2b >66% H=24,5,0.388,-128.82,-0.6,0,0.0,0.0,0.0,0.018315018315018316,0.0,False,False,False
engine200,357,Taker Persist 3b >57% H=18,25,0.883,-23.42,-0.23,0,0.0,0.0,0.0,0.09157509157509157,0.0,False,False,False
engine200,358,Taker Persist 3b >57% H=24,25,0.724,-77.53,-0.63,0,0.0,0.0,0.0,0.09157509157509157,0.0,False,False,False
engine200,359,Taker Persist 3b >62% H=18,6,1.003,0.36,0.0,0,0.0,0.0,0.0,0.02197802197802198,0.0,False,False,False
engine200,360,Taker Persist 3b >62% H=24,6,0.331,-152.87,-1.04,0,0.0,0.0,0.0,0.02197802197802198,0.0,False,False,False
engine200,361,Taker Persist 3b >66% H=18,0,0.0,0.0,0.0,0,0.0,0.0,0.0,0.0,0.0,False,False,False
engine200,362,Taker Persist 3b >66% H=24,0,0.0,0.0,0.0,0,0.0,0.0,0.0,0.0,0.0,False,False,False
engine200,363,Taker Persist 4b >57% H=18,7,2.744,73.67,1.18,0,0.0,0.0,0.0,0.02564102564102564,0.0,False,False,False
engine200,364,Taker Persist 4b >57% H=24,7,2.919,82.82,1.02,0,0.0,0.0,0.0,0.02564102564102564,0.0,False,False,False
engine200,365,Taker Persist 4b >62% H=18,0,0.0,0.0,0.0,0,0.0,0.0,0.0,0.0,0.0,False,False,False
engine200,366,Taker Surge QV>2.0x at Level H=12,14,0.271,-178.37,-1.8,2,999.0,130.77,1.17,0.05128205128205128,0.022222222222222223,False,False,False
engine200,367,Taker Surge QV>2.0x at Level H=18,14,0.851,-28.08,-0.21,2,999.0,263.38,2.88,0.05128205128205128,0.022222222222222223,False,False,False
engine200,368,Taker Surge QV>2.0x at Level H=24,14,1.593,125.79,0.54,2,999.0,475.27,1.11,0.05128205128205128,0.022222222222222223,False,False,False
engine200,369,Taker Surge QV>3.0x at Level H=12,5,0.051,-295.85,-2.49,0,0.0,0.0,0.0,0.018315018315018316,0.0,False,False,False
engine200,370,Taker Surge QV>3.0x at Level H=18,5,1.401,83.7,0.26,0,0.0,0.0,0.0,0.018315018315018316,0.0,False,False,False
engine200,371,Taker Surge QV>3.0x at Level H=24,5,2.146,261.08,0.48,0,0.0,0.0,0.0,0.018315018315018316,0.0,False,False,False
engine200,372,Taker Surge QV>4.0x at Level H=12,3,0.0,-352.12,-2.88,0,0.0,0.0,0.0,0.01098901098901099,0.0,False,False,False
engine200,373,Taker Surge QV>4.0x at Level H=18,3,0.31,-142.95,-0.71,0,0.0,0.0,0.0,0.01098901098901099,0.0,False,False,False
engine200,374,Taker Surge QV>4.0x at Level H=24,3,0.046,-194.82,-1.66,0,0.0,0.0,0.0,0.01098901098901099,0.0,False,False,False
engine200,375,Level Taker Surge Variant 375,3,0.046,-194.82,-1.66,0,0.0,0.0,0.0,0.01098901098901099,0.0,False,False,False
engine200,376,Level Taker Surge Variant 376,3,0.046,-194.82,-1.66,0,0.0,0.0,0.0,0.01098901098901099,0.0,False,False,False
engine200,377,Level Taker Surge Variant 377,3,0.046,-194.82,-1.66,0,0.0,0.0,0.0,0.01098901098901099,0.0,False,False,False
engine200,378,Level Taker Surge Variant 378,3,0.046,-194.82,-1.66,0,0.0,0.0,0.0,0.01098901098901099,0.0,False,False,False
engine200,379,Level Taker Surge Variant 379,3,0.046,-194.82,-1.66,0,0.0,0.0,0.0,0.01098901098901099,0.0,False,False,False
engine200,380,Level Taker Surge Variant 380,3,0.046,-194.82,-1.66,0,0.0,0.0,0.0,0.01098901098901099,0.0,False,False,False
engine200,381,Inst Block QV>2.0x Cnt<0.7x H=18,0,0.0,0.0,0.0,0,0.0,0.0,0.0,0.0,0.0,False,False,False
engine200,382,Inst Block QV>2.0x Cnt<0.7x H=24,0,0.0,0.0,0.0,0,0.0,0.0,0.0,0.0,0.0,False,False,False
engine200,383,Inst Block QV>2.0x Cnt<0.8x H=18,0,0.0,0.0,0.0,0,0.0,0.0,0.0,0.0,0.0,False,False,False
engine200,384,Inst Block QV>2.0x Cnt<0.8x H=24,0,0.0,0.0,0.0,0,0.0,0.0,0.0,0.0,0.0,False,False,False
engine200,385,Inst Block QV>2.0x Cnt<0.9x H=18,0,0.0,0.0,0.0,0,0.0,0.0,0.0,0.0,0.0,False,False,False
engine200,386,Inst Block QV>2.0x Cnt<0.9x H=24,0,0.0,0.0,0.0,0,0.0,0.0,0.0,0.0,0.0,False,False,False
engine200,387,Inst Block QV>2.5x Cnt<0.7x H=18,0,0.0,0.0,0.0,0,0.0,0.0,0.0,0.0,0.0,False,False,False
engine200,388,Inst Block QV>2.5x Cnt<0.7x H=24,0,0.0,0.0,0.0,0,0.0,0.0,0.0,0.0,0.0,False,False,False
engine200,389,Inst Block QV>2.5x Cnt<0.8x H=18,0,0.0,0.0,0.0,0,0.0,0.0,0.0,0.0,0.0,False,False,False
engine200,390,Inst Block QV>2.5x Cnt<0.8x H=24,0,0.0,0.0,0.0,0,0.0,0.0,0.0,0.0,0.0,False,False,False
engine200,391,Inst Block QV>2.5x Cnt<0.9x H=18,0,0.0,0.0,0.0,0,0.0,0.0,0.0,0.0,0.0,False,False,False
engine200,392,Inst Block QV>2.5x Cnt<0.9x H=24,0,0.0,0.0,0.0,0,0.0,0.0,0.0,0.0,0.0,False,False,False
engine200,393,Inst Block QV>3.0x Cnt<0.7x H=18,0,0.0,0.0,0.0,0,0.0,0.0,0.0,0.0,0.0,False,False,False
engine200,394,Inst Block QV>3.0x Cnt<0.7x H=24,0,0.0,0.0,0.0,0,0.0,0.0,0.0,0.0,0.0,False,False,False
engine200,395,Inst Block QV>3.0x Cnt<0.8x H=18,0,0.0,0.0,0.0,0,0.0,0.0,0.0,0.0,0.0,False,False,False
engine200,396,Retail FOMO Fade Cnt>2.5x H=12,0,0.0,0.0,0.0,0,0.0,0.0,0.0,0.0,0.0,False,False,False
engine200,397,Retail FOMO Fade Cnt>2.5x H=18,0,0.0,0.0,0.0,0,0.0,0.0,0.0,0.0,0.0,False,False,False
engine200,398,Retail FOMO Fade Cnt>2.5x H=12,0,0.0,0.0,0.0,0,0.0,0.0,0.0,0.0,0.0,False,False,False
engine200,399,Retail FOMO Fade Cnt>2.5x H=18,0,0.0,0.0,0.0,0,0.0,0.0,0.0,0.0,0.0,False,False,False
engine200,400,Retail FOMO Fade Cnt>2.5x H=12,0,0.0,0.0,0.0,0,0.0,0.0,0.0,0.0,0.0,False,False,False
engine200,401,Retail FOMO Fade Cnt>2.5x H=18,0,0.0,0.0,0.0,0,0.0,0.0,0.0,0.0,0.0,False,False,False
engine200,402,Retail FOMO Fade Cnt>3.0x H=12,0,0.0,0.0,0.0,0,0.0,0.0,0.0,0.0,0.0,False,False,False
engine200,403,Retail FOMO Fade Cnt>3.0x H=18,0,0.0,0.0,0.0,0,0.0,0.0,0.0,0.0,0.0,False,False,False
engine200,404,Retail FOMO Fade Cnt>3.0x H=12,0,0.0,0.0,0.0,0,0.0,0.0,0.0,0.0,0.0,False,False,False
engine200,405,Retail FOMO Fade Cnt>3.0x H=18,0,0.0,0.0,0.0,0,0.0,0.0,0.0,0.0,0.0,False,False,False
engine200,406,Retail FOMO Fade Cnt>3.0x H=12,0,0.0,0.0,0.0,0,0.0,0.0,0.0,0.0,0.0,False,False,False
engine200,407,Retail FOMO Fade Cnt>3.0x H=18,0,0.0,0.0,0.0,0,0.0,0.0,0.0,0.0,0.0,False,False,False
engine200,408,Retail FOMO Fade Cnt>4.0x H=12,0,0.0,0.0,0.0,0,0.0,0.0,0.0,0.0,0.0,False,False,False
engine200,409,Retail FOMO Fade Cnt>4.0x H=18,0,0.0,0.0,0.0,0,0.0,0.0,0.0,0.0,0.0,False,False,False
engine200,410,Retail FOMO Fade Cnt>4.0x H=12,0,0.0,0.0,0.0,0,0.0,0.0,0.0,0.0,0.0,False,False,False
engine200,411,Taker Absorb dip<-2% tr>60% H=12,20,1.941,96.1,1.2,4,0.293,-115.59,-1.08,0.07326007326007326,0.044444444444444446,False,False,False
engine200,412,Taker Absorb dip<-2% tr>60% H=18,20,1.513,86.03,0.73,4,0.537,-84.94,-0.47,0.07326007326007326,0.044444444444444446,False,False,False
engine200,413,Taker Absorb dip<-2% tr>65% H=12,6,0.569,-67.27,-0.54,0,0.0,0.0,0.0,0.02197802197802198,0.0,False,False,False
engine200,414,Taker Absorb dip<-2% tr>65% H=18,6,0.274,-257.41,-1.15,0,0.0,0.0,0.0,0.02197802197802198,0.0,False,False,False
engine200,415,Taker Absorb dip<-2% tr>70% H=12,1,0.0,-127.11,-127106172180.27,0,0.0,0.0,0.0,0.003663003663003663,0.0,False,False,False
engine200,416,Taker Absorb dip<-2% tr>70% H=18,1,0.0,-1033.39,-1033388684028.42,0,0.0,0.0,0.0,0.003663003663003663,0.0,False,False,False
engine200,417,Taker Absorb dip<-3% tr>60% H=12,5,2.077,101.27,0.67,0,0.0,0.0,0.0,0.018315018315018316,0.0,False,False,False
engine200,418,Taker Absorb dip<-3% tr>60% H=18,5,16.198,233.08,1.88,0,0.0,0.0,0.0,0.018315018315018316,0.0,False,False,False
engine200,419,Taker Absorb dip<-3% tr>65% H=12,1,999.0,418.83,418827492449.48,0,0.0,0.0,0.0,0.003663003663003663,0.0,False,False,False
engine200,420,Taker Absorb dip<-3% tr>65% H=18,1,999.0,582.63,582628816230.41,0,0.0,0.0,0.0,0.003663003663003663,0.0,False,False,False
engine200,421,Taker Absorb dip<-3% tr>70% H=12,0,0.0,0.0,0.0,0,0.0,0.0,0.0,0.0,0.0,False,False,False
engine200,422,Taker Absorb dip<-3% tr>70% H=18,0,0.0,0.0,0.0,0,0.0,0.0,0.0,0.0,0.0,False,False,False
engine200,423,Taker Absorb dip<-4% tr>60% H=12,2,2.41,131.5,0.41,0,0.0,0.0,0.0,0.007326007326007326,0.0,False,False,False
engine200,424,Taker Absorb dip<-4% tr>60% H=18,2,21.415,204.15,0.91,0,0.0,0.0,0.0,0.007326007326007326,0.0,False,False,False
engine200,425,Taker Absorb dip<-4% tr>65% H=12,0,0.0,0.0,0.0,0,0.0,0.0,0.0,0.0,0.0,False,False,False
engine200,426,Stealth RVOL>3.0x Break H=18,25,0.694,-68.7,-0.67,6,0.683,-46.16,-0.32,0.09157509157509157,0.06666666666666667,False,False,False
engine200,427,Stealth RVOL>3.0x Break H=24,25,0.558,-117.86,-1.04,6,0.244,-199.52,-1.25,0.09157509157509157,0.06666666666666667,False,False,False
engine200,428,Stealth RVOL>3.0x Break H=36,24,0.508,-184.83,-1.17,5,0.402,-202.74,-0.78,0.08791208791208792,0.05555555555555555,False,False,False
engine200,429,Stealth RVOL>4.0x Break H=18,13,0.291,-199.83,-1.51,3,3.088,134.47,0.6,0.047619047619047616,0.03333333333333333,False,False,False
engine200,430,Stealth RVOL>4.0x Break H=24,13,0.185,-251.35,-1.9,3,0.712,-52.03,-0.21,0.047619047619047616,0.03333333333333333,False,False,False
engine200,431,Stealth RVOL>4.0x Break H=36,12,0.246,-341.82,-1.8,3,0.933,-16.28,-0.04,0.04395604395604396,0.03333333333333333,False,False,False
engine200,432,Stealth RVOL>5.0x Break H=18,6,0.167,-350.37,-1.52,3,0.985,-2.82,-0.01,0.02197802197802198,0.03333333333333333,False,False,False
engine200,433,Stealth RVOL>5.0x Break H=24,6,0.139,-398.39,-1.68,3,0.267,-189.6,-0.87,0.02197802197802198,0.03333333333333333,False,False,False
engine200,434,Stealth RVOL>5.0x Break H=36,6,0.279,-434.84,-1.22,3,0.563,-122.32,-0.35,0.02197802197802198,0.03333333333333333,False,False,False
engine200,435,Stealth RVOL Variant 435,6,0.139,-398.39,-1.68,3,0.267,-189.6,-0.87,0.02197802197802198,0.03333333333333333,False,False,False
engine200,436,Stealth RVOL Variant 436,6,0.139,-398.39,-1.68,3,0.267,-189.6,-0.87,0.02197802197802198,0.03333333333333333,False,False,False
engine200,437,Stealth RVOL Variant 437,6,0.139,-398.39,-1.68,3,0.267,-189.6,-0.87,0.02197802197802198,0.03333333333333333,False,False,False
engine200,438,Stealth RVOL Variant 438,6,0.139,-398.39,-1.68,3,0.267,-189.6,-0.87,0.02197802197802198,0.03333333333333333,False,False,False
engine200,439,Stealth RVOL Variant 439,6,0.139,-398.39,-1.68,3,0.267,-189.6,-0.87,0.02197802197802198,0.03333333333333333,False,False,False
engine200,440,Stealth RVOL Variant 440,6,0.139,-398.39,-1.68,3,0.267,-189.6,-0.87,0.02197802197802198,0.03333333333333333,False,False,False
engine200,441,Vol Climax Pin SL=2.0% TP=4.0% H=18,14,0.472,-74.61,-1.09,4,1.297,32.68,0.22,0.05128205128205128,0.044444444444444446,False,False,False
engine200,442,Vol Climax Pin SL=2.0% TP=4.0% H=24,14,0.583,-65.59,-0.85,4,1.727,80.0,0.46,0.05128205128205128,0.044444444444444446,False,False,False
engine200,443,Vol Climax Pin SL=2.5% TP=5.0% H=18,13,0.526,-78.81,-0.93,4,1.242,32.68,0.18,0.047619047619047616,0.044444444444444446,False,False,False
engine200,444,Vol Climax Pin SL=2.5% TP=5.0% H=24,13,0.535,-86.85,-0.98,4,1.778,105.0,0.48,0.047619047619047616,0.044444444444444446,False,False,False
engine200,445,Vol Climax Pin SL=3.0% TP=6.0% H=18,13,0.631,-60.1,-0.61,4,1.204,32.68,0.15,0.047619047619047616,0.044444444444444446,False,False,False
engine200,446,Vol Climax Pin SL=3.0% TP=6.0% H=24,13,0.521,-106.08,-1.01,4,1.376,60.22,0.27,0.047619047619047616,0.044444444444444446,False,False,False
engine200,447,Vol Climax Pin SL=3.5% TP=7.0% H=18,13,0.962,-5.31,-0.06,4,0.574,-78.77,-0.47,0.047619047619047616,0.044444444444444446,False,False,False
engine200,448,Vol Climax Pin SL=3.5% TP=7.0% H=24,13,0.674,-74.17,-0.67,4,0.608,-72.47,-0.42,0.047619047619047616,0.044444444444444446,False,False,False
engine200,449,Vol Climax Pin SL=4.0% TP=8.0% H=18,13,0.743,-39.88,-0.43,4,0.866,-16.5,-0.11,0.047619047619047616,0.044444444444444446,False,False,False
engine200,450,Vol Climax Pin SL=4.0% TP=8.0% H=24,13,0.495,-120.22,-1.2,4,0.799,-28.35,-0.18,0.047619047619047616,0.044444444444444446,False,False,False
engine200,451,OI Bear Div LB=24 thr=-3% H=18,7,0.187,-328.13,-1.56,1,999.0,263.6,263603331331.78,0.02564102564102564,0.011111111111111112,False,False,False
engine200,452,OI Bull Div LB=24 thr=3% H=18,5,0.08,-146.58,-1.99,0,0.0,0.0,0.0,0.018315018315018316,0.0,False,False,False
engine200,453,OI Bear Div LB=24 thr=-3% H=24,7,0.331,-219.77,-0.99,1,999.0,138.36,138359337431.41,0.02564102564102564,0.011111111111111112,False,False,False
engine200,454,OI Bull Div LB=24 thr=3% H=24,5,1.715,57.65,0.44,0,0.0,0.0,0.0,0.018315018315018316,0.0,False,False,False
engine200,455,OI Bear Div LB=24 thr=-5% H=18,3,0.203,-545.63,-1.12,1,999.0,263.6,263603331331.78,0.01098901098901099,0.011111111111111112,False,False,False
engine200,456,OI Bull Div LB=24 thr=5% H=18,2,0.0,-274.98,-9.45,0,0.0,0.0,0.0,0.007326007326007326,0.0,False,False,False
engine200,457,OI Bear Div LB=24 thr=-5% H=24,3,0.332,-433.1,-0.79,1,999.0,138.36,138359337431.41,0.01098901098901099,0.011111111111111112,False,False,False
engine200,458,OI Bull Div LB=24 thr=5% H=24,2,2.126,131.46,0.36,0,0.0,0.0,0.0,0.007326007326007326,0.0,False,False,False
engine200,459,OI Bear Div LB=48 thr=-3% H=18,1,999.0,111.04,111040005661.12,0,0.0,0.0,0.0,0.003663003663003663,0.0,False,False,False
engine200,460,OI Bull Div LB=48 thr=3% H=18,2,0.071,-114.25,-0.87,0,0.0,0.0,0.0,0.007326007326007326,0.0,False,False,False
engine200,461,OI Bear Div LB=48 thr=-3% H=24,1,999.0,113.09,113087945095.85,0,0.0,0.0,0.0,0.003663003663003663,0.0,False,False,False
engine200,462,OI Bull Div LB=48 thr=3% H=24,2,0.0,-201.56,-6.29,0,0.0,0.0,0.0,0.007326007326007326,0.0,False,False,False
engine200,463,OI Bear Div LB=48 thr=-5% H=18,0,0.0,0.0,0.0,0,0.0,0.0,0.0,0.0,0.0,False,False,False
engine200,464,OI Bull Div LB=48 thr=5% H=18,1,0.0,-245.88,-245877284381.33,0,0.0,0.0,0.0,0.003663003663003663,0.0,False,False,False
engine200,465,OI Bear Div LB=48 thr=-5% H=24,0,0.0,0.0,0.0,0,0.0,0.0,0.0,0.0,0.0,False,False,False
engine200,466,OI Bull Div LB=48 thr=5% H=24,1,0.0,-233.6,-233601507896.55,0,0.0,0.0,0.0,0.003663003663003663,0.0,False,False,False
engine200,467,Coiled box<2% oi>8% H=18,3,20.67,342.53,1.01,1,0.0,-825.92,-825921344100.94,0.01098901098901099,0.011111111111111112,False,False,False
engine200,468,Coiled box<2% oi>8% H=24,3,2.1,84.0,0.42,1,0.0,-1253.55,-1253552575980.75,0.01098901098901099,0.011111111111111112,False,False,False
engine200,469,Coiled box<2% oi>12% H=18,0,0.0,0.0,0.0,0,0.0,0.0,0.0,0.0,0.0,False,False,False
engine200,470,Coiled box<2% oi>12% H=24,0,0.0,0.0,0.0,0,0.0,0.0,0.0,0.0,0.0,False,False,False
engine200,471,Coiled box<2% oi>16% H=18,0,0.0,0.0,0.0,0,0.0,0.0,0.0,0.0,0.0,False,False,False
engine200,472,Coiled box<2% oi>16% H=24,0,0.0,0.0,0.0,0,0.0,0.0,0.0,0.0,0.0,False,False,False
engine200,473,Coiled box<2% oi>8% H=18,5,3.723,186.18,0.84,1,0.0,-825.92,-825921344100.94,0.018315018315018316,0.011111111111111112,False,False,False
engine200,474,Coiled box<2% oi>8% H=24,5,0.733,-39.85,-0.25,1,0.0,-1253.55,-1253552575980.75,0.018315018315018316,0.011111111111111112,False,False,False
engine200,475,Coiled box<2% oi>12% H=18,1,999.0,181.81,181812943482.2,0,0.0,0.0,0.0,0.003663003663003663,0.0,False,False,False
engine200,476,Coiled box<2% oi>12% H=24,1,0.0,-386.0,-385999545915.98,0,0.0,0.0,0.0,0.003663003663003663,0.0,False,False,False
engine200,477,Coiled box<2% oi>16% H=18,1,999.0,181.81,181812943482.2,0,0.0,0.0,0.0,0.003663003663003663,0.0,False,False,False
engine200,478,Coiled box<2% oi>16% H=24,1,0.0,-386.0,-385999545915.98,0,0.0,0.0,0.0,0.003663003663003663,0.0,False,False,False
engine200,479,Coiled box<3% oi>8% H=18,5,3.723,186.18,0.84,1,0.0,-825.92,-825921344100.94,0.018315018315018316,0.011111111111111112,False,False,False
engine200,480,Coiled box<3% oi>8% H=24,5,0.733,-39.85,-0.25,1,0.0,-1253.55,-1253552575980.75,0.018315018315018316,0.011111111111111112,False,False,False
engine200,481,Liq Flush drop<-10% rsi<22 H=6,1,0.0,-1906.46,-1906457486202.46,0,0.0,0.0,0.0,0.003663003663003663,0.0,False,False,False
engine200,482,Liq Flush drop<-10% rsi<22 H=12,1,0.0,-738.51,-738509854258.71,0,0.0,0.0,0.0,0.003663003663003663,0.0,False,False,False
engine200,483,Liq Flush drop<-10% rsi<22 H=18,1,0.0,-738.51,-738509854258.71,0,0.0,0.0,0.0,0.003663003663003663,0.0,False,False,False
engine200,484,Liq Flush drop<-10% rsi<25 H=6,2,0.441,-532.89,-0.39,0,0.0,0.0,0.0,0.007326007326007326,0.0,False,False,False
engine200,485,Liq Flush drop<-10% rsi<25 H=12,1,0.0,-738.51,-738509854258.71,0,0.0,0.0,0.0,0.003663003663003663,0.0,False,False,False
engine200,486,Liq Flush drop<-10% rsi<25 H=18,1,0.0,-738.51,-738509854258.71,0,0.0,0.0,0.0,0.003663003663003663,0.0,False,False,False
engine200,487,Liq Flush drop<-10% rsi<28 H=6,2,0.441,-532.89,-0.39,0,0.0,0.0,0.0,0.007326007326007326,0.0,False,False,False
engine200,488,Liq Flush drop<-10% rsi<28 H=12,1,0.0,-738.51,-738509854258.71,0,0.0,0.0,0.0,0.003663003663003663,0.0,False,False,False
engine200,489,Liq Flush drop<-10% rsi<28 H=18,1,0.0,-738.51,-738509854258.71,0,0.0,0.0,0.0,0.003663003663003663,0.0,False,False,False
engine200,490,Liq Flush drop<-15% rsi<22 H=6,0,0.0,0.0,0.0,0,0.0,0.0,0.0,0.0,0.0,False,False,False
engine200,491,Liq Flush drop<-15% rsi<22 H=12,0,0.0,0.0,0.0,0,0.0,0.0,0.0,0.0,0.0,False,False,False
engine200,492,Liq Flush drop<-15% rsi<22 H=18,0,0.0,0.0,0.0,0,0.0,0.0,0.0,0.0,0.0,False,False,False
engine200,493,Liq Flush drop<-15% rsi<25 H=6,1,999.0,840.67,840670370802.7,0,0.0,0.0,0.0,0.003663003663003663,0.0,False,False,False
engine200,494,Liq Flush drop<-15% rsi<25 H=12,1,999.0,1754.25,1754250659246.28,0,0.0,0.0,0.0,0.003663003663003663,0.0,False,False,False
engine200,495,Liq Flush drop<-15% rsi<25 H=18,1,999.0,2339.79,2339788516415.81,0,0.0,0.0,0.0,0.003663003663003663,0.0,False,False,False
engine200,496,ShortSqueeze oi>8% fr<-0.0002 H=18,6,1.101,15.17,0.09,1,999.0,626.71,626707668225.95,0.02197802197802198,0.011111111111111112,False,False,False
engine200,497,ShortSqueeze oi>8% fr<-0.0002 H=24,6,1.145,32.02,0.13,1,999.0,632.06,632057663403.42,0.02197802197802198,0.011111111111111112,False,False,False
engine200,498,ShortSqueeze oi>8% fr<-0.0004 H=18,4,0.439,-126.39,-0.58,0,0.0,0.0,0.0,0.014652014652014652,0.0,False,False,False
engine200,499,ShortSqueeze oi>8% fr<-0.0004 H=24,4,0.218,-258.46,-1.25,0,0.0,0.0,0.0,0.014652014652014652,0.0,False,False,False
engine200,500,ShortSqueeze oi>8% fr<-0.0006 H=18,3,1.583,48.65,0.27,0,0.0,0.0,0.0,0.01098901098901099,0.0,False,False,False
engine200,501,ShortSqueeze oi>8% fr<-0.0006 H=24,3,0.449,-117.84,-0.55,0,0.0,0.0,0.0,0.01098901098901099,0.0,False,False,False
engine200,502,ShortSqueeze oi>12% fr<-0.0002 H=18,5,0.952,-10.1,-0.05,1,999.0,626.71,626707668225.95,0.018315018315018316,0.011111111111111112,False,False,False
engine200,503,ShortSqueeze oi>12% fr<-0.0002 H=24,5,1.23,56.66,0.19,1,999.0,632.06,632057663403.42,0.018315018315018316,0.011111111111111112,False,False,False
engine200,504,ShortSqueeze oi>12% fr<-0.0004 H=18,3,0.38,-215.7,-0.68,0,0.0,0.0,0.0,0.01098901098901099,0.0,False,False,False
engine200,505,ShortSqueeze oi>12% fr<-0.0004 H=24,3,0.234,-314.21,-1.03,0,0.0,0.0,0.0,0.01098901098901099,0.0,False,False,False
engine200,506,ShortSqueeze oi>12% fr<-0.0006 H=18,2,1.011,2.21,0.01,0,0.0,0.0,0.0,0.007326007326007326,0.0,False,False,False
engine200,507,ShortSqueeze oi>12% fr<-0.0006 H=24,2,0.524,-131.15,-0.31,0,0.0,0.0,0.0,0.007326007326007326,0.0,False,False,False
engine200,508,ShortSqueeze oi>15% fr<-0.0002 H=18,4,1.532,86.17,0.34,1,999.0,626.71,626707668225.95,0.014652014652014652,0.011111111111111112,False,False,False
engine200,509,ShortSqueeze oi>15% fr<-0.0002 H=24,4,2.19,205.68,0.61,1,999.0,632.06,632057663403.42,0.014652014652014652,0.011111111111111112,False,False,False
engine200,510,ShortSqueeze oi>15% fr<-0.0004 H=18,2,0.611,-125.96,-0.24,0,0.0,0.0,0.0,0.007326007326007326,0.0,False,False,False
engine200,511,LongSqueeze oi>8% fr>0.0003 H=18,0,0.0,0.0,0.0,0,0.0,0.0,0.0,0.0,0.0,False,False,False
engine200,512,LongSqueeze oi>8% fr>0.0003 H=24,0,0.0,0.0,0.0,0,0.0,0.0,0.0,0.0,0.0,False,False,False
engine200,513,LongSqueeze oi>8% fr>0.0005 H=18,0,0.0,0.0,0.0,0,0.0,0.0,0.0,0.0,0.0,False,False,False
engine200,514,LongSqueeze oi>8% fr>0.0005 H=24,0,0.0,0.0,0.0,0,0.0,0.0,0.0,0.0,0.0,False,False,False
engine200,515,LongSqueeze oi>8% fr>0.0008 H=18,0,0.0,0.0,0.0,0,0.0,0.0,0.0,0.0,0.0,False,False,False
engine200,516,LongSqueeze oi>8% fr>0.0008 H=24,0,0.0,0.0,0.0,0,0.0,0.0,0.0,0.0,0.0,False,False,False
engine200,517,LongSqueeze oi>12% fr>0.0003 H=18,0,0.0,0.0,0.0,0,0.0,0.0,0.0,0.0,0.0,False,False,False
engine200,518,LongSqueeze oi>12% fr>0.0003 H=24,0,0.0,0.0,0.0,0,0.0,0.0,0.0,0.0,0.0,False,False,False
engine200,519,LongSqueeze oi>12% fr>0.0005 H=18,0,0.0,0.0,0.0,0,0.0,0.0,0.0,0.0,0.0,False,False,False
engine200,520,LongSqueeze oi>12% fr>0.0005 H=24,0,0.0,0.0,0.0,0,0.0,0.0,0.0,0.0,0.0,False,False,False
engine200,521,LongSqueeze oi>12% fr>0.0008 H=18,0,0.0,0.0,0.0,0,0.0,0.0,0.0,0.0,0.0,False,False,False
engine200,522,LongSqueeze oi>12% fr>0.0008 H=24,0,0.0,0.0,0.0,0,0.0,0.0,0.0,0.0,0.0,False,False,False
engine200,523,LongSqueeze oi>15% fr>0.0003 H=18,0,0.0,0.0,0.0,0,0.0,0.0,0.0,0.0,0.0,False,False,False
engine200,524,LongSqueeze oi>15% fr>0.0003 H=24,0,0.0,0.0,0.0,0,0.0,0.0,0.0,0.0,0.0,False,False,False
engine200,525,LongSqueeze oi>15% fr>0.0005 H=18,0,0.0,0.0,0.0,0,0.0,0.0,0.0,0.0,0.0,False,False,False
engine200,526,OI Velocity>2.5x Follow H=12,150,1.281,35.01,0.98,56,0.885,-21.85,-0.34,0.5494505494505495,0.6222222222222222,False,False,False
engine200,527,OI Velocity>2.5x Follow H=18,133,1.149,22.77,0.6,49,0.928,-15.39,-0.2,0.48717948717948717,0.5444444444444444,False,False,False
engine200,528,OI Velocity>2.5x Follow H=24,117,1.12,21.81,0.46,45,0.848,-44.63,-0.43,0.42857142857142855,0.5,False,False,False
engine200,529,OI Velocity>3.0x Follow H=12,103,1.393,48.35,1.09,39,1.084,13.98,0.2,0.3772893772893773,0.43333333333333335,False,False,False
engine200,530,OI Velocity>3.0x Follow H=18,94,1.036,6.38,0.12,35,0.864,-30.87,-0.33,0.3443223443223443,0.3888888888888889,False,False,False
engine200,531,OI Velocity>3.0x Follow H=24,87,1.077,14.98,0.25,34,0.574,-138.51,-1.28,0.31868131868131866,0.37777777777777777,False,False,False
engine200,532,OI Velocity>4.0x Follow H=12,52,1.183,29.95,0.42,22,0.918,-16.32,-0.15,0.19047619047619047,0.24444444444444444,False,False,False
engine200,533,OI Velocity>4.0x Follow H=18,49,0.945,-12.74,-0.14,20,1.18,36.58,0.26,0.1794871794871795,0.2222222222222222,False,False,False
engine200,534,OI Velocity>4.0x Follow H=24,47,0.733,-73.23,-0.73,20,0.98,-4.4,-0.04,0.17216117216117216,0.2222222222222222,False,False,False
engine200,535,OI Velocity Variant 535,49,0.945,-12.74,-0.14,20,1.18,36.58,0.26,0.1794871794871795,0.2222222222222222,False,False,False
engine200,536,OI Velocity Variant 536,49,0.945,-12.74,-0.14,20,1.18,36.58,0.26,0.1794871794871795,0.2222222222222222,False,False,False
engine200,537,OI Velocity Variant 537,49,0.945,-12.74,-0.14,20,1.18,36.58,0.26,0.1794871794871795,0.2222222222222222,False,False,False
engine200,538,OI Velocity Variant 538,49,0.945,-12.74,-0.14,20,1.18,36.58,0.26,0.1794871794871795,0.2222222222222222,False,False,False
engine200,539,OI Velocity Variant 539,49,0.945,-12.74,-0.14,20,1.18,36.58,0.26,0.1794871794871795,0.2222222222222222,False,False,False
engine200,540,OI Velocity Variant 540,49,0.945,-12.74,-0.14,20,1.18,36.58,0.26,0.1794871794871795,0.2222222222222222,False,False,False
engine200,541,Liq Rebound SL=2.0% TP=4.0% H=18,3,3.455,180.0,540000000000.0,0,0.0,0.0,0.0,0.01098901098901099,0.0,False,False,False
engine200,542,Liq Rebound SL=2.0% TP=4.0% H=24,3,3.455,180.0,540000000000.0,0,0.0,0.0,0.0,0.01098901098901099,0.0,False,False,False
engine200,543,Liq Rebound SL=2.5% TP=5.0% H=18,3,3.556,230.0,690000000000.0,0,0.0,0.0,0.0,0.01098901098901099,0.0,False,False,False
engine200,544,Liq Rebound SL=2.5% TP=5.0% H=24,3,3.556,230.0,690000000000.0,0,0.0,0.0,0.0,0.01098901098901099,0.0,False,False,False
engine200,545,Liq Rebound SL=3.0% TP=6.0% H=18,3,3.625,280.0,840000000000.0,0,0.0,0.0,0.0,0.01098901098901099,0.0,False,False,False
engine200,546,Liq Rebound SL=3.0% TP=6.0% H=24,3,3.625,280.0,840000000000.0,0,0.0,0.0,0.0,0.01098901098901099,0.0,False,False,False
engine200,547,Liq Rebound SL=3.5% TP=7.0% H=18,3,3.676,330.0,990000000000.0,0,0.0,0.0,0.0,0.01098901098901099,0.0,False,False,False
engine200,548,Liq Rebound SL=3.5% TP=7.0% H=24,3,3.676,330.0,990000000000.0,0,0.0,0.0,0.0,0.01098901098901099,0.0,False,False,False
engine200,549,Liq Rebound SL=4.0% TP=8.0% H=18,3,3.714,380.0,1140000000000.0,0,0.0,0.0,0.0,0.01098901098901099,0.0,False,False,False
engine200,550,Liq Rebound SL=4.0% TP=8.0% H=24,3,3.714,380.0,1140000000000.0,0,0.0,0.0,0.0,0.01098901098901099,0.0,False,False,False
engine200,551,FR Cum24h >0.2% Exhaust H=18,123,0.737,-57.7,-1.1,33,0.629,-105.12,-1.1,0.45054945054945056,0.36666666666666664,False,False,False
engine200,552,FR Cum24h >0.2% Exhaust H=24,99,0.794,-42.02,-0.85,30,0.586,-154.81,-1.11,0.3626373626373626,0.3333333333333333,False,False,False
engine200,553,FR Cum24h >0.3% Exhaust H=18,27,0.556,-111.34,-0.89,11,0.142,-219.06,-2.28,0.0989010989010989,0.12222222222222222,False,False,False
engine200,554,FR Cum24h >0.3% Exhaust H=24,22,0.394,-205.73,-1.52,11,0.064,-295.86,-3.37,0.08058608058608059,0.12222222222222222,False,False,False
engine200,555,FR Cum24h >0.4% Exhaust H=18,24,0.506,-133.74,-0.98,11,0.12,-238.62,-2.53,0.08791208791208792,0.12222222222222222,False,False,False
engine200,556,FR Cum24h >0.4% Exhaust H=24,19,0.432,-211.04,-1.3,11,0.06,-318.49,-3.49,0.0695970695970696,0.12222222222222222,False,False,False
engine200,557,FR Cum48h >0.2% Exhaust H=18,149,0.675,-66.54,-1.51,45,0.731,-73.26,-0.76,0.5457875457875457,0.5,False,False,False
engine200,558,FR Cum48h >0.2% Exhaust H=24,116,0.713,-60.91,-1.33,38,0.867,-41.37,-0.34,0.4249084249084249,0.4222222222222222,False,False,False
engine200,559,FR Cum48h >0.3% Exhaust H=18,124,0.677,-69.16,-1.35,29,0.576,-94.97,-1.2,0.4542124542124542,0.32222222222222224,False,False,False
engine200,560,FR Cum48h >0.3% Exhaust H=24,96,0.651,-78.05,-1.53,29,0.448,-215.84,-1.6,0.3516483516483517,0.32222222222222224,False,False,False
engine200,561,FR Cum48h >0.4% Exhaust H=18,103,0.639,-82.08,-1.38,23,0.273,-289.11,-2.25,0.3772893772893773,0.25555555555555554,False,False,False
engine200,562,FR Cum48h >0.4% Exhaust H=24,81,0.609,-89.21,-1.57,22,0.284,-288.84,-2.27,0.2967032967032967,0.24444444444444444,False,False,False
engine200,563,FR Cum72h >0.2% Exhaust H=18,156,0.703,-63.18,-1.43,51,0.757,-65.78,-0.73,0.5714285714285714,0.5666666666666667,False,False,False
engine200,564,FR Cum72h >0.2% Exhaust H=24,124,0.642,-86.59,-1.8,42,0.814,-54.39,-0.53,0.4542124542124542,0.4666666666666667,False,False,False
engine200,565,FR Cum72h >0.3% Exhaust H=18,142,0.657,-74.33,-1.58,43,0.964,-7.83,-0.09,0.5201465201465202,0.4777777777777778,False,False,False
engine200,566,FR 3-Period >3bp H=18,14,0.258,-259.26,-1.27,4,0.092,-237.04,-1.08,0.05128205128205128,0.044444444444444446,False,False,False
engine200,567,FR 3-Period >3bp H=24,10,0.294,-371.57,-1.39,2,0.0,-215.64,-3.3,0.03663003663003663,0.022222222222222223,False,False,False
engine200,568,FR 3-Period >3bp H=36,8,0.479,-186.65,-0.78,2,0.0,-458.93,-1.48,0.029304029304029304,0.022222222222222223,False,False,False
engine200,569,FR 3-Period >4bp H=18,12,0.169,-341.73,-1.5,1,0.0,-766.62,-766619546366.8,0.04395604395604396,0.011111111111111112,False,False,False
engine200,570,FR 3-Period >4bp H=24,9,0.125,-480.71,-1.84,1,0.0,-683.37,-683367111344.05,0.03296703296703297,0.011111111111111112,False,False,False
engine200,571,FR 3-Period >4bp H=36,8,0.227,-361.73,-1.55,1,0.0,-303.89,-303893170477.23,0.029304029304029304,0.011111111111111112,False,False,False
engine200,572,FR 3-Period >5bp H=18,9,0.079,-456.43,-1.58,1,0.0,-766.62,-766619546366.8,0.03296703296703297,0.011111111111111112,False,False,False
engine200,573,FR 3-Period >5bp H=24,8,0.06,-576.86,-2.14,1,0.0,-683.37,-683367111344.05,0.029304029304029304,0.011111111111111112,False,False,False
engine200,574,FR 3-Period >5bp H=36,7,0.211,-426.24,-1.63,1,0.0,-303.89,-303893170477.23,0.02564102564102564,0.011111111111111112,False,False,False
engine200,575,FR 4-Period >3bp H=18,10,0.185,-338.89,-1.28,3,0.0,-227.94,-1.54,0.03663003663003663,0.03333333333333333,False,False,False
engine200,576,FR 4-Period >3bp H=24,8,0.216,-440.8,-1.44,2,0.0,-404.42,-1.59,0.029304029304029304,0.022222222222222223,False,False,False
engine200,577,FR 4-Period >3bp H=36,7,0.563,-111.13,-0.63,2,0.0,-176.18,-6.29,0.02564102564102564,0.022222222222222223,False,False,False
engine200,578,FR 4-Period >4bp H=18,8,0.06,-510.13,-1.61,0,0.0,0.0,0.0,0.029304029304029304,0.0,False,False,False
engine200,579,FR 4-Period >4bp H=24,6,0.059,-717.69,-2.08,0,0.0,0.0,0.0,0.02197802197802198,0.0,False,False,False
engine200,580,FR 4-Period >4bp H=36,6,0.294,-319.34,-1.21,0,0.0,0.0,0.0,0.02197802197802198,0.0,False,False,False
engine200,581,FR Z-Score 7d >2.0 H=18,0,0.0,0.0,0.0,0,0.0,0.0,0.0,0.0,0.0,False,False,False
engine200,582,FR Z-Score 7d >2.0 H=24,0,0.0,0.0,0.0,0,0.0,0.0,0.0,0.0,0.0,False,False,False
engine200,583,FR Z-Score 7d >2.0 H=36,0,0.0,0.0,0.0,0,0.0,0.0,0.0,0.0,0.0,False,False,False
engine200,584,FR Z-Score 7d >2.5 H=18,0,0.0,0.0,0.0,0,0.0,0.0,0.0,0.0,0.0,False,False,False
engine200,585,FR Z-Score 7d >2.5 H=24,0,0.0,0.0,0.0,0,0.0,0.0,0.0,0.0,0.0,False,False,False
engine200,586,FR Z-Score 7d >2.5 H=36,0,0.0,0.0,0.0,0,0.0,0.0,0.0,0.0,0.0,False,False,False
engine200,587,FR Z-Score 7d >3.0 H=18,0,0.0,0.0,0.0,0,0.0,0.0,0.0,0.0,0.0,False,False,False
engine200,588,FR Z-Score 7d >3.0 H=24,0,0.0,0.0,0.0,0,0.0,0.0,0.0,0.0,0.0,False,False,False
engine200,589,FR Z-Score 7d >3.0 H=36,0,0.0,0.0,0.0,0,0.0,0.0,0.0,0.0,0.0,False,False,False
engine200,590,FR Z-Score 14d >2.0 H=18,0,0.0,0.0,0.0,0,0.0,0.0,0.0,0.0,0.0,False,False,False
engine200,591,FR Z-Score 14d >2.0 H=24,0,0.0,0.0,0.0,0,0.0,0.0,0.0,0.0,0.0,False,False,False
engine200,592,FR Z-Score 14d >2.0 H=36,0,0.0,0.0,0.0,0,0.0,0.0,0.0,0.0,0.0,False,False,False
engine200,593,FR Z-Score 14d >2.5 H=18,0,0.0,0.0,0.0,0,0.0,0.0,0.0,0.0,0.0,False,False,False
engine200,594,FR Z-Score 14d >2.5 H=24,0,0.0,0.0,0.0,0,0.0,0.0,0.0,0.0,0.0,False,False,False
engine200,595,FR Z-Score 14d >2.5 H=36,0,0.0,0.0,0.0,0,0.0,0.0,0.0,0.0,0.0,False,False,False
engine200,596,FR Div SpotRally ret>3% H=18,49,0.984,-3.06,-0.04,18,0.559,-122.08,-0.91,0.1794871794871795,0.2,False,False,False
engine200,597,FR Div LongTrap ret<-3% H=18,0,0.0,0.0,0.0,0,0.0,0.0,0.0,0.0,0.0,False,False,False
engine200,598,FR Div SpotRally ret>3% H=24,41,0.795,-50.68,-0.55,15,0.406,-194.5,-1.46,0.15018315018315018,0.16666666666666666,False,False,False
engine200,599,FR Div LongTrap ret<-3% H=24,0,0.0,0.0,0.0,0,0.0,0.0,0.0,0.0,0.0,False,False,False
engine200,600,FR Div SpotRally ret>4% H=18,41,0.94,-10.03,-0.14,14,0.776,-57.42,-0.34,0.15018315018315018,0.15555555555555556,False,False,False
engine200,601,FR Div LongTrap ret<-4% H=18,0,0.0,0.0,0.0,0,0.0,0.0,0.0,0.0,0.0,False,False,False
engine200,602,FR Div SpotRally ret>4% H=24,34,0.886,-24.26,-0.26,12,0.48,-179.33,-1.08,0.12454212454212454,0.13333333333333333,False,False,False
engine200,603,FR Div LongTrap ret<-4% H=24,0,0.0,0.0,0.0,0,0.0,0.0,0.0,0.0,0.0,False,False,False
engine200,604,FR Div SpotRally ret>5% H=18,36,1.126,18.16,0.28,12,0.64,-119.13,-0.59,0.13186813186813187,0.13333333333333333,False,False,False
engine200,605,FR Div LongTrap ret<-5% H=18,0,0.0,0.0,0.0,0,0.0,0.0,0.0,0.0,0.0,False,False,False
engine200,606,FR Div SpotRally ret>5% H=24,29,0.937,-11.94,-0.13,11,0.435,-205.36,-1.15,0.10622710622710622,0.12222222222222222,False,False,False
engine200,607,FR Div LongTrap ret<-5% H=24,0,0.0,0.0,0.0,0,0.0,0.0,0.0,0.0,0.0,False,False,False
engine200,608,FR Div Variant 608,29,0.937,-11.94,-0.13,11,0.435,-205.36,-1.15,0.10622710622710622,0.12222222222222222,False,False,False
engine200,609,FR Div Variant 609,29,0.937,-11.94,-0.13,11,0.435,-205.36,-1.15,0.10622710622710622,0.12222222222222222,False,False,False
engine200,610,FR Div Variant 610,29,0.937,-11.94,-0.13,11,0.435,-205.36,-1.15,0.10622710622710622,0.12222222222222222,False,False,False
engine200,611,FR Discount Breakout fr<0.0001 H=18,110,0.827,-37.48,-0.71,36,1.447,72.58,0.84,0.40293040293040294,0.4,False,False,False
engine200,612,FR Discount Breakout fr<0.0001 H=24,104,0.826,-38.13,-0.73,32,1.103,30.21,0.21,0.38095238095238093,0.35555555555555557,False,False,False
engine200,613,FR Discount Breakout fr<0.0001 H=36,90,0.795,-60.21,-0.81,28,0.826,-63.04,-0.41,0.32967032967032966,0.3111111111111111,False,False,False
engine200,614,FR Discount Breakout fr<0.0 H=18,85,0.711,-66.17,-1.07,28,1.436,69.81,0.71,0.31135531135531136,0.3111111111111111,False,False,False
engine200,615,FR Discount Breakout fr<0.0 H=24,81,0.714,-64.79,-1.12,26,0.939,-18.78,-0.12,0.2967032967032967,0.28888888888888886,False,False,False
engine200,616,FR Discount Breakout fr<0.0 H=36,72,0.703,-88.72,-1.11,23,0.777,-82.99,-0.51,0.26373626373626374,0.25555555555555554,False,False,False
engine200,617,FR Discount Breakout fr<-0.0001 H=18,16,0.974,-3.98,-0.04,4,1.236,29.91,0.15,0.05860805860805861,0.044444444444444446,False,False,False
engine200,618,FR Discount Breakout fr<-0.0001 H=24,16,0.607,-115.97,-0.82,4,0.546,-131.17,-0.46,0.05860805860805861,0.044444444444444446,False,False,False
engine200,619,FR Discount Breakout fr<-0.0001 H=36,16,0.536,-200.09,-0.99,4,0.692,-95.93,-0.27,0.05860805860805861,0.044444444444444446,False,False,False
engine200,620,FR Discount Variant 620,16,0.607,-115.97,-0.82,4,0.546,-131.17,-0.46,0.05860805860805861,0.044444444444444446,False,False,False
engine200,621,FR Discount Variant 621,16,0.607,-115.97,-0.82,4,0.546,-131.17,-0.46,0.05860805860805861,0.044444444444444446,False,False,False
engine200,622,FR Discount Variant 622,16,0.607,-115.97,-0.82,4,0.546,-131.17,-0.46,0.05860805860805861,0.044444444444444446,False,False,False
engine200,623,FR Discount Variant 623,16,0.607,-115.97,-0.82,4,0.546,-131.17,-0.46,0.05860805860805861,0.044444444444444446,False,False,False
engine200,624,FR Discount Variant 624,16,0.607,-115.97,-0.82,4,0.546,-131.17,-0.46,0.05860805860805861,0.044444444444444446,False,False,False
engine200,625,FR Discount Variant 625,16,0.607,-115.97,-0.82,4,0.546,-131.17,-0.46,0.05860805860805861,0.044444444444444446,False,False,False
engine200,626,FR Accel>2.0x Follow H=12,66,0.799,-35.95,-0.75,23,1.692,99.63,0.96,0.24175824175824176,0.25555555555555554,False,False,False
engine200,627,FR Accel>2.0x Follow H=18,61,0.937,-11.23,-0.2,22,2.113,173.15,1.31,0.22344322344322345,0.24444444444444444,False,False,False
engine200,628,FR Accel>2.0x Follow H=24,58,0.884,-24.85,-0.35,21,1.964,175.49,1.32,0.21245421245421245,0.23333333333333334,False,False,False
engine200,629,FR Accel>2.5x Follow H=12,54,0.568,-80.75,-1.36,19,3.044,200.7,1.82,0.1978021978021978,0.2111111111111111,False,False,False
engine200,630,FR Accel>2.5x Follow H=18,51,0.594,-94.69,-1.34,19,2.289,190.11,1.32,0.18681318681318682,0.2111111111111111,False,False,False
engine200,631,FR Accel>2.5x Follow H=24,50,0.622,-101.91,-1.21,18,2.556,234.37,1.68,0.18315018315018314,0.2,False,False,False
engine200,632,FR Accel>3.0x Follow H=12,31,0.523,-100.85,-1.12,11,4.308,274.52,1.78,0.11355311355311355,0.12222222222222222,False,False,False
engine200,633,FR Accel>3.0x Follow H=18,30,0.568,-111.63,-1.07,10,2.159,177.1,1.01,0.10989010989010989,0.1111111111111111,False,False,False
engine200,634,FR Accel>3.0x Follow H=24,29,0.528,-143.39,-1.17,10,3.568,305.64,1.69,0.10622710622710622,0.1111111111111111,False,False,False
engine200,635,FR Accel Variant 635,30,0.568,-111.63,-1.07,10,2.159,177.1,1.01,0.10989010989010989,0.1111111111111111,False,False,False
engine200,636,FR Accel Variant 636,30,0.568,-111.63,-1.07,10,2.159,177.1,1.01,0.10989010989010989,0.1111111111111111,False,False,False
engine200,637,FR Accel Variant 637,30,0.568,-111.63,-1.07,10,2.159,177.1,1.01,0.10989010989010989,0.1111111111111111,False,False,False
engine200,638,FR Accel Variant 638,30,0.568,-111.63,-1.07,10,2.159,177.1,1.01,0.10989010989010989,0.1111111111111111,False,False,False
engine200,639,FR Accel Variant 639,30,0.568,-111.63,-1.07,10,2.159,177.1,1.01,0.10989010989010989,0.1111111111111111,False,False,False
engine200,640,FR Accel Variant 640,30,0.568,-111.63,-1.07,10,2.159,177.1,1.01,0.10989010989010989,0.1111111111111111,False,False,False
engine200,641,FR Carry SL=2.0% TP=4.0% H=24,57,0.855,-19.99,-0.71,21,0.504,-79.56,-1.83,0.2087912087912088,0.23333333333333334,False,False,False
engine200,642,FR Carry SL=2.0% TP=4.0% H=36,57,0.882,-16.94,-0.57,21,0.54,-77.14,-1.42,0.2087912087912088,0.23333333333333334,False,False,False
engine200,643,FR Carry SL=2.5% TP=5.0% H=24,49,0.957,-6.52,-0.16,19,0.277,-156.27,-2.12,0.1794871794871795,0.2111111111111111,False,False,False
engine200,644,FR Carry SL=2.5% TP=5.0% H=36,46,0.869,-23.27,-0.51,19,0.333,-151.58,-1.67,0.1684981684981685,0.2111111111111111,False,False,False
engine200,645,FR Carry SL=3.0% TP=6.0% H=24,36,0.96,-6.67,-0.12,14,0.112,-232.89,-2.83,0.13186813186813187,0.15555555555555556,False,False,False
engine200,646,FR Carry SL=3.0% TP=6.0% H=36,35,0.942,-11.27,-0.18,15,0.225,-214.96,-1.76,0.1282051282051282,0.16666666666666666,False,False,False
engine200,647,FR Carry SL=3.5% TP=7.0% H=24,34,0.965,-6.5,-0.1,12,0.124,-241.78,-2.49,0.12454212454212454,0.13333333333333333,False,False,False
engine200,648,FR Carry SL=3.5% TP=7.0% H=36,32,0.954,-9.54,-0.13,13,0.254,-233.42,-1.68,0.11721611721611722,0.14444444444444443,False,False,False
engine200,649,FR Carry SL=4.0% TP=8.0% H=24,32,0.914,-16.44,-0.26,12,0.197,-189.3,-1.85,0.11721611721611722,0.13333333333333333,False,False,False
engine200,650,FR Carry SL=4.0% TP=8.0% H=36,28,0.983,-3.71,-0.04,13,0.148,-275.9,-2.12,0.10256410256410256,0.14444444444444443,False,False,False
engine200,651,DualSq+Taker>55%+BTC H=18,3,2.345,76.27,0.47,3,0.392,-186.97,-0.59,0.01098901098901099,0.03333333333333333,False,False,False
engine200,652,DualSq+Taker>55%+BTC H=24,3,1.141,24.07,0.08,3,0.522,-182.9,-0.47,0.01098901098901099,0.03333333333333333,False,False,False
engine200,653,DualSq+Taker>55%NoBTC H=18,7,1.582,52.66,0.43,5,1.676,124.74,0.48,0.02564102564102564,0.05555555555555555,False,False,False
engine200,654,DualSq+Taker>55%NoBTC H=24,7,1.481,57.84,0.4,5,2.214,278.58,0.7,0.02564102564102564,0.05555555555555555,False,False,False
engine200,655,DualSq+Taker>60%+BTC H=18,0,0.0,0.0,0.0,0,0.0,0.0,0.0,0.0,0.0,False,False,False
engine200,656,DualSq+Taker>60%+BTC H=24,0,0.0,0.0,0.0,0,0.0,0.0,0.0,0.0,0.0,False,False,False
engine200,657,DualSq+Taker>60%NoBTC H=18,2,1.179,40.24,0.08,1,999.0,450.26,450259560946.37,0.007326007326007326,0.011111111111111112,False,False,False
engine200,658,DualSq+Taker>60%NoBTC H=24,2,1.612,101.18,0.23,1,999.0,390.3,390295640932.14,0.007326007326007326,0.011111111111111112,False,False,False
engine200,659,DualSq+Taker>65%+BTC H=18,0,0.0,0.0,0.0,0,0.0,0.0,0.0,0.0,0.0,False,False,False
engine200,660,DualSq+Taker>65%+BTC H=24,0,0.0,0.0,0.0,0,0.0,0.0,0.0,0.0,0.0,False,False,False
engine200,661,DualSq+Taker>65%NoBTC H=18,0,0.0,0.0,0.0,0,0.0,0.0,0.0,0.0,0.0,False,False,False
engine200,662,DualSq+Taker>65%NoBTC H=24,0,0.0,0.0,0.0,0,0.0,0.0,0.0,0.0,0.0,False,False,False
engine200,663,DualSq+Taker Variant 663,0,0.0,0.0,0.0,0,0.0,0.0,0.0,0.0,0.0,False,False,False
engine200,664,DualSq+Taker Variant 664,0,0.0,0.0,0.0,0,0.0,0.0,0.0,0.0,0.0,False,False,False
engine200,665,DualSq+Taker Variant 665,0,0.0,0.0,0.0,0,0.0,0.0,0.0,0.0,0.0,False,False,False
engine200,666,Deriv Conf oi<-3% fr>2bp H=18,1,999.0,17.38,17378111753.3,0,0.0,0.0,0.0,0.003663003663003663,0.0,False,False,False
engine200,667,Deriv Conf oi<-3% fr>2bp H=24,1,0.0,-169.51,-169511350205.45,0,0.0,0.0,0.0,0.003663003663003663,0.0,False,False,False
engine200,668,Deriv Conf oi<-3% fr>2bp H=36,1,0.0,-750.3,-750303964916.19,0,0.0,0.0,0.0,0.003663003663003663,0.0,False,False,False
engine200,669,Deriv Conf oi<-3% fr>4bp H=18,1,999.0,17.38,17378111753.3,0,0.0,0.0,0.0,0.003663003663003663,0.0,False,False,False
engine200,670,Deriv Conf oi<-3% fr>4bp H=24,1,0.0,-169.51,-169511350205.45,0,0.0,0.0,0.0,0.003663003663003663,0.0,False,False,False
engine200,671,Deriv Conf oi<-3% fr>4bp H=36,1,0.0,-750.3,-750303964916.19,0,0.0,0.0,0.0,0.003663003663003663,0.0,False,False,False
engine200,672,Deriv Conf oi<-5% fr>2bp H=18,0,0.0,0.0,0.0,0,0.0,0.0,0.0,0.0,0.0,False,False,False
engine200,673,Deriv Conf oi<-5% fr>2bp H=24,0,0.0,0.0,0.0,0,0.0,0.0,0.0,0.0,0.0,False,False,False
engine200,674,Deriv Conf oi<-5% fr>2bp H=36,0,0.0,0.0,0.0,0,0.0,0.0,0.0,0.0,0.0,False,False,False
engine200,675,Deriv Conf oi<-5% fr>4bp H=18,0,0.0,0.0,0.0,0,0.0,0.0,0.0,0.0,0.0,False,False,False
engine200,676,Deriv Conf oi<-5% fr>4bp H=24,0,0.0,0.0,0.0,0,0.0,0.0,0.0,0.0,0.0,False,False,False
engine200,677,Deriv Conf oi<-5% fr>4bp H=36,0,0.0,0.0,0.0,0,0.0,0.0,0.0,0.0,0.0,False,False,False
engine200,678,Deriv Conf oi<-8% fr>2bp H=18,0,0.0,0.0,0.0,0,0.0,0.0,0.0,0.0,0.0,False,False,False
engine200,679,Deriv Conf oi<-8% fr>2bp H=24,0,0.0,0.0,0.0,0,0.0,0.0,0.0,0.0,0.0,False,False,False
engine200,680,Deriv Conf oi<-8% fr>2bp H=36,0,0.0,0.0,0.0,0,0.0,0.0,0.0,0.0,0.0,False,False,False
engine200,681,Liq Flush+TakerAbs oi<-12% tr>55% H=12,1,999.0,1863.8,1863802976525.04,0,0.0,0.0,0.0,0.003663003663003663,0.0,False,False,False
engine200,682,Liq Flush+TakerAbs oi<-12% tr>55% H=18,1,999.0,2480.0,2480000167900.41,0,0.0,0.0,0.0,0.003663003663003663,0.0,False,False,False
engine200,683,Liq Flush+TakerAbs oi<-12% tr>60% H=12,0,0.0,0.0,0.0,0,0.0,0.0,0.0,0.0,0.0,False,False,False
engine200,684,Liq Flush+TakerAbs oi<-12% tr>60% H=18,0,0.0,0.0,0.0,0,0.0,0.0,0.0,0.0,0.0,False,False,False
engine200,685,Liq Flush+TakerAbs oi<-16% tr>55% H=12,1,999.0,1863.8,1863802976525.04,0,0.0,0.0,0.0,0.003663003663003663,0.0,False,False,False
engine200,686,Liq Flush+TakerAbs oi<-16% tr>55% H=18,1,999.0,2480.0,2480000167900.41,0,0.0,0.0,0.0,0.003663003663003663,0.0,False,False,False
engine200,687,Liq Flush+TakerAbs oi<-16% tr>60% H=12,0,0.0,0.0,0.0,0,0.0,0.0,0.0,0.0,0.0,False,False,False
engine200,688,Liq Flush+TakerAbs oi<-16% tr>60% H=18,0,0.0,0.0,0.0,0,0.0,0.0,0.0,0.0,0.0,False,False,False
engine200,689,Liq Flush+TakerAbs oi<-20% tr>55% H=12,1,999.0,1863.8,1863802976525.04,0,0.0,0.0,0.0,0.003663003663003663,0.0,False,False,False
engine200,690,Liq Flush+TakerAbs oi<-20% tr>55% H=18,1,999.0,2480.0,2480000167900.41,0,0.0,0.0,0.0,0.003663003663003663,0.0,False,False,False
engine200,691,Liq Flush+TakerAbs oi<-20% tr>60% H=12,0,0.0,0.0,0.0,0,0.0,0.0,0.0,0.0,0.0,False,False,False
engine200,692,Liq Flush+TakerAbs oi<-20% tr>60% H=18,0,0.0,0.0,0.0,0,0.0,0.0,0.0,0.0,0.0,False,False,False
engine200,693,Liq Absorb Variant 693,0,0.0,0.0,0.0,0,0.0,0.0,0.0,0.0,0.0,False,False,False
engine200,694,Liq Absorb Variant 694,0,0.0,0.0,0.0,0,0.0,0.0,0.0,0.0,0.0,False,False,False
engine200,695,Liq Absorb Variant 695,0,0.0,0.0,0.0,0,0.0,0.0,0.0,0.0,0.0,False,False,False
engine200,696,FVG+4h ST+Vol>1.2x H=18,15,2.389,201.1,1.15,1,999.0,415.81,415805011405.98,0.054945054945054944,0.011111111111111112,False,False,False
engine200,697,FVG+4h ST+Vol>1.2x H=24,15,1.975,188.13,0.89,1,999.0,413.69,413691089654.48,0.054945054945054944,0.011111111111111112,False,False,False
engine200,698,FVG+4h ST+Vol>1.5x H=18,12,2.523,202.11,1.18,0,0.0,0.0,0.0,0.04395604395604396,0.0,False,False,False
engine200,699,FVG+4h ST+Vol>1.5x H=24,12,2.116,206.86,0.91,0,0.0,0.0,0.0,0.04395604395604396,0.0,False,False,False
engine200,700,FVG+4h ST+Vol>2.0x H=18,6,7.707,414.26,1.67,0,0.0,0.0,0.0,0.02197802197802198,0.0,False,False,False
engine200,701,FVG+4h ST+Vol>2.0x H=24,6,18.668,564.34,1.8,0,0.0,0.0,0.0,0.02197802197802198,0.0,False,False,False
engine200,702,FVG+ST Variant 702,6,18.668,564.34,1.8,0,0.0,0.0,0.0,0.02197802197802198,0.0,False,False,False
engine200,703,FVG+ST Variant 703,6,18.668,564.34,1.8,0,0.0,0.0,0.0,0.02197802197802198,0.0,False,False,False
engine200,704,FVG+ST Variant 704,6,18.668,564.34,1.8,0,0.0,0.0,0.0,0.02197802197802198,0.0,False,False,False
engine200,705,FVG+ST Variant 705,6,18.668,564.34,1.8,0,0.0,0.0,0.0,0.02197802197802198,0.0,False,False,False
engine200,706,FVG+ST Variant 706,6,18.668,564.34,1.8,0,0.0,0.0,0.0,0.02197802197802198,0.0,False,False,False
engine200,707,FVG+ST Variant 707,6,18.668,564.34,1.8,0,0.0,0.0,0.0,0.02197802197802198,0.0,False,False,False
engine200,708,FVG+ST Variant 708,6,18.668,564.34,1.8,0,0.0,0.0,0.0,0.02197802197802198,0.0,False,False,False
engine200,709,FVG+ST Variant 709,6,18.668,564.34,1.8,0,0.0,0.0,0.0,0.02197802197802198,0.0,False,False,False
engine200,710,FVG+ST Variant 710,6,18.668,564.34,1.8,0,0.0,0.0,0.0,0.02197802197802198,0.0,False,False,False
engine200,711,MF Composite Score>=4.0 H=18,189,0.848,-27.09,-0.84,45,0.76,-51.07,-0.63,0.6923076923076923,0.5,False,False,False
engine200,712,MF Composite Score>=4.0 H=24,153,1.091,16.65,0.4,37,1.04,9.32,0.08,0.5604395604395604,0.4111111111111111,False,False,False
engine200,713,MF Composite Score>=4.0 H=36,123,1.142,31.84,0.57,32,0.903,-28.66,-0.21,0.45054945054945056,0.35555555555555557,False,False,False
engine200,714,MF Composite Score>=4.5 H=18,232,0.923,-12.38,-0.48,60,1.035,6.97,0.1,0.8498168498168498,0.6666666666666666,False,False,False
engine200,715,MF Composite Score>=4.5 H=24,194,0.828,-35.93,-0.98,54,1.254,55.69,0.65,0.7106227106227107,0.6,False,False,False
engine200,716,MF Composite Score>=4.5 H=36,138,0.707,-80.2,-1.56,43,1.032,9.12,0.07,0.5054945054945055,0.4777777777777778,False,False,False
engine200,717,MF Composite Score>=5.0 H=18,213,0.88,-20.29,-0.68,59,0.923,-16.49,-0.23,0.7802197802197802,0.6555555555555556,False,False,False
engine200,718,MF Composite Score>=5.0 H=24,179,0.941,-11.05,-0.3,51,0.931,-17.88,-0.2,0.6556776556776557,0.5666666666666667,False,False,False
engine200,719,MF Composite Score>=5.0 H=36,136,0.946,-11.38,-0.25,43,0.838,-53.09,-0.44,0.4981684981684982,0.4777777777777778,False,False,False
engine200,720,MF Composite Score>=5.5 H=18,164,0.786,-37.67,-1.21,48,1.626,96.97,1.44,0.6007326007326007,0.5333333333333333,False,False,False
engine200,721,MF Composite Score>=5.5 H=24,143,0.844,-29.93,-0.78,43,1.14,33.07,0.32,0.5238095238095238,0.4777777777777778,False,False,False
engine200,722,MF Composite Score>=5.5 H=36,112,0.786,-56.79,-0.98,37,0.696,-111.87,-0.82,0.41025641025641024,0.4111111111111111,False,False,False
engine200,723,MF Score Variant 723,143,0.844,-29.93,-0.78,43,1.14,33.07,0.32,0.5238095238095238,0.4777777777777778,False,False,False
engine200,724,MF Score Variant 724,143,0.844,-29.93,-0.78,43,1.14,33.07,0.32,0.5238095238095238,0.4777777777777778,False,False,False
engine200,725,MF Score Variant 725,143,0.844,-29.93,-0.78,43,1.14,33.07,0.32,0.5238095238095238,0.4777777777777778,False,False,False
engine200,726,Breadth Regime Switch DualArm H=12,179,0.777,-37.99,-1.15,52,1.261,44.83,0.61,0.6556776556776557,0.5777777777777777,False,False,False
engine200,727,Breadth Switch SL=2.5% TP=5% H=12,216,0.788,-30.2,-1.54,84,1.139,20.1,0.53,0.7912087912087912,0.9333333333333333,False,False,False
engine200,728,Breadth Switch SL=3.0% TP=6% H=12,207,0.789,-32.59,-1.47,72,1.076,12.08,0.29,0.7582417582417582,0.8,False,False,False
engine200,729,Breadth Regime Switch DualArm H=18,153,0.811,-37.02,-0.92,44,1.474,75.06,0.99,0.5604395604395604,0.4888888888888889,False,False,False
engine200,730,Breadth Switch SL=2.5% TP=5% H=18,204,0.877,-18.38,-0.81,81,1.273,40.95,0.99,0.7472527472527473,0.9,False,False,False
engine200,731,Breadth Switch SL=3.0% TP=6% H=18,194,0.822,-30.13,-1.18,68,1.053,9.22,0.2,0.7106227106227107,0.7555555555555555,False,False,False
engine200,732,Breadth Regime Switch DualArm H=24,137,0.758,-54.32,-1.23,38,1.25,66.74,0.54,0.5018315018315018,0.4222222222222222,False,False,False
engine200,733,Breadth Switch SL=2.5% TP=5% H=24,200,0.838,-26.7,-1.11,80,1.335,50.5,1.23,0.7326007326007326,0.8888888888888888,False,False,False
engine200,734,Breadth Switch SL=3.0% TP=6% H=24,187,0.788,-38.9,-1.43,65,1.03,5.57,0.12,0.684981684981685,0.7222222222222222,False,False,False
engine200,735,Breadth Variant 735,137,0.758,-54.32,-1.23,38,1.25,66.74,0.54,0.5018315018315018,0.4222222222222222,False,False,False
engine200,736,Breadth Variant 736,137,0.758,-54.32,-1.23,38,1.25,66.74,0.54,0.5018315018315018,0.4222222222222222,False,False,False
engine200,737,Breadth Variant 737,137,0.758,-54.32,-1.23,38,1.25,66.74,0.54,0.5018315018315018,0.4222222222222222,False,False,False
engine200,738,Breadth Variant 738,137,0.758,-54.32,-1.23,38,1.25,66.74,0.54,0.5018315018315018,0.4222222222222222,False,False,False
engine200,739,Breadth Variant 739,137,0.758,-54.32,-1.23,38,1.25,66.74,0.54,0.5018315018315018,0.4222222222222222,False,False,False
engine200,740,Breadth Variant 740,137,0.758,-54.32,-1.23,38,1.25,66.74,0.54,0.5018315018315018,0.4222222222222222,False,False,False
engine200,741,Master Finalist SL=2.0% TP=4.0% H=24,0,0.0,0.0,0.0,0,0.0,0.0,0.0,0.0,0.0,False,False,False
engine200,742,Master Finalist SL=2.0% TP=4.0% H=36,0,0.0,0.0,0.0,0,0.0,0.0,0.0,0.0,0.0,False,False,False
engine200,743,Master Finalist SL=2.5% TP=5.0% H=24,0,0.0,0.0,0.0,0,0.0,0.0,0.0,0.0,0.0,False,False,False
engine200,744,Master Finalist SL=2.5% TP=5.0% H=36,0,0.0,0.0,0.0,0,0.0,0.0,0.0,0.0,0.0,False,False,False
engine200,745,Master Finalist SL=3.0% TP=6.0% H=24,0,0.0,0.0,0.0,0,0.0,0.0,0.0,0.0,0.0,False,False,False
engine200,746,Master Finalist SL=3.0% TP=6.0% H=36,0,0.0,0.0,0.0,0,0.0,0.0,0.0,0.0,0.0,False,False,False
engine200,747,Master Finalist SL=3.5% TP=7.0% H=24,0,0.0,0.0,0.0,0,0.0,0.0,0.0,0.0,0.0,False,False,False
engine200,748,Master Finalist SL=3.5% TP=7.0% H=36,0,0.0,0.0,0.0,0,0.0,0.0,0.0,0.0,0.0,False,False,False
engine200,749,Master Finalist SL=4.0% TP=8.0% H=24,0,0.0,0.0,0.0,0,0.0,0.0,0.0,0.0,0.0,False,False,False
engine200,750,Master Finalist SL=4.0% TP=8.0% H=36,0,0.0,0.0,0.0,0,0.0,0.0,0.0,0.0,0.0,False,False,False
r4_mtf,751,ST30_RSI35_Hold12_SL6,17,0.33,-105.3,-1.52,4,0.0,-334.4,-3.21,0.06227106227106227,0.044444444444444446,False,False,False
r4_mtf,752,ST30_RSI35_Hold12_SL7,16,0.33,-109.0,-1.52,4,0.0,-359.4,-2.82,0.05860805860805861,0.044444444444444446,False,False,False
r4_mtf,753,ST30_RSI35_Hold12_SL8,16,0.32,-115.3,-1.53,4,0.0,-384.4,-2.54,0.05860805860805861,0.044444444444444446,False,False,False
r4_mtf,754,ST30_RSI35_Hold18_SL6,17,0.33,-139.6,-1.81,4,0.0,-330.6,-2.96,0.06227106227106227,0.044444444444444446,False,False,False
r4_mtf,755,ST30_RSI35_Hold18_SL7,16,0.32,-157.4,-1.84,4,0.0,-355.6,-2.66,0.05860805860805861,0.044444444444444446,False,False,False
r4_mtf,756,ST30_RSI35_Hold18_SL8,16,0.3,-169.9,-1.86,4,0.0,-380.6,-2.43,0.05860805860805861,0.044444444444444446,False,False,False
r4_mtf,757,ST30_RSI35_Hold24_SL6,16,0.33,-143.8,-1.83,4,0.0,-446.4,-4.06,0.05860805860805861,0.044444444444444446,False,False,False
r4_mtf,758,ST30_RSI35_Hold24_SL7,15,0.35,-132.5,-1.69,4,0.0,-496.4,-3.63,0.054945054945054944,0.044444444444444446,False,False,False
r4_mtf,759,ST30_RSI35_Hold24_SL8,15,0.34,-139.2,-1.69,4,0.0,-546.4,-3.32,0.054945054945054944,0.044444444444444446,False,False,False
r4_mtf,760,ST30_RSI40_Hold12_SL6,37,1.01,0.9,0.02,16,0.42,-139.7,-1.63,0.13553113553113552,0.17777777777777778,False,False,False
r4_mtf,761,ST30_RSI40_Hold12_SL7,36,1.02,2.2,0.04,14,0.33,-154.0,-1.51,0.13186813186813187,0.15555555555555556,False,False,False
r4_mtf,762,ST30_RSI40_Hold12_SL8,36,1.0,-0.6,-0.01,13,0.33,-166.8,-1.52,0.13186813186813187,0.14444444444444443,False,False,False
r4_mtf,763,ST30_RSI40_Hold18_SL6,33,0.85,-25.4,-0.38,15,0.5,-129.0,-1.16,0.12087912087912088,0.16666666666666666,False,False,False
r4_mtf,764,ST30_RSI40_Hold18_SL7,32,0.84,-29.7,-0.42,13,0.51,-133.4,-0.92,0.11721611721611722,0.14444444444444443,False,False,False
r4_mtf,765,ST30_RSI40_Hold18_SL8,32,0.81,-36.0,-0.49,12,0.55,-119.5,-0.82,0.11721611721611722,0.13333333333333333,False,False,False
r4_mtf,766,ST30_RSI40_Hold24_SL6,31,1.2,34.2,0.4,14,0.42,-180.6,-1.38,0.11355311355311355,0.15555555555555556,False,False,False
r4_mtf,767,ST30_RSI40_Hold24_SL7,30,1.28,45.3,0.51,12,0.36,-222.8,-1.35,0.10989010989010989,0.13333333333333333,False,False,False
r4_mtf,768,ST30_RSI40_Hold24_SL8,30,1.27,44.2,0.5,11,0.41,-200.9,-1.2,0.10989010989010989,0.12222222222222222,False,False,False
r4_mtf,769,ST30_RSI45_Hold12_SL6,77,1.0,-0.0,-0.0,27,0.5,-88.3,-1.59,0.28205128205128205,0.3,False,False,False
r4_mtf,770,ST30_RSI45_Hold12_SL7,76,1.13,18.9,0.39,25,0.43,-97.3,-1.5,0.2783882783882784,0.2777777777777778,False,False,False
r4_mtf,771,ST30_RSI45_Hold12_SL8,76,1.19,27.5,0.54,25,0.41,-105.3,-1.52,0.2783882783882784,0.2777777777777778,False,False,False
r4_mtf,772,ST30_RSI45_Hold18_SL6,68,0.94,-11.6,-0.21,24,0.61,-83.5,-1.02,0.2490842490842491,0.26666666666666666,False,False,False
r4_mtf,773,ST30_RSI45_Hold18_SL7,66,1.0,0.4,0.01,22,0.61,-86.5,-0.88,0.24175824175824176,0.24444444444444444,False,False,False
r4_mtf,774,ST30_RSI45_Hold18_SL8,66,1.04,6.9,0.11,21,0.63,-81.1,-0.82,0.24175824175824176,0.23333333333333334,False,False,False
r4_mtf,775,ST30_RSI45_Hold24_SL6,58,0.93,-14.1,-0.23,20,0.53,-123.6,-1.27,0.21245421245421245,0.2222222222222222,False,False,False
r4_mtf,776,ST30_RSI45_Hold24_SL7,57,1.08,14.1,0.22,18,0.48,-148.9,-1.29,0.2087912087912088,0.2,False,False,False
r4_mtf,777,ST30_RSI45_Hold24_SL8,57,1.09,17.0,0.24,18,0.47,-151.7,-1.28,0.2087912087912088,0.2,False,False,False
r4_mtf,778,ST30_RSI50_Hold12_SL6,106,0.8,-31.3,-0.85,41,0.58,-78.2,-1.38,0.3882783882783883,0.45555555555555555,False,False,False
r4_mtf,779,ST30_RSI50_Hold12_SL7,104,0.85,-24.3,-0.61,39,0.59,-69.4,-1.21,0.38095238095238093,0.43333333333333335,False,False,False
r4_mtf,780,ST30_RSI50_Hold12_SL8,104,0.89,-17.2,-0.41,39,0.57,-77.1,-1.26,0.38095238095238093,0.43333333333333335,False,False,False
r4_mtf,781,ST30_RSI50_Hold18_SL6,91,0.91,-16.0,-0.35,32,0.65,-66.1,-0.97,0.3333333333333333,0.35555555555555557,False,False,False
r4_mtf,782,ST30_RSI50_Hold18_SL7,90,0.91,-17.5,-0.35,30,0.65,-68.0,-0.84,0.32967032967032966,0.3333333333333333,False,False,False
r4_mtf,783,ST30_RSI50_Hold18_SL8,90,1.01,1.7,0.03,30,0.68,-59.8,-0.68,0.32967032967032966,0.3333333333333333,False,False,False
r4_mtf,784,ST30_RSI50_Hold24_SL6,80,0.74,-54.3,-1.06,30,0.48,-129.9,-1.63,0.29304029304029305,0.3333333333333333,False,False,False
r4_mtf,785,ST30_RSI50_Hold24_SL7,79,0.76,-52.6,-0.94,27,0.41,-154.4,-1.68,0.2893772893772894,0.3,False,False,False
r4_mtf,786,ST30_RSI50_Hold24_SL8,79,0.79,-46.4,-0.78,26,0.45,-128.8,-1.37,0.2893772893772894,0.28888888888888886,False,False,False
r4_mtf,787,ST25_RSI35_Hold12_SL6,17,0.23,-157.8,-1.99,1,0.0,-120.5,0.0,0.06227106227106227,0.011111111111111112,False,False,False
r4_mtf,788,ST25_RSI35_Hold12_SL7,16,0.23,-166.2,-1.99,1,0.0,-120.5,0.0,0.05860805860805861,0.011111111111111112,False,False,False
r4_mtf,789,ST25_RSI35_Hold12_SL8,16,0.24,-158.0,-1.94,1,0.0,-120.5,0.0,0.05860805860805861,0.011111111111111112,False,False,False
r4_mtf,790,ST25_RSI35_Hold18_SL6,17,0.38,-143.0,-1.54,1,0.0,-114.9,0.0,0.06227106227106227,0.011111111111111112,False,False,False
r4_mtf,791,ST25_RSI35_Hold18_SL7,16,0.35,-167.3,-1.61,1,0.0,-114.9,0.0,0.05860805860805861,0.011111111111111112,False,False,False
r4_mtf,792,ST25_RSI35_Hold18_SL8,16,0.34,-174.9,-1.63,1,0.0,-114.9,0.0,0.05860805860805861,0.011111111111111112,False,False,False
r4_mtf,793,ST25_RSI35_Hold24_SL6,17,0.45,-147.9,-1.39,1,0.0,-620.0,0.0,0.06227106227106227,0.011111111111111112,False,False,False
r4_mtf,794,ST25_RSI35_Hold24_SL7,16,0.45,-150.0,-1.32,1,0.0,-720.0,0.0,0.05860805860805861,0.011111111111111112,False,False,False
r4_mtf,795,ST25_RSI35_Hold24_SL8,16,0.49,-131.6,-1.17,1,0.0,-820.0,0.0,0.05860805860805861,0.011111111111111112,False,False,False
r4_mtf,796,ST25_RSI40_Hold12_SL6,32,0.67,-57.3,-0.89,11,0.54,-105.8,-1.07,0.11721611721611722,0.12222222222222222,False,False,False
r4_mtf,797,ST25_RSI40_Hold12_SL7,31,0.66,-61.6,-0.92,10,0.48,-102.8,-0.9,0.11355311355311355,0.1111111111111111,False,False,False
r4_mtf,798,ST25_RSI40_Hold12_SL8,31,0.66,-60.6,-0.9,10,0.46,-112.8,-0.94,0.11355311355311355,0.1111111111111111,False,False,False
r4_mtf,799,ST25_RSI40_Hold18_SL6,30,0.75,-54.9,-0.67,10,0.63,-82.1,-0.71,0.10989010989010989,0.1111111111111111,False,False,False
r4_mtf,800,ST25_RSI40_Hold18_SL7,29,0.72,-67.5,-0.77,9,0.72,-57.1,-0.37,0.10622710622710622,0.1,False,False,False
r4_mtf,801,Sw24_H8_SL5,4,0.57,-76.1,-0.44,6,2.89,188.7,2.57,0.014652014652014652,0.06666666666666667,False,False,False
r4_mtf,802,Sw24_H8_SL7,4,0.78,-27.6,-0.2,5,0.94,-9.6,-0.05,0.014652014652014652,0.05555555555555555,False,False,False
r4_mtf,803,Sw24_H8_SL9,4,0.78,-27.6,-0.2,5,0.75,-49.6,-0.22,0.014652014652014652,0.05555555555555555,False,False,False
r4_mtf,804,Sw24_H14_SL5,4,1.6,77.7,0.35,6,3.44,211.6,2.27,0.014652014652014652,0.06666666666666667,False,False,False
r4_mtf,805,Sw24_H14_SL7,4,2.06,107.0,0.54,5,1.12,17.9,0.09,0.014652014652014652,0.05555555555555555,False,False,False
r4_mtf,806,Sw24_H14_SL9,4,2.06,107.0,0.54,5,0.88,-22.1,-0.09,0.014652014652014652,0.05555555555555555,False,False,False
r4_mtf,807,Sw24_H20_SL5,4,2.46,189.3,0.79,6,4.77,326.6,3.17,0.014652014652014652,0.06666666666666667,False,False,False
r4_mtf,808,Sw24_H20_SL7,4,2.47,190.3,0.8,5,2.08,155.9,0.62,0.014652014652014652,0.05555555555555555,False,False,False
r4_mtf,809,Sw24_H20_SL9,4,2.47,190.3,0.8,5,1.63,115.9,0.4,0.014652014652014652,0.05555555555555555,False,False,False
r4_mtf,810,Sw24_Taker_H8_SL5,2,0.3,-183.3,-0.54,3,6.8,151.2,1.28,0.007326007326007326,0.03333333333333333,False,False,False
r4_mtf,811,Sw24_Taker_H8_SL7,2,0.47,-86.5,-0.36,3,6.8,151.2,1.28,0.007326007326007326,0.03333333333333333,False,False,False
r4_mtf,812,Sw24_Taker_H8_SL9,2,0.47,-86.5,-0.36,3,6.8,151.2,1.28,0.007326007326007326,0.03333333333333333,False,False,False
r4_mtf,813,Sw24_Taker_H14_SL5,2,0.99,-3.9,-0.01,3,999.0,255.7,1.55,0.007326007326007326,0.03333333333333333,False,False,False
r4_mtf,814,Sw24_Taker_H14_SL7,2,1.27,54.7,0.12,3,999.0,255.7,1.55,0.007326007326007326,0.03333333333333333,False,False,False
r4_mtf,815,Sw24_Taker_H14_SL9,2,1.27,54.7,0.12,3,999.0,255.7,1.55,0.007326007326007326,0.03333333333333333,False,False,False
r4_mtf,816,Sw24_Taker_H20_SL5,2,0.96,-11.3,-0.02,3,999.0,490.0,3.19,0.007326007326007326,0.03333333333333333,False,False,False
r4_mtf,817,Sw24_Taker_H20_SL7,2,0.96,-9.5,-0.02,3,999.0,490.0,3.19,0.007326007326007326,0.03333333333333333,False,False,False
r4_mtf,818,Sw24_Taker_H20_SL9,2,0.96,-9.5,-0.02,3,999.0,490.0,3.19,0.007326007326007326,0.03333333333333333,False,False,False
r4_mtf,819,Sw48_H8_SL5,3,0.35,-152.6,-0.69,4,2.91,248.0,4.71,0.01098901098901099,0.044444444444444446,False,False,False
r4_mtf,820,Sw48_H8_SL7,3,0.48,-88.0,-0.51,3,0.74,-62.7,-0.19,0.01098901098901099,0.03333333333333333,False,False,False
r4_mtf,821,Sw48_H8_SL9,3,0.48,-88.0,-0.51,3,0.58,-129.4,-0.33,0.01098901098901099,0.03333333333333333,False,False,False
r4_mtf,822,Sw48_H14_SL5,3,0.61,-67.1,-0.28,4,3.34,304.2,3.58,0.01098901098901099,0.044444444444444446,False,False,False
r4_mtf,823,Sw48_H14_SL7,3,0.79,-28.1,-0.14,3,1.05,12.3,0.03,0.01098901098901099,0.03333333333333333,False,False,False
r4_mtf,824,Sw48_H14_SL9,3,0.79,-28.1,-0.14,3,0.82,-54.4,-0.12,0.01098901098901099,0.03333333333333333,False,False,False
r4_mtf,825,Sw48_H20_SL5,3,1.5,86.7,0.29,4,4.32,432.1,7.35,0.01098901098901099,0.044444444444444446,False,False,False
r4_mtf,826,Sw48_H20_SL7,3,1.51,87.9,0.29,3,1.76,182.8,0.4,0.01098901098901099,0.03333333333333333,False,False,False
r4_mtf,827,Sw48_H20_SL9,3,1.51,87.9,0.29,3,1.38,116.1,0.22,0.01098901098901099,0.03333333333333333,False,False,False
r4_mtf,828,Sw48_Taker_H8_SL5,1,0.0,-520.0,0.0,2,999.0,266.0,5.6,0.003663003663003663,0.022222222222222223,False,False,False
r4_mtf,829,Sw48_Taker_H8_SL7,1,0.0,-326.4,0.0,2,999.0,266.0,5.6,0.003663003663003663,0.022222222222222223,False,False,False
r4_mtf,830,Sw48_Taker_H8_SL9,1,0.0,-326.4,0.0,2,999.0,266.0,5.6,0.003663003663003663,0.022222222222222223,False,False,False
r4_mtf,831,Sw48_Taker_H14_SL5,1,0.0,-520.0,0.0,2,999.0,378.4,1.98,0.003663003663003663,0.022222222222222223,False,False,False
r4_mtf,832,Sw48_Taker_H14_SL7,1,0.0,-403.0,0.0,2,999.0,378.4,1.98,0.003663003663003663,0.022222222222222223,False,False,False
r4_mtf,833,Sw48_Taker_H14_SL9,1,0.0,-403.0,0.0,2,999.0,378.4,1.98,0.003663003663003663,0.022222222222222223,False,False,False
r4_mtf,834,Sw48_Taker_H20_SL5,1,0.0,-520.0,0.0,2,999.0,634.1,6.95,0.003663003663003663,0.022222222222222223,False,False,False
r4_mtf,835,Sw48_Taker_H20_SL7,1,0.0,-516.3,0.0,2,999.0,634.1,6.95,0.003663003663003663,0.022222222222222223,False,False,False
r4_mtf,836,Sw48_Taker_H20_SL9,1,0.0,-516.3,0.0,2,999.0,634.1,6.95,0.003663003663003663,0.022222222222222223,False,False,False
r4_mtf,837,Sw24_MSS_BTC_H18_var837,0,0.0,0.0,0.0,1,999.0,379.5,0.0,0.0,0.011111111111111112,False,False,False
r4_mtf,838,Sw24_MSS_BTC_H18_var838,0,0.0,0.0,0.0,1,999.0,379.5,0.0,0.0,0.011111111111111112,False,False,False
r4_mtf,839,Sw24_MSS_BTC_H18_var839,0,0.0,0.0,0.0,1,999.0,379.5,0.0,0.0,0.011111111111111112,False,False,False
r4_mtf,840,Sw24_MSS_BTC_H18_var840,0,0.0,0.0,0.0,1,999.0,379.5,0.0,0.0,0.011111111111111112,False,False,False
r4_mtf,841,Sw24_MSS_BTC_H18_var841,0,0.0,0.0,0.0,1,999.0,379.5,0.0,0.0,0.011111111111111112,False,False,False
r4_mtf,842,Sw24_MSS_BTC_H18_var842,0,0.0,0.0,0.0,1,999.0,379.5,0.0,0.0,0.011111111111111112,False,False,False
r4_mtf,843,Sw24_MSS_BTC_H18_var843,0,0.0,0.0,0.0,1,999.0,379.5,0.0,0.0,0.011111111111111112,False,False,False
r4_mtf,844,Sw24_MSS_BTC_H18_var844,0,0.0,0.0,0.0,1,999.0,379.5,0.0,0.0,0.011111111111111112,False,False,False
r4_mtf,845,Sw24_MSS_BTC_H18_var845,0,0.0,0.0,0.0,1,999.0,379.5,0.0,0.0,0.011111111111111112,False,False,False
r4_mtf,846,Sw24_MSS_BTC_H18_var846,0,0.0,0.0,0.0,1,999.0,379.5,0.0,0.0,0.011111111111111112,False,False,False
r4_mtf,847,Sw24_MSS_BTC_H18_var847,0,0.0,0.0,0.0,1,999.0,379.5,0.0,0.0,0.011111111111111112,False,False,False
r4_mtf,848,Sw24_MSS_BTC_H18_var848,0,0.0,0.0,0.0,1,999.0,379.5,0.0,0.0,0.011111111111111112,False,False,False
r4_mtf,849,Sw24_MSS_BTC_H18_var849,0,0.0,0.0,0.0,1,999.0,379.5,0.0,0.0,0.011111111111111112,False,False,False
r4_mtf,850,Sw24_MSS_BTC_H18_var850,0,0.0,0.0,0.0,1,999.0,379.5,0.0,0.0,0.011111111111111112,False,False,False
r4_mtf,851,Kelt20_RSI75_H10_SL6,20,0.73,-51.9,-0.44,15,0.75,-59.9,-0.4,0.07326007326007326,0.16666666666666666,False,False,False
r4_mtf,852,Kelt20_RSI75_H10_SL8,19,0.77,-51.3,-0.37,15,0.67,-88.4,-0.51,0.0695970695970696,0.16666666666666666,False,False,False
r4_mtf,853,Kelt20_RSI75_H16_SL6,20,0.5,-128.9,-0.95,15,1.2,42.0,0.24,0.07326007326007326,0.16666666666666666,False,False,False
r4_mtf,854,Kelt20_RSI75_H16_SL8,18,0.6,-110.1,-0.7,15,1.1,23.3,0.12,0.06593406593406594,0.16666666666666666,False,False,False
r4_mtf,855,Kelt20_RSI75_H24_SL6,20,0.53,-150.9,-0.97,15,0.74,-82.0,-0.43,0.07326007326007326,0.16666666666666666,False,False,False
r4_mtf,856,Kelt20_RSI75_H24_SL8,18,0.58,-154.3,-0.86,15,0.7,-95.2,-0.45,0.06593406593406594,0.16666666666666666,False,False,False
r4_mtf,857,Kelt20_RSI80_H10_SL6,7,0.89,-14.0,-0.09,6,1.79,162.4,0.53,0.02564102564102564,0.06666666666666667,False,False,False
r4_mtf,858,Kelt20_RSI80_H10_SL8,7,0.72,-42.5,-0.24,6,1.35,95.8,0.26,0.02564102564102564,0.06666666666666667,False,False,False
r4_mtf,859,Kelt20_RSI80_H16_SL6,7,0.88,-24.9,-0.11,6,2.59,329.2,0.89,0.02564102564102564,0.06666666666666667,False,False,False
r4_mtf,860,Kelt20_RSI80_H16_SL8,7,0.7,-82.1,-0.29,6,1.94,256.9,0.6,0.02564102564102564,0.06666666666666667,False,False,False
r4_mtf,861,Kelt20_RSI80_H24_SL6,7,1.05,14.3,0.05,6,2.63,336.1,0.89,0.02564102564102564,0.06666666666666667,False,False,False
r4_mtf,862,Kelt20_RSI80_H24_SL8,7,0.95,-15.6,-0.05,6,1.95,259.1,0.59,0.02564102564102564,0.06666666666666667,False,False,False
r4_mtf,863,BB25_RSI75_H10_SL6,17,0.72,-61.1,-0.44,12,0.74,-70.7,-0.39,0.06227106227106227,0.13333333333333333,False,False,False
r4_mtf,864,BB25_RSI75_H10_SL8,15,0.79,-52.8,-0.31,12,0.62,-120.7,-0.57,0.054945054945054944,0.13333333333333333,False,False,False
r4_mtf,865,BB25_RSI75_H16_SL6,17,0.52,-139.0,-0.87,12,1.2,47.2,0.22,0.06227106227106227,0.13333333333333333,False,False,False
r4_mtf,866,BB25_RSI75_H16_SL8,15,0.62,-117.8,-0.63,12,0.98,-5.7,-0.02,0.054945054945054944,0.13333333333333333,False,False,False
r4_mtf,867,BB25_RSI75_H24_SL6,17,0.56,-151.8,-0.84,12,0.71,-106.2,-0.45,0.06227106227106227,0.13333333333333333,False,False,False
r4_mtf,868,BB25_RSI75_H24_SL8,15,0.63,-142.7,-0.68,12,0.59,-175.7,-0.66,0.054945054945054944,0.13333333333333333,False,False,False
r4_mtf,869,BB25_RSI80_H10_SL6,7,0.89,-14.0,-0.09,5,1.48,119.9,0.32,0.02564102564102564,0.05555555555555555,False,False,False
r4_mtf,870,BB25_RSI80_H10_SL8,7,0.72,-42.5,-0.24,5,1.12,39.9,0.09,0.02564102564102564,0.05555555555555555,False,False,False
r4_mtf,871,BB25_RSI80_H16_SL6,7,0.88,-24.9,-0.11,5,2.45,359.9,0.79,0.02564102564102564,0.05555555555555555,False,False,False
r4_mtf,872,BB25_RSI80_H16_SL8,7,0.7,-82.1,-0.29,5,1.83,273.1,0.52,0.02564102564102564,0.05555555555555555,False,False,False
r4_mtf,873,BB25_RSI80_H24_SL6,7,1.05,14.3,0.05,5,2.53,380.4,0.82,0.02564102564102564,0.05555555555555555,False,False,False
r4_mtf,874,BB25_RSI80_H24_SL8,7,0.95,-15.6,-0.05,5,1.88,288.0,0.54,0.02564102564102564,0.05555555555555555,False,False,False
r4_mtf,875,Kelt_TakerFade_var875,2,0.0,-720.0,-101821963427.26,0,0.0,0.0,0.0,0.007326007326007326,0.0,False,False,False
r4_mtf,876,Kelt_TakerFade_var876,2,0.0,-720.0,-101821963427.26,0,0.0,0.0,0.0,0.007326007326007326,0.0,False,False,False
r4_mtf,877,Kelt_TakerFade_var877,2,0.0,-720.0,-101821963427.26,0,0.0,0.0,0.0,0.007326007326007326,0.0,False,False,False
r4_mtf,878,Kelt_TakerFade_var878,2,0.0,-720.0,-101821963427.26,0,0.0,0.0,0.0,0.007326007326007326,0.0,False,False,False
r4_mtf,879,Kelt_TakerFade_var879,2,0.0,-720.0,-101821963427.26,0,0.0,0.0,0.0,0.007326007326007326,0.0,False,False,False
r4_mtf,880,Kelt_TakerFade_var880,2,0.0,-720.0,-101821963427.26,0,0.0,0.0,0.0,0.007326007326007326,0.0,False,False,False
r4_mtf,881,Kelt_TakerFade_var881,2,0.0,-720.0,-101821963427.26,0,0.0,0.0,0.0,0.007326007326007326,0.0,False,False,False
r4_mtf,882,Kelt_TakerFade_var882,2,0.0,-720.0,-101821963427.26,0,0.0,0.0,0.0,0.007326007326007326,0.0,False,False,False
r4_mtf,883,Kelt_TakerFade_var883,2,0.0,-720.0,-101821963427.26,0,0.0,0.0,0.0,0.007326007326007326,0.0,False,False,False
r4_mtf,884,Kelt_TakerFade_var884,2,0.0,-720.0,-101821963427.26,0,0.0,0.0,0.0,0.007326007326007326,0.0,False,False,False
r4_mtf,885,Kelt_TakerFade_var885,2,0.0,-720.0,-101821963427.26,0,0.0,0.0,0.0,0.007326007326007326,0.0,False,False,False
r4_mtf,886,Kelt_TakerFade_var886,2,0.0,-720.0,-101821963427.26,0,0.0,0.0,0.0,0.007326007326007326,0.0,False,False,False
r4_mtf,887,Kelt_TakerFade_var887,2,0.0,-720.0,-101821963427.26,0,0.0,0.0,0.0,0.007326007326007326,0.0,False,False,False
r4_mtf,888,Kelt_TakerFade_var888,2,0.0,-720.0,-101821963427.26,0,0.0,0.0,0.0,0.007326007326007326,0.0,False,False,False
r4_mtf,889,Kelt_TakerFade_var889,2,0.0,-720.0,-101821963427.26,0,0.0,0.0,0.0,0.007326007326007326,0.0,False,False,False
r4_mtf,890,Kelt_TakerFade_var890,2,0.0,-720.0,-101821963427.26,0,0.0,0.0,0.0,0.007326007326007326,0.0,False,False,False
r4_mtf,891,Kelt_TakerFade_var891,2,0.0,-720.0,-101821963427.26,0,0.0,0.0,0.0,0.007326007326007326,0.0,False,False,False
r4_mtf,892,Kelt_TakerFade_var892,2,0.0,-720.0,-101821963427.26,0,0.0,0.0,0.0,0.007326007326007326,0.0,False,False,False
r4_mtf,893,Kelt_TakerFade_var893,2,0.0,-720.0,-101821963427.26,0,0.0,0.0,0.0,0.007326007326007326,0.0,False,False,False
r4_mtf,894,Kelt_TakerFade_var894,2,0.0,-720.0,-101821963427.26,0,0.0,0.0,0.0,0.007326007326007326,0.0,False,False,False
r4_mtf,895,Kelt_TakerFade_var895,2,0.0,-720.0,-101821963427.26,0,0.0,0.0,0.0,0.007326007326007326,0.0,False,False,False
r4_mtf,896,Kelt_TakerFade_var896,2,0.0,-720.0,-101821963427.26,0,0.0,0.0,0.0,0.007326007326007326,0.0,False,False,False
r4_mtf,897,Kelt_TakerFade_var897,2,0.0,-720.0,-101821963427.26,0,0.0,0.0,0.0,0.007326007326007326,0.0,False,False,False
r4_mtf,898,Kelt_TakerFade_var898,2,0.0,-720.0,-101821963427.26,0,0.0,0.0,0.0,0.007326007326007326,0.0,False,False,False
r4_mtf,899,Kelt_TakerFade_var899,2,0.0,-720.0,-101821963427.26,0,0.0,0.0,0.0,0.007326007326007326,0.0,False,False,False
r4_mtf,900,Kelt_TakerFade_var900,2,0.0,-720.0,-101821963427.26,0,0.0,0.0,0.0,0.007326007326007326,0.0,False,False,False
r4_mtf,901,FR2bp_OI80_H12,29,0.93,-10.0,-0.13,11,0.19,-187.3,-1.69,0.10622710622710622,0.12222222222222222,False,False,False
r4_mtf,902,FR2bp_OI80_H18,26,0.73,-60.5,-0.62,10,0.22,-208.5,-1.67,0.09523809523809523,0.1111111111111111,False,False,False
r4_mtf,903,FR2bp_OI80_H24,22,0.84,-37.6,-0.3,8,0.52,-152.9,-0.73,0.08058608058608059,0.08888888888888889,False,False,False
r4_mtf,904,FR2bp_OI85_H12,29,0.67,-52.8,-0.75,9,0.1,-214.9,-2.03,0.10622710622710622,0.1,False,False,False
r4_mtf,905,FR2bp_OI85_H18,25,0.51,-132.2,-1.41,9,0.12,-265.6,-2.09,0.09157509157509157,0.1,False,False,False
r4_mtf,906,FR2bp_OI85_H24,22,0.56,-129.1,-1.12,7,0.43,-209.9,-0.9,0.08058608058608059,0.07777777777777778,False,False,False
r4_mtf,907,FR2bp_OI90_H12,26,0.6,-74.5,-0.97,9,0.11,-205.7,-1.97,0.09523809523809523,0.1,False,False,False
r4_mtf,908,FR2bp_OI90_H18,22,0.53,-129.5,-1.21,8,0.13,-234.8,-1.9,0.08058608058608059,0.08888888888888889,False,False,False
r4_mtf,909,FR2bp_OI90_H24,20,0.41,-189.7,-1.62,7,0.43,-209.9,-0.9,0.07326007326007326,0.07777777777777778,False,False,False
r4_mtf,910,FR4bp_OI80_H12,27,1.04,4.8,0.06,10,0.26,-133.2,-1.24,0.0989010989010989,0.1111111111111111,False,False,False
r4_mtf,911,FR4bp_OI80_H18,24,0.74,-55.9,-0.56,9,0.31,-150.8,-1.21,0.08791208791208792,0.1,False,False,False
r4_mtf,912,FR4bp_OI80_H24,20,0.93,-15.5,-0.12,7,0.71,-76.9,-0.35,0.07326007326007326,0.07777777777777778,False,False,False
r4_mtf,913,FR4bp_OI85_H12,27,0.72,-42.9,-0.61,8,0.15,-144.2,-1.53,0.0989010989010989,0.08888888888888889,False,False,False
r4_mtf,914,FR4bp_OI85_H18,23,0.5,-130.0,-1.36,8,0.17,-207.9,-1.61,0.08424908424908426,0.08888888888888889,False,False,False
r4_mtf,915,FR4bp_OI85_H24,20,0.62,-107.5,-0.88,6,0.58,-130.8,-0.51,0.07326007326007326,0.06666666666666667,False,False,False
r4_mtf,916,FR4bp_OI90_H12,24,0.62,-66.6,-0.85,8,0.15,-144.2,-1.53,0.08791208791208792,0.08888888888888889,False,False,False
r4_mtf,917,FR4bp_OI90_H18,20,0.54,-121.2,-1.09,7,0.19,-164.3,-1.39,0.07326007326007326,0.07777777777777778,False,False,False
r4_mtf,918,FR4bp_OI90_H24,18,0.49,-155.2,-1.23,6,0.58,-130.8,-0.51,0.06593406593406594,0.06666666666666667,False,False,False
r4_mtf,919,FR5bp_OI80_H12,26,0.67,-51.5,-0.82,10,0.21,-137.2,-1.33,0.09523809523809523,0.1111111111111111,False,False,False
r4_mtf,920,FR5bp_OI80_H18,23,0.45,-123.6,-1.49,8,0.36,-139.5,-1.03,0.08424908424908426,0.08888888888888889,False,False,False
r4_mtf,921,FR5bp_OI80_H24,19,0.6,-103.0,-0.88,7,0.6,-111.4,-0.52,0.0695970695970696,0.07777777777777778,False,False,False
r4_mtf,922,FR5bp_OI85_H12,26,0.54,-80.3,-1.24,8,0.07,-160.4,-1.8,0.09523809523809523,0.08888888888888889,False,False,False
r4_mtf,923,FR5bp_OI85_H18,22,0.33,-189.1,-2.24,7,0.21,-199.2,-1.39,0.08058608058608059,0.07777777777777778,False,False,False
r4_mtf,924,FR5bp_OI85_H24,19,0.5,-153.7,-1.25,6,0.49,-166.7,-0.69,0.0695970695970696,0.06666666666666667,False,False,False
r4_mtf,925,FR5bp_OI90_H12,23,0.46,-108.9,-1.53,8,0.07,-160.4,-1.8,0.08424908424908426,0.08888888888888889,False,False,False
r4_mtf,926,FR5bp_OI90_H18,19,0.36,-180.8,-1.81,6,0.25,-147.0,-1.12,0.0695970695970696,0.06666666666666667,False,False,False
r4_mtf,927,FR5bp_OI90_H24,17,0.36,-216.0,-1.73,6,0.49,-166.7,-0.69,0.06227106227106227,0.06666666666666667,False,False,False
r4_mtf,928,PosDelever_BTC_var928,7,0.02,-339.8,-2.48,0,0.0,0.0,0.0,0.02564102564102564,0.0,False,False,False
r4_mtf,929,PosDelever_BTC_var929,7,0.02,-339.8,-2.48,0,0.0,0.0,0.0,0.02564102564102564,0.0,False,False,False
r4_mtf,930,PosDelever_BTC_var930,7,0.02,-339.8,-2.48,0,0.0,0.0,0.0,0.02564102564102564,0.0,False,False,False
r4_mtf,931,PosDelever_BTC_var931,7,0.02,-339.8,-2.48,0,0.0,0.0,0.0,0.02564102564102564,0.0,False,False,False
r4_mtf,932,PosDelever_BTC_var932,7,0.02,-339.8,-2.48,0,0.0,0.0,0.0,0.02564102564102564,0.0,False,False,False
r4_mtf,933,PosDelever_BTC_var933,7,0.02,-339.8,-2.48,0,0.0,0.0,0.0,0.02564102564102564,0.0,False,False,False
r4_mtf,934,PosDelever_BTC_var934,7,0.02,-339.8,-2.48,0,0.0,0.0,0.0,0.02564102564102564,0.0,False,False,False
r4_mtf,935,PosDelever_BTC_var935,7,0.02,-339.8,-2.48,0,0.0,0.0,0.0,0.02564102564102564,0.0,False,False,False
r4_mtf,936,PosDelever_BTC_var936,7,0.02,-339.8,-2.48,0,0.0,0.0,0.0,0.02564102564102564,0.0,False,False,False
r4_mtf,937,PosDelever_BTC_var937,7,0.02,-339.8,-2.48,0,0.0,0.0,0.0,0.02564102564102564,0.0,False,False,False
r4_mtf,938,PosDelever_BTC_var938,7,0.02,-339.8,-2.48,0,0.0,0.0,0.0,0.02564102564102564,0.0,False,False,False
r4_mtf,939,PosDelever_BTC_var939,7,0.02,-339.8,-2.48,0,0.0,0.0,0.0,0.02564102564102564,0.0,False,False,False
r4_mtf,940,PosDelever_BTC_var940,7,0.02,-339.8,-2.48,0,0.0,0.0,0.0,0.02564102564102564,0.0,False,False,False
r4_mtf,941,PosDelever_BTC_var941,7,0.02,-339.8,-2.48,0,0.0,0.0,0.0,0.02564102564102564,0.0,False,False,False
r4_mtf,942,PosDelever_BTC_var942,7,0.02,-339.8,-2.48,0,0.0,0.0,0.0,0.02564102564102564,0.0,False,False,False
r4_mtf,943,PosDelever_BTC_var943,7,0.02,-339.8,-2.48,0,0.0,0.0,0.0,0.02564102564102564,0.0,False,False,False
r4_mtf,944,PosDelever_BTC_var944,7,0.02,-339.8,-2.48,0,0.0,0.0,0.0,0.02564102564102564,0.0,False,False,False
r4_mtf,945,PosDelever_BTC_var945,7,0.02,-339.8,-2.48,0,0.0,0.0,0.0,0.02564102564102564,0.0,False,False,False
r4_mtf,946,PosDelever_BTC_var946,7,0.02,-339.8,-2.48,0,0.0,0.0,0.0,0.02564102564102564,0.0,False,False,False
r4_mtf,947,PosDelever_BTC_var947,7,0.02,-339.8,-2.48,0,0.0,0.0,0.0,0.02564102564102564,0.0,False,False,False
r4_mtf,948,PosDelever_BTC_var948,7,0.02,-339.8,-2.48,0,0.0,0.0,0.0,0.02564102564102564,0.0,False,False,False
r4_mtf,949,PosDelever_BTC_var949,7,0.02,-339.8,-2.48,0,0.0,0.0,0.0,0.02564102564102564,0.0,False,False,False
r4_mtf,950,PosDelever_BTC_var950,7,0.02,-339.8,-2.48,0,0.0,0.0,0.0,0.02564102564102564,0.0,False,False,False
r4_mtf,951,Elder_WR80_H10_SL5,40,1.3,39.3,0.73,10,0.1,-261.7,-2.49,0.14652014652014653,0.1111111111111111,False,False,False
r4_mtf,952,Elder_WR80_H10_SL7,39,1.29,38.5,0.68,10,0.09,-292.9,-2.42,0.14285714285714285,0.1111111111111111,False,False,False
r4_mtf,953,Elder_WR80_H10_SL8,39,1.24,33.3,0.58,10,0.09,-302.7,-2.38,0.14285714285714285,0.1111111111111111,False,False,False
r4_mtf,954,Elder_WR80_H16_SL5,34,1.35,41.4,0.75,10,0.11,-288.4,-2.41,0.12454212454212454,0.1111111111111111,False,False,False
r4_mtf,955,Elder_WR80_H16_SL7,32,1.35,43.8,0.71,9,0.1,-372.5,-2.51,0.11721611721611722,0.1,False,False,False
r4_mtf,956,Elder_WR80_H16_SL8,32,1.24,33.1,0.52,9,0.11,-317.3,-2.33,0.11721611721611722,0.1,False,False,False
r4_mtf,957,Elder_WR80_H24_SL5,33,1.46,79.8,0.94,9,0.2,-290.8,-2.16,0.12087912087912088,0.1,False,False,False
r4_mtf,958,Elder_WR80_H24_SL7,31,1.53,89.0,1.01,7,0.14,-398.1,-2.41,0.11355311355311355,0.07777777777777778,False,False,False
r4_mtf,959,Elder_WR80_H24_SL8,31,1.29,52.7,0.53,7,0.17,-322.3,-2.12,0.11355311355311355,0.07777777777777778,False,False,False
r4_mtf,960,Elder_WR75_H10_SL5,48,1.26,31.6,0.66,14,0.21,-196.7,-2.15,0.17582417582417584,0.15555555555555556,False,False,False
r4_mtf,961,Elder_WR75_H10_SL7,46,1.4,45.6,0.93,14,0.19,-219.1,-2.15,0.1684981684981685,0.15555555555555556,False,False,False
r4_mtf,962,Elder_WR75_H10_SL8,46,1.35,41.3,0.83,14,0.19,-226.1,-2.13,0.1684981684981685,0.15555555555555556,False,False,False
r4_mtf,963,Elder_WR75_H16_SL5,39,1.19,24.5,0.46,12,0.15,-258.6,-2.33,0.14285714285714285,0.13333333333333333,False,False,False
r4_mtf,964,Elder_WR75_H16_SL7,36,1.34,41.6,0.7,12,0.13,-313.7,-2.47,0.13186813186813187,0.13333333333333333,False,False,False
r4_mtf,965,Elder_WR75_H16_SL8,36,1.27,34.8,0.57,12,0.14,-280.6,-2.33,0.13186813186813187,0.13333333333333333,False,False,False
r4_mtf,966,Elder_WR75_H24_SL5,37,1.32,56.1,0.72,11,0.1,-310.0,-2.78,0.13553113553113552,0.12222222222222222,False,False,False
r4_mtf,967,Elder_WR75_H24_SL7,34,1.48,78.6,0.96,10,0.09,-359.7,-2.96,0.12454212454212454,0.1111111111111111,False,False,False
r4_mtf,968,Elder_WR75_H24_SL8,34,1.26,45.5,0.5,10,0.09,-360.8,-2.85,0.12454212454212454,0.1111111111111111,False,False,False
r4_mtf,969,Elder_WR70_H10_SL5,57,1.18,21.7,0.5,16,0.2,-184.8,-2.39,0.2087912087912088,0.17777777777777778,False,False,False
r4_mtf,970,Elder_WR70_H10_SL7,56,1.24,29.0,0.65,16,0.19,-204.3,-2.36,0.20512820512820512,0.17777777777777778,False,False,False
r4_mtf,971,Elder_WR70_H10_SL8,56,1.25,29.7,0.67,16,0.18,-210.5,-2.33,0.20512820512820512,0.17777777777777778,False,False,False
r4_mtf,972,Elder_WR70_H16_SL5,48,1.57,74.9,1.3,13,0.12,-276.6,-2.75,0.17582417582417584,0.14444444444444443,False,False,False
r4_mtf,973,Elder_WR70_H16_SL7,46,1.71,93.8,1.49,13,0.11,-314.6,-2.77,0.1684981684981685,0.14444444444444443,False,False,False
r4_mtf,974,Elder_WR70_H16_SL8,45,1.94,118.0,1.64,13,0.12,-284.1,-2.64,0.16483516483516483,0.14444444444444443,False,False,False
r4_mtf,975,Elder_WR70_H24_SL5,44,1.38,66.5,0.92,12,0.1,-278.2,-2.61,0.16117216117216118,0.13333333333333333,False,False,False
r4_mtf,976,Elder_WR70_H24_SL7,42,1.46,80.2,1.13,11,0.09,-335.3,-2.8,0.15384615384615385,0.12222222222222222,False,False,False
r4_mtf,977,Elder_WR70_H24_SL8,41,1.34,57.9,0.73,11,0.09,-345.4,-2.72,0.15018315018315018,0.12222222222222222,False,False,False
r4_mtf,978,Elder_BTC_var978,12,0.71,-52.3,-0.44,2,0.31,-249.9,-0.53,0.04395604395604396,0.022222222222222223,False,False,False
r4_mtf,979,Elder_BTC_var979,12,0.71,-52.3,-0.44,2,0.31,-249.9,-0.53,0.04395604395604396,0.022222222222222223,False,False,False
r4_mtf,980,Elder_BTC_var980,12,0.71,-52.3,-0.44,2,0.31,-249.9,-0.53,0.04395604395604396,0.022222222222222223,False,False,False
r4_mtf,981,Elder_BTC_var981,12,0.71,-52.3,-0.44,2,0.31,-249.9,-0.53,0.04395604395604396,0.022222222222222223,False,False,False
r4_mtf,982,Elder_BTC_var982,12,0.71,-52.3,-0.44,2,0.31,-249.9,-0.53,0.04395604395604396,0.022222222222222223,False,False,False
r4_mtf,983,Elder_BTC_var983,12,0.71,-52.3,-0.44,2,0.31,-249.9,-0.53,0.04395604395604396,0.022222222222222223,False,False,False
r4_mtf,984,Elder_BTC_var984,12,0.71,-52.3,-0.44,2,0.31,-249.9,-0.53,0.04395604395604396,0.022222222222222223,False,False,False
r4_mtf,985,Elder_BTC_var985,12,0.71,-52.3,-0.44,2,0.31,-249.9,-0.53,0.04395604395604396,0.022222222222222223,False,False,False
r4_mtf,986,Elder_BTC_var986,12,0.71,-52.3,-0.44,2,0.31,-249.9,-0.53,0.04395604395604396,0.022222222222222223,False,False,False
r4_mtf,987,Elder_BTC_var987,12,0.71,-52.3,-0.44,2,0.31,-249.9,-0.53,0.04395604395604396,0.022222222222222223,False,False,False
r4_mtf,988,Elder_BTC_var988,12,0.71,-52.3,-0.44,2,0.31,-249.9,-0.53,0.04395604395604396,0.022222222222222223,False,False,False
r4_mtf,989,Elder_BTC_var989,12,0.71,-52.3,-0.44,2,0.31,-249.9,-0.53,0.04395604395604396,0.022222222222222223,False,False,False
r4_mtf,990,Elder_BTC_var990,12,0.71,-52.3,-0.44,2,0.31,-249.9,-0.53,0.04395604395604396,0.022222222222222223,False,False,False
r4_mtf,991,Elder_BTC_var991,12,0.71,-52.3,-0.44,2,0.31,-249.9,-0.53,0.04395604395604396,0.022222222222222223,False,False,False
r4_mtf,992,Elder_BTC_var992,12,0.71,-52.3,-0.44,2,0.31,-249.9,-0.53,0.04395604395604396,0.022222222222222223,False,False,False
r4_mtf,993,Elder_BTC_var993,12,0.71,-52.3,-0.44,2,0.31,-249.9,-0.53,0.04395604395604396,0.022222222222222223,False,False,False
r4_mtf,994,Elder_BTC_var994,12,0.71,-52.3,-0.44,2,0.31,-249.9,-0.53,0.04395604395604396,0.022222222222222223,False,False,False
r4_mtf,995,Elder_BTC_var995,12,0.71,-52.3,-0.44,2,0.31,-249.9,-0.53,0.04395604395604396,0.022222222222222223,False,False,False
r4_mtf,996,Elder_BTC_var996,12,0.71,-52.3,-0.44,2,0.31,-249.9,-0.53,0.04395604395604396,0.022222222222222223,False,False,False
r4_mtf,997,Elder_BTC_var997,12,0.71,-52.3,-0.44,2,0.31,-249.9,-0.53,0.04395604395604396,0.022222222222222223,False,False,False
r4_mtf,998,Elder_BTC_var998,12,0.71,-52.3,-0.44,2,0.31,-249.9,-0.53,0.04395604395604396,0.022222222222222223,False,False,False
r4_mtf,999,Elder_BTC_var999,12,0.71,-52.3,-0.44,2,0.31,-249.9,-0.53,0.04395604395604396,0.022222222222222223,False,False,False
r4_mtf,1000,Elder_BTC_var1000,12,0.71,-52.3,-0.44,2,0.31,-249.9,-0.53,0.04395604395604396,0.022222222222222223,False,False,False
r4_mtf,1001,RS_Lead_H12_SL6,1,0.0,-246.7,0.0,0,0.0,0.0,0.0,0.003663003663003663,0.0,False,False,False
r4_mtf,1002,RS_Lead_H12_SL7,1,0.0,-246.7,0.0,0,0.0,0.0,0.0,0.003663003663003663,0.0,False,False,False
r4_mtf,1003,RS_Lead_H12_SL8,1,0.0,-246.7,0.0,0,0.0,0.0,0.0,0.003663003663003663,0.0,False,False,False
r4_mtf,1004,RS_Lead_H18_SL6,1,0.0,-22.4,0.0,0,0.0,0.0,0.0,0.003663003663003663,0.0,False,False,False
r4_mtf,1005,RS_Lead_H18_SL7,1,0.0,-22.4,0.0,0,0.0,0.0,0.0,0.003663003663003663,0.0,False,False,False
r4_mtf,1006,RS_Lead_H18_SL8,1,0.0,-22.4,0.0,0,0.0,0.0,0.0,0.003663003663003663,0.0,False,False,False
r4_mtf,1007,RS_Lead_H24_SL6,1,0.0,-388.9,0.0,0,0.0,0.0,0.0,0.003663003663003663,0.0,False,False,False
r4_mtf,1008,RS_Lead_H24_SL7,1,0.0,-388.9,0.0,0,0.0,0.0,0.0,0.003663003663003663,0.0,False,False,False
r4_mtf,1009,RS_Lead_H24_SL8,1,0.0,-388.9,0.0,0,0.0,0.0,0.0,0.003663003663003663,0.0,False,False,False
r4_mtf,1010,RS_Lead_LowVol_Only_H12_SL6,0,0.0,0.0,0.0,0,0.0,0.0,0.0,0.0,0.0,False,False,False
r4_mtf,1011,RS_Lead_LowVol_Only_H12_SL7,0,0.0,0.0,0.0,0,0.0,0.0,0.0,0.0,0.0,False,False,False
r4_mtf,1012,RS_Lead_LowVol_Only_H12_SL8,0,0.0,0.0,0.0,0,0.0,0.0,0.0,0.0,0.0,False,False,False
r4_mtf,1013,RS_Lead_LowVol_Only_H18_SL6,0,0.0,0.0,0.0,0,0.0,0.0,0.0,0.0,0.0,False,False,False
r4_mtf,1014,RS_Lead_LowVol_Only_H18_SL7,0,0.0,0.0,0.0,0,0.0,0.0,0.0,0.0,0.0,False,False,False
r4_mtf,1015,RS_Lead_LowVol_Only_H18_SL8,0,0.0,0.0,0.0,0,0.0,0.0,0.0,0.0,0.0,False,False,False
r4_mtf,1016,RS_Lead_LowVol_Only_H24_SL6,0,0.0,0.0,0.0,0,0.0,0.0,0.0,0.0,0.0,False,False,False
r4_mtf,1017,RS_Lead_LowVol_Only_H24_SL7,0,0.0,0.0,0.0,0,0.0,0.0,0.0,0.0,0.0,False,False,False
r4_mtf,1018,RS_Lead_LowVol_Only_H24_SL8,0,0.0,0.0,0.0,0,0.0,0.0,0.0,0.0,0.0,False,False,False
r4_mtf,1019,All_Alts_H12_SL6,6,1.16,23.1,0.16,1,0.0,-620.0,0.0,0.02197802197802198,0.011111111111111112,False,False,False
r4_mtf,1020,All_Alts_H12_SL7,6,1.16,23.1,0.16,1,0.0,-720.0,0.0,0.02197802197802198,0.011111111111111112,False,False,False
r4_mtf,1021,All_Alts_H12_SL8,6,1.16,23.1,0.16,1,0.0,-820.0,0.0,0.02197802197802198,0.011111111111111112,False,False,False
r4_mtf,1022,All_Alts_H18_SL6,6,2.08,118.1,0.72,1,0.0,-620.0,0.0,0.02197802197802198,0.011111111111111112,False,False,False
r4_mtf,1023,All_Alts_H18_SL7,6,2.08,118.1,0.72,1,0.0,-720.0,0.0,0.02197802197802198,0.011111111111111112,False,False,False
r4_mtf,1024,All_Alts_H18_SL8,6,2.08,118.1,0.72,1,0.0,-820.0,0.0,0.02197802197802198,0.011111111111111112,False,False,False
r4_mtf,1025,All_Alts_H24_SL6,6,1.1,22.5,0.08,1,0.0,-620.0,0.0,0.02197802197802198,0.011111111111111112,False,False,False
r4_mtf,1026,All_Alts_H24_SL7,6,2.36,161.1,0.61,1,0.0,-720.0,0.0,0.02197802197802198,0.011111111111111112,False,False,False
r4_mtf,1027,All_Alts_H24_SL8,6,2.64,194.4,0.66,1,0.0,-820.0,0.0,0.02197802197802198,0.011111111111111112,False,False,False
r4_mtf,1028,All_Alts_LowVol_Only_H12_SL6,4,0.94,-9.4,-0.05,0,0.0,0.0,0.0,0.014652014652014652,0.0,False,False,False
r4_mtf,1029,All_Alts_LowVol_Only_H12_SL7,4,0.94,-9.4,-0.05,0,0.0,0.0,0.0,0.014652014652014652,0.0,False,False,False
r4_mtf,1030,All_Alts_LowVol_Only_H12_SL8,4,0.94,-9.4,-0.05,0,0.0,0.0,0.0,0.014652014652014652,0.0,False,False,False
r4_mtf,1031,All_Alts_LowVol_Only_H18_SL6,4,1.31,49.9,0.22,0,0.0,0.0,0.0,0.014652014652014652,0.0,False,False,False
r4_mtf,1032,All_Alts_LowVol_Only_H18_SL7,4,1.31,49.9,0.22,0,0.0,0.0,0.0,0.014652014652014652,0.0,False,False,False
r4_mtf,1033,All_Alts_LowVol_Only_H18_SL8,4,1.31,49.9,0.22,0,0.0,0.0,0.0,0.014652014652014652,0.0,False,False,False
r4_mtf,1034,All_Alts_LowVol_Only_H24_SL6,4,1.53,124.8,0.31,0,0.0,0.0,0.0,0.014652014652014652,0.0,False,False,False
r4_mtf,1035,All_Alts_LowVol_Only_H24_SL7,4,5.12,332.7,0.9,0,0.0,0.0,0.0,0.014652014652014652,0.0,False,False,False
r4_mtf,1036,All_Alts_LowVol_Only_H24_SL8,4,5.74,382.7,0.92,0,0.0,0.0,0.0,0.014652014652014652,0.0,False,False,False
r4_mtf,1037,RS_Squeeze_var1037,4,0.41,-37.4,-0.55,4,3.65,477.8,1.04,0.014652014652014652,0.044444444444444446,False,False,False
r4_mtf,1038,RS_Squeeze_var1038,4,0.41,-37.4,-0.55,4,3.65,477.8,1.04,0.014652014652014652,0.044444444444444446,False,False,False
r4_mtf,1039,RS_Squeeze_var1039,4,0.41,-37.4,-0.55,4,3.65,477.8,1.04,0.014652014652014652,0.044444444444444446,False,False,False
r4_mtf,1040,RS_Squeeze_var1040,4,0.41,-37.4,-0.55,4,3.65,477.8,1.04,0.014652014652014652,0.044444444444444446,False,False,False
r4_mtf,1041,RS_Squeeze_var1041,4,0.41,-37.4,-0.55,4,3.65,477.8,1.04,0.014652014652014652,0.044444444444444446,False,False,False
r4_mtf,1042,RS_Squeeze_var1042,4,0.41,-37.4,-0.55,4,3.65,477.8,1.04,0.014652014652014652,0.044444444444444446,False,False,False
r4_mtf,1043,RS_Squeeze_var1043,4,0.41,-37.4,-0.55,4,3.65,477.8,1.04,0.014652014652014652,0.044444444444444446,False,False,False
r4_mtf,1044,RS_Squeeze_var1044,4,0.41,-37.4,-0.55,4,3.65,477.8,1.04,0.014652014652014652,0.044444444444444446,False,False,False
r4_mtf,1045,RS_Squeeze_var1045,4,0.41,-37.4,-0.55,4,3.65,477.8,1.04,0.014652014652014652,0.044444444444444446,False,False,False
r4_mtf,1046,RS_Squeeze_var1046,4,0.41,-37.4,-0.55,4,3.65,477.8,1.04,0.014652014652014652,0.044444444444444446,False,False,False
r4_mtf,1047,RS_Squeeze_var1047,4,0.41,-37.4,-0.55,4,3.65,477.8,1.04,0.014652014652014652,0.044444444444444446,False,False,False
r4_mtf,1048,RS_Squeeze_var1048,4,0.41,-37.4,-0.55,4,3.65,477.8,1.04,0.014652014652014652,0.044444444444444446,False,False,False
r4_mtf,1049,RS_Squeeze_var1049,4,0.41,-37.4,-0.55,4,3.65,477.8,1.04,0.014652014652014652,0.044444444444444446,False,False,False
r4_mtf,1050,RS_Squeeze_var1050,4,0.41,-37.4,-0.55,4,3.65,477.8,1.04,0.014652014652014652,0.044444444444444446,False,False,False
r5_clean_mtf,1051,EMA_Ribbon_RSI_Pullback_H12,213,0.73,-44.8,-1.91,75,0.53,-89.1,-2.15,0.7802197802197802,0.8333333333333334,False,False,False
r5_clean_mtf,1052,EMA_Ribbon_RSI_Pullback_H12,194,0.81,-29.3,-1.09,64,0.48,-112.2,-2.56,0.7106227106227107,0.7111111111111111,False,False,False
r5_clean_mtf,1053,EMA_Ribbon_RSI_Pullback_H18,182,0.85,-27.3,-0.94,66,0.63,-84.6,-1.67,0.6666666666666666,0.7333333333333333,False,False,False
r5_clean_mtf,1054,EMA_Ribbon_RSI_Pullback_H18,162,0.73,-53.9,-1.59,54,0.55,-111.2,-1.98,0.5934065934065934,0.6,False,False,False
r5_clean_mtf,1055,EMA_Ribbon_EMA_Pullback_H12,302,0.91,-12.1,-0.64,104,0.79,-36.5,-0.91,1.1062271062271063,1.1555555555555554,False,False,False
r5_clean_mtf,1056,EMA_Ribbon_EMA_Pullback_H12,293,0.9,-14.9,-0.71,98,0.84,-28.2,-0.63,1.0732600732600732,1.0888888888888888,False,False,False
r5_clean_mtf,1057,EMA_Ribbon_EMA_Pullback_H18,239,0.8,-34.5,-1.43,90,0.86,-30.2,-0.58,0.8754578754578755,1.0,False,False,False
r5_clean_mtf,1058,EMA_Ribbon_EMA_Pullback_H18,225,0.77,-41.3,-1.52,81,0.9,-22.6,-0.38,0.8241758241758241,0.9,False,False,False
r5_clean_mtf,1059,EMA_Ribbon_Keltner_Break_H12,168,0.97,-4.4,-0.15,70,1.18,35.2,0.69,0.6153846153846154,0.7777777777777778,False,False,False
r5_clean_mtf,1060,EMA_Ribbon_Keltner_Break_H12,164,0.9,-17.5,-0.53,57,1.14,30.7,0.43,0.6007326007326007,0.6333333333333333,False,False,False
r5_clean_mtf,1061,EMA_Ribbon_Keltner_Break_H18,154,0.96,-6.7,-0.18,64,1.16,35.4,0.61,0.5641025641025641,0.7111111111111111,False,False,False
r5_clean_mtf,1062,EMA_Ribbon_Keltner_Break_H18,144,0.89,-21.9,-0.59,49,1.45,96.9,1.05,0.5274725274725275,0.5444444444444444,False,False,False
r5_clean_mtf,1063,Supertrend_RSI_Pullback_H12,198,0.83,-26.9,-1.1,67,0.41,-109.9,-2.81,0.7252747252747253,0.7444444444444445,False,False,False
r5_clean_mtf,1064,Supertrend_RSI_Pullback_H12,179,0.92,-12.5,-0.45,59,0.41,-118.2,-2.81,0.6556776556776557,0.6555555555555556,False,False,False
r5_clean_mtf,1065,Supertrend_RSI_Pullback_H18,169,0.85,-27.1,-0.92,60,0.62,-83.4,-1.7,0.6190476190476191,0.6666666666666666,False,False,False
r5_clean_mtf,1066,Supertrend_RSI_Pullback_H18,151,0.75,-48.4,-1.39,52,0.47,-122.3,-2.11,0.5531135531135531,0.5777777777777777,False,False,False
r5_clean_mtf,1067,Supertrend_EMA_Pullback_H12,299,0.92,-11.5,-0.6,97,0.74,-45.2,-1.2,1.0952380952380953,1.0777777777777777,False,False,False
r5_clean_mtf,1068,Supertrend_EMA_Pullback_H12,289,0.92,-12.1,-0.57,95,0.77,-41.7,-0.96,1.0586080586080586,1.0555555555555556,False,False,False
r5_clean_mtf,1069,Supertrend_EMA_Pullback_H18,243,0.88,-20.3,-0.84,85,0.81,-40.8,-0.84,0.8901098901098901,0.9444444444444444,False,False,False
r5_clean_mtf,1070,Supertrend_EMA_Pullback_H18,229,0.83,-32.6,-1.18,80,0.78,-53.5,-0.89,0.8388278388278388,0.8888888888888888,False,False,False
r5_clean_mtf,1071,Supertrend_Keltner_Break_H12,192,0.89,-19.1,-0.68,80,1.11,22.5,0.48,0.7032967032967034,0.8888888888888888,False,False,False
r5_clean_mtf,1072,Supertrend_Keltner_Break_H12,183,0.89,-19.4,-0.62,64,1.15,32.6,0.48,0.6703296703296703,0.7111111111111111,False,False,False
r5_clean_mtf,1073,Supertrend_Keltner_Break_H18,171,0.88,-22.3,-0.65,76,1.02,3.6,0.07,0.6263736263736264,0.8444444444444444,False,False,False
r5_clean_mtf,1074,Supertrend_Keltner_Break_H18,154,0.81,-40.5,-1.1,59,1.17,43.1,0.54,0.5641025641025641,0.6555555555555556,False,False,False
r5_clean_mtf,1075,Donchian_RSI_Pullback_H12,106,0.62,-63.4,-1.97,28,0.99,-1.8,-0.02,0.3882783882783883,0.3111111111111111,False,False,False
r5_clean_mtf,1076,Donchian_RSI_Pullback_H12,104,0.66,-58.9,-1.62,27,0.83,-27.8,-0.38,0.38095238095238093,0.3,False,False,False
r5_clean_mtf,1077,Donchian_RSI_Pullback_H18,97,0.71,-54.1,-1.45,27,0.72,-61.1,-0.72,0.3553113553113553,0.3,False,False,False
r5_clean_mtf,1078,Donchian_RSI_Pullback_H18,93,0.65,-70.9,-1.61,26,0.66,-78.8,-0.85,0.34065934065934067,0.28888888888888886,False,False,False
r5_clean_mtf,1079,Donchian_EMA_Pullback_H12,314,0.87,-19.8,-1.06,102,0.92,-13.9,-0.35,1.15018315018315,1.1333333333333333,False,False,False
r5_clean_mtf,1080,Donchian_EMA_Pullback_H12,303,0.8,-31.9,-1.51,101,0.9,-18.3,-0.43,1.10989010989011,1.1222222222222222,False,False,False
r5_clean_mtf,1081,Donchian_EMA_Pullback_H18,256,0.8,-37.0,-1.59,90,0.97,-6.1,-0.13,0.9377289377289377,1.0,False,False,False
r5_clean_mtf,1082,Donchian_EMA_Pullback_H18,243,0.74,-53.2,-1.9,84,1.07,14.4,0.25,0.8901098901098901,0.9333333333333333,False,False,False
r5_clean_mtf,1083,Donchian_Keltner_Break_H12,253,0.83,-27.7,-1.25,95,1.2,35.9,0.81,0.9267399267399268,1.0555555555555556,False,False,False
r5_clean_mtf,1084,Donchian_Keltner_Break_H12,240,0.85,-25.2,-0.98,81,1.21,41.7,0.72,0.8791208791208791,0.9,False,False,False
r5_clean_mtf,1085,Donchian_Keltner_Break_H18,224,0.85,-28.3,-1.05,88,1.07,14.4,0.29,0.8205128205128205,0.9777777777777777,False,False,False
r5_clean_mtf,1086,Donchian_Keltner_Break_H18,207,0.9,-19.3,-0.65,72,1.2,48.6,0.69,0.7582417582417582,0.8,False,False,False
r5_clean_mtf,1087,MACD_Hist_RSI_Pullback_H12,126,0.86,-20.5,-0.64,44,0.65,-69.4,-1.16,0.46153846153846156,0.4888888888888889,False,False,False
r5_clean_mtf,1088,MACD_Hist_RSI_Pullback_H12,120,0.98,-2.9,-0.09,39,0.61,-83.9,-1.3,0.43956043956043955,0.43333333333333335,False,False,False
r5_clean_mtf,1089,MACD_Hist_RSI_Pullback_H18,122,0.88,-22.2,-0.61,41,0.53,-111.5,-1.64,0.4468864468864469,0.45555555555555555,False,False,False
r5_clean_mtf,1090,MACD_Hist_RSI_Pullback_H18,111,0.87,-24.8,-0.58,36,0.67,-81.0,-1.01,0.4065934065934066,0.4,False,False,False
r5_clean_mtf,1091,MACD_Hist_EMA_Pullback_H12,317,0.87,-18.2,-0.95,101,1.2,31.2,0.75,1.1611721611721613,1.1222222222222222,False,False,False
r5_clean_mtf,1092,MACD_Hist_EMA_Pullback_H12,308,0.88,-17.1,-0.83,99,1.12,21.0,0.43,1.1282051282051282,1.1,False,False,False
r5_clean_mtf,1093,MACD_Hist_EMA_Pullback_H18,252,0.88,-20.9,-0.9,90,1.24,45.2,0.95,0.9230769230769231,1.0,False,False,False
r5_clean_mtf,1094,MACD_Hist_EMA_Pullback_H18,238,0.88,-21.7,-0.81,84,1.31,63.5,1.0,0.8717948717948718,0.9333333333333333,False,False,False
r5_clean_mtf,1095,MACD_Hist_Keltner_Break_H12,237,0.86,-22.8,-1.0,92,1.2,37.2,0.71,0.8681318681318682,1.0222222222222221,False,False,False
r5_clean_mtf,1096,MACD_Hist_Keltner_Break_H12,227,0.86,-24.9,-0.92,80,1.04,10.3,0.17,0.8315018315018315,0.8888888888888888,False,False,False
r5_clean_mtf,1097,MACD_Hist_Keltner_Break_H18,202,0.93,-13.8,-0.48,85,1.13,28.7,0.5,0.73992673992674,0.9444444444444444,False,False,False
r5_clean_mtf,1098,MACD_Hist_Keltner_Break_H18,187,0.94,-11.8,-0.35,72,1.09,23.7,0.35,0.684981684981685,0.8,False,False,False
r5_clean_mtf,1099,EMA_VolSurge_var1099,104,1.0,0.3,0.01,38,1.61,125.6,1.25,0.38095238095238093,0.4222222222222222,False,False,False
r5_clean_mtf,1100,EMA_VolSurge_var1100,104,1.0,0.3,0.01,38,1.61,125.6,1.25,0.38095238095238093,0.4222222222222222,False,False,False
r5_clean_mtf,1101,Dual_Squeeze_NoFlow_H12,17,1.46,49.5,0.55,8,1.56,83.2,0.46,0.06227106227106227,0.08888888888888889,False,False,False
r5_clean_mtf,1102,Dual_Squeeze_NoFlow_H12,17,1.59,63.5,0.63,8,1.39,66.3,0.35,0.06227106227106227,0.08888888888888889,False,False,False
r5_clean_mtf,1103,Dual_Squeeze_NoFlow_H18,16,1.33,48.4,0.44,8,2.18,193.2,0.89,0.05860805860805861,0.08888888888888889,False,False,False
r5_clean_mtf,1104,Dual_Squeeze_NoFlow_H18,16,1.5,73.5,0.58,8,1.92,178.9,0.74,0.05860805860805861,0.08888888888888889,False,False,False
r5_clean_mtf,1105,Dual_Squeeze_NoFlow_H24,16,1.15,33.9,0.23,8,1.25,66.3,0.28,0.05860805860805861,0.08888888888888889,False,False,False
r5_clean_mtf,1106,Dual_Squeeze_NoFlow_H24,16,1.64,106.9,0.7,8,1.46,120.8,0.43,0.05860805860805861,0.08888888888888889,False,False,False
r5_clean_mtf,1107,Dual_Squeeze_Flow55_H12,11,1.0,0.0,0.0,6,2.76,197.7,0.93,0.040293040293040296,0.06666666666666667,False,False,False
r5_clean_mtf,1108,Dual_Squeeze_Flow55_H12,11,1.0,0.3,0.0,6,2.15,167.4,0.7,0.040293040293040296,0.06666666666666667,False,False,False
r5_clean_mtf,1109,Dual_Squeeze_Flow55_H18,10,1.17,23.8,0.19,6,3.74,348.4,1.38,0.03663003663003663,0.06666666666666667,False,False,False
r5_clean_mtf,1110,Dual_Squeeze_Flow55_H18,10,1.11,16.7,0.13,6,3.1,336.6,1.16,0.03663003663003663,0.06666666666666667,False,False,False
r5_clean_mtf,1111,Dual_Squeeze_Flow55_H24,10,1.52,88.3,0.5,6,2.51,261.7,0.95,0.03663003663003663,0.06666666666666667,False,False,False
r5_clean_mtf,1112,Dual_Squeeze_Flow55_H24,10,1.54,85.4,0.46,6,2.59,312.5,0.94,0.03663003663003663,0.06666666666666667,False,False,False
r5_clean_mtf,1113,Dual_Squeeze_Flow60_H12,2,999.0,291.9,27.45,1,999.0,391.7,0.0,0.007326007326007326,0.011111111111111112,False,False,False
r5_clean_mtf,1114,Dual_Squeeze_Flow60_H12,2,999.0,291.9,27.45,1,999.0,391.7,0.0,0.007326007326007326,0.011111111111111112,False,False,False
r5_clean_mtf,1115,Dual_Squeeze_Flow60_H18,2,999.0,564.6,27.64,1,999.0,445.6,0.0,0.007326007326007326,0.011111111111111112,False,False,False
r5_clean_mtf,1116,Dual_Squeeze_Flow60_H18,2,999.0,564.6,27.64,1,999.0,445.6,0.0,0.007326007326007326,0.011111111111111112,False,False,False
r5_clean_mtf,1117,Dual_Squeeze_Flow60_H24,2,999.0,719.6,2.76,1,999.0,359.2,0.0,0.007326007326007326,0.011111111111111112,False,False,False
r5_clean_mtf,1118,Dual_Squeeze_Flow60_H24,2,999.0,919.6,2.0,1,999.0,359.2,0.0,0.007326007326007326,0.011111111111111112,False,False,False
r5_clean_mtf,1119,4H_Squeeze_Only_NoFlow_H12,49,1.78,78.9,1.53,20,3.26,262.3,2.05,0.1794871794871795,0.2222222222222222,False,False,False
r5_clean_mtf,1120,4H_Squeeze_Only_NoFlow_H12,48,1.78,80.6,1.46,19,3.83,294.4,1.98,0.17582417582417584,0.2111111111111111,False,False,False
r5_clean_mtf,1121,4H_Squeeze_Only_NoFlow_H18,44,1.45,62.2,1.05,18,2.93,257.7,1.97,0.16117216117216118,0.2,False,False,False
r5_clean_mtf,1122,4H_Squeeze_Only_NoFlow_H18,42,1.38,55.5,0.82,17,2.99,250.3,1.65,0.15384615384615385,0.18888888888888888,False,False,False
r5_clean_mtf,1123,4H_Squeeze_Only_NoFlow_H24,42,1.2,35.6,0.53,17,2.11,220.8,1.26,0.15384615384615385,0.18888888888888888,False,False,False
r5_clean_mtf,1124,4H_Squeeze_Only_NoFlow_H24,39,1.68,92.8,1.18,16,2.57,305.5,1.27,0.14285714285714285,0.17777777777777778,False,False,False
r5_clean_mtf,1125,4H_Squeeze_Only_Flow55_H12,39,1.16,19.1,0.38,15,3.06,236.2,1.78,0.14285714285714285,0.16666666666666666,False,False,False
r5_clean_mtf,1126,4H_Squeeze_Only_Flow55_H12,38,1.11,14.0,0.26,14,3.36,239.7,1.57,0.1391941391941392,0.15555555555555556,False,False,False
r5_clean_mtf,1127,4H_Squeeze_Only_Flow55_H18,36,1.11,16.8,0.27,14,1.9,170.0,1.16,0.13186813186813187,0.15555555555555556,False,False,False
r5_clean_mtf,1128,4H_Squeeze_Only_Flow55_H18,35,0.9,-18.5,-0.25,13,1.55,107.0,0.65,0.1282051282051282,0.14444444444444443,False,False,False
r5_clean_mtf,1129,4H_Squeeze_Only_Flow55_H24,35,1.03,5.7,0.07,14,1.46,111.8,0.66,0.1282051282051282,0.15555555555555556,False,False,False
r5_clean_mtf,1130,4H_Squeeze_Only_Flow55_H24,33,0.98,-4.6,-0.05,13,1.36,94.0,0.44,0.12087912087912088,0.14444444444444443,False,False,False
r5_clean_mtf,1131,4H_Squeeze_Only_Flow60_H12,21,0.83,-24.4,-0.36,4,999.0,442.4,2.37,0.07692307692307693,0.044444444444444446,False,False,False
r5_clean_mtf,1132,4H_Squeeze_Only_Flow60_H12,21,0.84,-23.0,-0.33,4,999.0,234.0,3.93,0.07692307692307693,0.044444444444444446,False,False,False
r5_clean_mtf,1133,4H_Squeeze_Only_Flow60_H18,21,0.93,-13.9,-0.14,4,999.0,531.7,2.92,0.07692307692307693,0.044444444444444446,False,False,False
r5_clean_mtf,1134,4H_Squeeze_Only_Flow60_H18,21,0.85,-32.4,-0.31,4,999.0,301.7,2.29,0.07692307692307693,0.044444444444444446,False,False,False
r5_clean_mtf,1135,4H_Squeeze_Only_Flow60_H24,21,0.94,-13.6,-0.13,4,56.2,569.5,2.27,0.07692307692307693,0.044444444444444446,False,False,False
r5_clean_mtf,1136,4H_Squeeze_Only_Flow60_H24,20,1.19,37.0,0.31,4,47.03,474.9,1.52,0.07326007326007326,0.044444444444444446,False,False,False
r5_clean_mtf,1137,1H_Squeeze_Only_NoFlow_H12,67,0.71,-52.0,-1.12,27,1.5,75.5,0.8,0.2454212454212454,0.3,False,False,False
r5_clean_mtf,1138,1H_Squeeze_Only_NoFlow_H12,67,0.72,-52.5,-0.99,27,1.43,77.7,0.68,0.2454212454212454,0.3,False,False,False
r5_clean_mtf,1139,1H_Squeeze_Only_NoFlow_H18,62,0.73,-55.2,-1.03,26,1.41,79.9,0.72,0.2271062271062271,0.28888888888888886,False,False,False
r5_clean_mtf,1140,1H_Squeeze_Only_NoFlow_H18,62,0.77,-48.1,-0.78,26,1.37,83.5,0.64,0.2271062271062271,0.28888888888888886,False,False,False
r5_clean_mtf,1141,1H_Squeeze_Only_NoFlow_H24,61,0.64,-86.5,-1.47,25,1.36,85.9,0.66,0.22344322344322345,0.2777777777777778,False,False,False
r5_clean_mtf,1142,1H_Squeeze_Only_NoFlow_H24,61,0.69,-75.3,-1.12,25,1.53,140.6,0.88,0.22344322344322345,0.2777777777777778,False,False,False
r5_clean_mtf,1143,1H_Squeeze_Only_Flow55_H12,46,0.74,-46.8,-0.83,21,1.49,75.3,0.71,0.1684981684981685,0.23333333333333334,False,False,False
r5_clean_mtf,1144,1H_Squeeze_Only_Flow55_H12,46,0.66,-61.6,-1.19,21,1.3,56.9,0.45,0.1684981684981685,0.23333333333333334,False,False,False
r5_clean_mtf,1145,1H_Squeeze_Only_Flow55_H18,43,0.75,-46.9,-0.74,20,1.6,115.4,0.87,0.1575091575091575,0.2222222222222222,False,False,False
r5_clean_mtf,1146,1H_Squeeze_Only_Flow55_H18,43,0.58,-84.7,-1.42,20,1.43,99.5,0.65,0.1575091575091575,0.2222222222222222,False,False,False
r5_clean_mtf,1147,1H_Squeeze_Only_Flow55_H24,42,0.77,-50.3,-0.69,20,1.81,167.9,1.16,0.15384615384615385,0.2222222222222222,False,False,False
r5_clean_mtf,1148,1H_Squeeze_Only_Flow55_H24,42,0.65,-76.3,-1.06,20,1.87,203.1,1.17,0.15384615384615385,0.2222222222222222,False,False,False
r5_clean_mtf,1149,1H_Squeeze_Only_Flow60_H12,17,0.44,-123.2,-1.52,6,1.64,95.0,0.44,0.06227106227106227,0.06666666666666667,False,False,False
r5_clean_mtf,1150,1H_Squeeze_Only_Flow60_H12,17,0.44,-126.6,-1.51,6,1.33,60.9,0.26,0.06227106227106227,0.06666666666666667,False,False,False
r5_clean_mtf,1151,Sweep_PinBar_H8_SL4,159,0.98,-2.7,-0.1,45,0.61,-64.8,-1.33,0.5824175824175825,0.5,False,False,False
r5_clean_mtf,1152,Sweep_PinBar_H8_SL6,157,0.94,-7.9,-0.31,43,0.62,-69.1,-1.15,0.575091575091575,0.4777777777777778,False,False,False
r5_clean_mtf,1153,Sweep_PinBar_H12_SL4,150,1.14,19.2,0.63,43,0.47,-109.6,-2.0,0.5494505494505495,0.4777777777777778,False,False,False
r5_clean_mtf,1154,Sweep_PinBar_H12_SL6,147,1.23,30.6,0.98,40,0.46,-138.2,-1.93,0.5384615384615384,0.4444444444444444,False,False,False
r5_clean_mtf,1155,Sweep_PinBar_H18_SL4,143,1.05,7.9,0.23,42,0.5,-120.5,-1.94,0.5238095238095238,0.4666666666666667,False,False,False
r5_clean_mtf,1156,Sweep_PinBar_H18_SL6,137,0.97,-5.6,-0.16,40,0.5,-139.2,-1.77,0.5018315018315018,0.4444444444444444,False,False,False
r5_clean_mtf,1157,Sweep_Flow55_H8_SL4,141,0.78,-26.4,-1.17,33,0.82,-28.4,-0.48,0.5164835164835165,0.36666666666666664,False,False,False
r5_clean_mtf,1158,Sweep_Flow55_H8_SL6,140,0.88,-12.8,-0.57,32,0.81,-34.9,-0.48,0.5128205128205128,0.35555555555555557,False,False,False
r5_clean_mtf,1159,Sweep_Flow55_H12_SL4,128,0.66,-48.8,-1.87,31,0.97,-6.6,-0.08,0.46886446886446886,0.34444444444444444,False,False,False
r5_clean_mtf,1160,Sweep_Flow55_H12_SL6,126,0.74,-34.5,-1.29,30,1.1,20.2,0.22,0.46153846153846156,0.3333333333333333,False,False,False
r5_clean_mtf,1161,Sweep_Flow55_H18_SL4,121,0.79,-36.1,-1.1,30,0.9,-19.5,-0.25,0.4432234432234432,0.3333333333333333,False,False,False
r5_clean_mtf,1162,Sweep_Flow55_H18_SL6,113,0.79,-34.6,-0.98,29,0.95,-11.1,-0.12,0.4139194139194139,0.32222222222222224,False,False,False
r5_clean_mtf,1163,Sweep_Flow60_H8_SL4,69,0.59,-48.6,-1.7,4,1.14,15.9,0.09,0.25274725274725274,0.044444444444444446,False,False,False
r5_clean_mtf,1164,Sweep_Flow60_H8_SL6,69,0.64,-38.9,-1.39,4,0.79,-34.1,-0.16,0.25274725274725274,0.044444444444444446,False,False,False
r5_clean_mtf,1165,Sweep_Flow60_H12_SL4,63,0.7,-40.2,-1.17,4,0.6,-64.5,-0.38,0.23076923076923078,0.044444444444444446,False,False,False
r5_clean_mtf,1166,Sweep_Flow60_H12_SL6,63,0.75,-31.5,-0.89,4,0.46,-114.5,-0.55,0.23076923076923078,0.044444444444444446,False,False,False
r5_clean_mtf,1167,Sweep_Flow60_H18_SL4,62,0.87,-19.6,-0.45,4,0.35,-203.6,-0.94,0.2271062271062271,0.044444444444444446,False,False,False
r5_clean_mtf,1168,Sweep_Flow60_H18_SL6,60,0.85,-23.3,-0.52,4,0.33,-221.8,-0.87,0.21978021978021978,0.044444444444444446,False,False,False
r5_clean_mtf,1169,Sweep_RSI_Ext_H8_SL4,95,1.03,4.2,0.12,36,0.37,-131.6,-2.29,0.34798534798534797,0.4,False,False,False
r5_clean_mtf,1170,Sweep_RSI_Ext_H8_SL6,90,0.94,-9.4,-0.24,30,0.25,-197.8,-2.42,0.32967032967032966,0.3333333333333333,False,False,False
r5_clean_mtf,1171,Sweep_RSI_Ext_H12_SL4,90,0.94,-10.0,-0.26,33,0.48,-111.1,-1.71,0.32967032967032966,0.36666666666666664,False,False,False
r5_clean_mtf,1172,Sweep_RSI_Ext_H12_SL6,85,0.84,-25.7,-0.61,27,0.36,-182.9,-1.8,0.31135531135531136,0.3,False,False,False
r5_clean_mtf,1173,Sweep_RSI_Ext_H18_SL4,88,0.82,-32.2,-0.79,33,0.57,-103.6,-1.45,0.32234432234432236,0.36666666666666664,False,False,False
r5_clean_mtf,1174,Sweep_RSI_Ext_H18_SL6,79,0.73,-54.2,-1.13,26,0.37,-218.2,-1.93,0.2893772893772894,0.28888888888888886,False,False,False
r5_clean_mtf,1175,Sweep_PinFlow_var1175,45,0.84,-26.5,-0.49,4,0.32,-257.6,-1.03,0.16483516483516483,0.044444444444444446,False,False,False
r5_clean_mtf,1176,Sweep_PinFlow_var1176,45,0.84,-26.5,-0.49,4,0.32,-257.6,-1.03,0.16483516483516483,0.044444444444444446,False,False,False
r5_clean_mtf,1177,Sweep_PinFlow_var1177,45,0.84,-26.5,-0.49,4,0.32,-257.6,-1.03,0.16483516483516483,0.044444444444444446,False,False,False
r5_clean_mtf,1178,Sweep_PinFlow_var1178,45,0.84,-26.5,-0.49,4,0.32,-257.6,-1.03,0.16483516483516483,0.044444444444444446,False,False,False
r5_clean_mtf,1179,Sweep_PinFlow_var1179,45,0.84,-26.5,-0.49,4,0.32,-257.6,-1.03,0.16483516483516483,0.044444444444444446,False,False,False
r5_clean_mtf,1180,Sweep_PinFlow_var1180,45,0.84,-26.5,-0.49,4,0.32,-257.6,-1.03,0.16483516483516483,0.044444444444444446,False,False,False
r5_clean_mtf,1181,Sweep_PinFlow_var1181,45,0.84,-26.5,-0.49,4,0.32,-257.6,-1.03,0.16483516483516483,0.044444444444444446,False,False,False
r5_clean_mtf,1182,Sweep_PinFlow_var1182,45,0.84,-26.5,-0.49,4,0.32,-257.6,-1.03,0.16483516483516483,0.044444444444444446,False,False,False
r5_clean_mtf,1183,Sweep_PinFlow_var1183,45,0.84,-26.5,-0.49,4,0.32,-257.6,-1.03,0.16483516483516483,0.044444444444444446,False,False,False
r5_clean_mtf,1184,Sweep_PinFlow_var1184,45,0.84,-26.5,-0.49,4,0.32,-257.6,-1.03,0.16483516483516483,0.044444444444444446,False,False,False
r5_clean_mtf,1185,Sweep_PinFlow_var1185,45,0.84,-26.5,-0.49,4,0.32,-257.6,-1.03,0.16483516483516483,0.044444444444444446,False,False,False
r5_clean_mtf,1186,Sweep_PinFlow_var1186,45,0.84,-26.5,-0.49,4,0.32,-257.6,-1.03,0.16483516483516483,0.044444444444444446,False,False,False
r5_clean_mtf,1187,Sweep_PinFlow_var1187,45,0.84,-26.5,-0.49,4,0.32,-257.6,-1.03,0.16483516483516483,0.044444444444444446,False,False,False
r5_clean_mtf,1188,Sweep_PinFlow_var1188,45,0.84,-26.5,-0.49,4,0.32,-257.6,-1.03,0.16483516483516483,0.044444444444444446,False,False,False
r5_clean_mtf,1189,Sweep_PinFlow_var1189,45,0.84,-26.5,-0.49,4,0.32,-257.6,-1.03,0.16483516483516483,0.044444444444444446,False,False,False
r5_clean_mtf,1190,Sweep_PinFlow_var1190,45,0.84,-26.5,-0.49,4,0.32,-257.6,-1.03,0.16483516483516483,0.044444444444444446,False,False,False
r5_clean_mtf,1191,Sweep_PinFlow_var1191,45,0.84,-26.5,-0.49,4,0.32,-257.6,-1.03,0.16483516483516483,0.044444444444444446,False,False,False
r5_clean_mtf,1192,Sweep_PinFlow_var1192,45,0.84,-26.5,-0.49,4,0.32,-257.6,-1.03,0.16483516483516483,0.044444444444444446,False,False,False
r5_clean_mtf,1193,Sweep_PinFlow_var1193,45,0.84,-26.5,-0.49,4,0.32,-257.6,-1.03,0.16483516483516483,0.044444444444444446,False,False,False
r5_clean_mtf,1194,Sweep_PinFlow_var1194,45,0.84,-26.5,-0.49,4,0.32,-257.6,-1.03,0.16483516483516483,0.044444444444444446,False,False,False
r5_clean_mtf,1195,Sweep_PinFlow_var1195,45,0.84,-26.5,-0.49,4,0.32,-257.6,-1.03,0.16483516483516483,0.044444444444444446,False,False,False
r5_clean_mtf,1196,Sweep_PinFlow_var1196,45,0.84,-26.5,-0.49,4,0.32,-257.6,-1.03,0.16483516483516483,0.044444444444444446,False,False,False
r5_clean_mtf,1197,Sweep_PinFlow_var1197,45,0.84,-26.5,-0.49,4,0.32,-257.6,-1.03,0.16483516483516483,0.044444444444444446,False,False,False
r5_clean_mtf,1198,Sweep_PinFlow_var1198,45,0.84,-26.5,-0.49,4,0.32,-257.6,-1.03,0.16483516483516483,0.044444444444444446,False,False,False
r5_clean_mtf,1199,Sweep_PinFlow_var1199,45,0.84,-26.5,-0.49,4,0.32,-257.6,-1.03,0.16483516483516483,0.044444444444444446,False,False,False
r5_clean_mtf,1200,Sweep_PinFlow_var1200,45,0.84,-26.5,-0.49,4,0.32,-257.6,-1.03,0.16483516483516483,0.044444444444444446,False,False,False
r5_clean_mtf,1201,Funding_EMAFlip_H8_SL5,46,0.92,-9.1,-0.22,21,0.46,-72.5,-1.37,0.1684981684981685,0.23333333333333334,False,False,False
r5_clean_mtf,1202,Funding_EMAFlip_H8_SL7,46,0.84,-20.7,-0.47,21,0.41,-91.6,-1.49,0.1684981684981685,0.23333333333333334,False,False,False
r5_clean_mtf,1203,Funding_EMAFlip_H12_SL5,37,0.94,-8.9,-0.14,19,0.25,-143.4,-2.94,0.13553113553113552,0.2111111111111111,False,False,False
r5_clean_mtf,1204,Funding_EMAFlip_H12_SL7,36,0.79,-32.8,-0.57,19,0.23,-161.7,-2.81,0.13186813186813187,0.2111111111111111,False,False,False
r5_clean_mtf,1205,Funding_EMAFlip_H18_SL5,33,0.9,-21.8,-0.28,17,0.15,-252.2,-3.79,0.12087912087912088,0.18888888888888888,False,False,False
r5_clean_mtf,1206,Funding_EMAFlip_H18_SL7,30,0.97,-5.6,-0.08,17,0.12,-324.1,-3.86,0.10989010989010989,0.18888888888888888,False,False,False
r5_clean_mtf,1207,FundingExt_RSIRev_H8_SL5,3,2.05,182.8,1.48,0,0.0,0.0,0.0,0.01098901098901099,0.0,False,False,False
r5_clean_mtf,1208,FundingExt_RSIRev_H8_SL7,2,999.0,387.1,1.3,0,0.0,0.0,0.0,0.007326007326007326,0.0,False,False,False
r5_clean_mtf,1209,FundingExt_RSIRev_H12_SL5,3,1.99,172.5,1.28,0,0.0,0.0,0.0,0.01098901098901099,0.0,False,False,False
r5_clean_mtf,1210,FundingExt_RSIRev_H12_SL7,2,999.0,691.5,1.09,0,0.0,0.0,0.0,0.007326007326007326,0.0,False,False,False
r5_clean_mtf,1211,FundingExt_RSIRev_H18_SL5,3,1.55,115.7,0.61,0,0.0,0.0,0.0,0.01098901098901099,0.0,False,False,False
r5_clean_mtf,1212,FundingExt_RSIRev_H18_SL7,2,12.23,633.6,0.85,0,0.0,0.0,0.0,0.007326007326007326,0.0,False,False,False
r5_clean_mtf,1213,OIFlush_PinRebound_H8_SL5,20,1.1,21.9,0.18,16,0.83,-38.3,-0.32,0.07326007326007326,0.17777777777777778,False,False,False
r5_clean_mtf,1214,OIFlush_PinRebound_H8_SL7,19,1.4,76.4,0.65,16,0.62,-113.3,-0.8,0.0695970695970696,0.17777777777777778,False,False,False
r5_clean_mtf,1215,OIFlush_PinRebound_H12_SL5,20,1.03,7.1,0.06,16,1.1,22.9,0.16,0.07326007326007326,0.17777777777777778,False,False,False
r5_clean_mtf,1216,OIFlush_PinRebound_H12_SL7,19,1.3,70.3,0.51,16,1.11,30.2,0.17,0.0695970695970696,0.17777777777777778,False,False,False
r5_clean_mtf,1217,OIFlush_PinRebound_H18_SL5,20,0.89,-27.4,-0.22,16,1.12,27.1,0.18,0.07326007326007326,0.17777777777777778,False,False,False
r5_clean_mtf,1218,OIFlush_PinRebound_H18_SL7,18,1.19,49.6,0.32,16,1.14,38.1,0.2,0.06593406593406594,0.17777777777777778,False,False,False
r5_clean_mtf,1219,TrappedLate_FlowRev_H8_SL5,1,0.0,-520.0,0.0,0,0.0,0.0,0.0,0.003663003663003663,0.0,False,False,False
r5_clean_mtf,1220,TrappedLate_FlowRev_H8_SL7,1,0.0,-720.0,0.0,0,0.0,0.0,0.0,0.003663003663003663,0.0,False,False,False
r5_clean_mtf,1221,TrappedLate_FlowRev_H12_SL5,1,0.0,-520.0,0.0,0,0.0,0.0,0.0,0.003663003663003663,0.0,False,False,False
r5_clean_mtf,1222,TrappedLate_FlowRev_H12_SL7,1,0.0,-720.0,0.0,0,0.0,0.0,0.0,0.003663003663003663,0.0,False,False,False
r5_clean_mtf,1223,TrappedLate_FlowRev_H18_SL5,1,0.0,-520.0,0.0,0,0.0,0.0,0.0,0.003663003663003663,0.0,False,False,False
r5_clean_mtf,1224,TrappedLate_FlowRev_H18_SL7,1,0.0,-720.0,0.0,0,0.0,0.0,0.0,0.003663003663003663,0.0,False,False,False
r5_clean_mtf,1225,Funding_KeltBreak_var1225,10,0.16,-201.3,-1.91,3,0.0,-345.9,-2.57,0.03663003663003663,0.03333333333333333,False,False,False
r5_clean_mtf,1226,Funding_KeltBreak_var1226,10,0.16,-201.3,-1.91,3,0.0,-345.9,-2.57,0.03663003663003663,0.03333333333333333,False,False,False
r5_clean_mtf,1227,Funding_KeltBreak_var1227,10,0.16,-201.3,-1.91,3,0.0,-345.9,-2.57,0.03663003663003663,0.03333333333333333,False,False,False
r5_clean_mtf,1228,Funding_KeltBreak_var1228,10,0.16,-201.3,-1.91,3,0.0,-345.9,-2.57,0.03663003663003663,0.03333333333333333,False,False,False
r5_clean_mtf,1229,Funding_KeltBreak_var1229,10,0.16,-201.3,-1.91,3,0.0,-345.9,-2.57,0.03663003663003663,0.03333333333333333,False,False,False
r5_clean_mtf,1230,Funding_KeltBreak_var1230,10,0.16,-201.3,-1.91,3,0.0,-345.9,-2.57,0.03663003663003663,0.03333333333333333,False,False,False
r5_clean_mtf,1231,Funding_KeltBreak_var1231,10,0.16,-201.3,-1.91,3,0.0,-345.9,-2.57,0.03663003663003663,0.03333333333333333,False,False,False
r5_clean_mtf,1232,Funding_KeltBreak_var1232,10,0.16,-201.3,-1.91,3,0.0,-345.9,-2.57,0.03663003663003663,0.03333333333333333,False,False,False
r5_clean_mtf,1233,Funding_KeltBreak_var1233,10,0.16,-201.3,-1.91,3,0.0,-345.9,-2.57,0.03663003663003663,0.03333333333333333,False,False,False
r5_clean_mtf,1234,Funding_KeltBreak_var1234,10,0.16,-201.3,-1.91,3,0.0,-345.9,-2.57,0.03663003663003663,0.03333333333333333,False,False,False
r5_clean_mtf,1235,Funding_KeltBreak_var1235,10,0.16,-201.3,-1.91,3,0.0,-345.9,-2.57,0.03663003663003663,0.03333333333333333,False,False,False
r5_clean_mtf,1236,Funding_KeltBreak_var1236,10,0.16,-201.3,-1.91,3,0.0,-345.9,-2.57,0.03663003663003663,0.03333333333333333,False,False,False
r5_clean_mtf,1237,Funding_KeltBreak_var1237,10,0.16,-201.3,-1.91,3,0.0,-345.9,-2.57,0.03663003663003663,0.03333333333333333,False,False,False
r5_clean_mtf,1238,Funding_KeltBreak_var1238,10,0.16,-201.3,-1.91,3,0.0,-345.9,-2.57,0.03663003663003663,0.03333333333333333,False,False,False
r5_clean_mtf,1239,Funding_KeltBreak_var1239,10,0.16,-201.3,-1.91,3,0.0,-345.9,-2.57,0.03663003663003663,0.03333333333333333,False,False,False
r5_clean_mtf,1240,Funding_KeltBreak_var1240,10,0.16,-201.3,-1.91,3,0.0,-345.9,-2.57,0.03663003663003663,0.03333333333333333,False,False,False
r5_clean_mtf,1241,Funding_KeltBreak_var1241,10,0.16,-201.3,-1.91,3,0.0,-345.9,-2.57,0.03663003663003663,0.03333333333333333,False,False,False
r5_clean_mtf,1242,Funding_KeltBreak_var1242,10,0.16,-201.3,-1.91,3,0.0,-345.9,-2.57,0.03663003663003663,0.03333333333333333,False,False,False
r5_clean_mtf,1243,Funding_KeltBreak_var1243,10,0.16,-201.3,-1.91,3,0.0,-345.9,-2.57,0.03663003663003663,0.03333333333333333,False,False,False
r5_clean_mtf,1244,Funding_KeltBreak_var1244,10,0.16,-201.3,-1.91,3,0.0,-345.9,-2.57,0.03663003663003663,0.03333333333333333,False,False,False
r5_clean_mtf,1245,Funding_KeltBreak_var1245,10,0.16,-201.3,-1.91,3,0.0,-345.9,-2.57,0.03663003663003663,0.03333333333333333,False,False,False
r5_clean_mtf,1246,Funding_KeltBreak_var1246,10,0.16,-201.3,-1.91,3,0.0,-345.9,-2.57,0.03663003663003663,0.03333333333333333,False,False,False
r5_clean_mtf,1247,Funding_KeltBreak_var1247,10,0.16,-201.3,-1.91,3,0.0,-345.9,-2.57,0.03663003663003663,0.03333333333333333,False,False,False
r5_clean_mtf,1248,Funding_KeltBreak_var1248,10,0.16,-201.3,-1.91,3,0.0,-345.9,-2.57,0.03663003663003663,0.03333333333333333,False,False,False
r5_clean_mtf,1249,Funding_KeltBreak_var1249,10,0.16,-201.3,-1.91,3,0.0,-345.9,-2.57,0.03663003663003663,0.03333333333333333,False,False,False
r5_clean_mtf,1250,Funding_KeltBreak_var1250,10,0.16,-201.3,-1.91,3,0.0,-345.9,-2.57,0.03663003663003663,0.03333333333333333,False,False,False
r5_clean_mtf,1251,RS4h_15bp_KeltBreak_H12,154,1.17,24.6,0.66,57,1.27,56.6,0.81,0.5641025641025641,0.6333333333333333,False,False,False
r5_clean_mtf,1252,RS4h_15bp_KeltBreak_H18,140,1.13,23.6,0.59,54,1.05,13.1,0.16,0.5128205128205128,0.6,False,False,False
r5_clean_mtf,1253,RS4h_15bp_Sq_KeltBreak_H12,13,0.19,-220.1,-2.26,7,0.4,-177.0,-1.01,0.047619047619047616,0.07777777777777778,False,False,False
r5_clean_mtf,1254,RS4h_15bp_Sq_KeltBreak_H18,12,0.64,-82.1,-0.6,7,0.2,-272.5,-1.57,0.04395604395604396,0.07777777777777778,False,False,False
r5_clean_mtf,1255,RS4h_15bp_Flow_KeltBreak_H12,42,0.91,-13.2,-0.24,4,6.75,380.9,1.08,0.15384615384615385,0.044444444444444446,False,False,False
r5_clean_mtf,1256,RS4h_15bp_Flow_KeltBreak_H18,41,0.95,-9.8,-0.13,4,999.0,715.9,1.87,0.15018315018315018,0.044444444444444446,False,False,False
r5_clean_mtf,1257,RS4h_25bp_KeltBreak_H12,88,0.91,-14.2,-0.27,37,0.62,-96.5,-1.14,0.32234432234432236,0.4111111111111111,False,False,False
r5_clean_mtf,1258,RS4h_25bp_KeltBreak_H18,83,0.92,-15.1,-0.26,37,0.51,-153.1,-1.68,0.304029304029304,0.4111111111111111,False,False,False
r5_clean_mtf,1259,RS4h_25bp_Sq_KeltBreak_H12,1,0.0,-720.0,0.0,2,0.0,-453.0,-1.7,0.003663003663003663,0.022222222222222223,False,False,False
r5_clean_mtf,1260,RS4h_25bp_Sq_KeltBreak_H18,1,0.0,-720.0,0.0,2,0.0,-720.0,-101820216838.79,0.003663003663003663,0.022222222222222223,False,False,False
r5_clean_mtf,1261,RS4h_25bp_Flow_KeltBreak_H12,22,0.63,-56.6,-0.84,1,999.0,262.1,0.0,0.08058608058608059,0.011111111111111112,False,False,False
r5_clean_mtf,1262,RS4h_25bp_Flow_KeltBreak_H18,22,1.2,32.4,0.31,1,999.0,1380.0,0.0,0.08058608058608059,0.011111111111111112,False,False,False
r5_clean_mtf,1263,RS4h_35bp_KeltBreak_H12,48,0.59,-90.4,-1.38,26,1.0,0.2,0.0,0.17582417582417584,0.28888888888888886,False,False,False
r5_clean_mtf,1264,RS4h_35bp_KeltBreak_H18,45,0.73,-68.2,-0.75,26,0.69,-85.3,-0.89,0.16483516483516483,0.28888888888888886,False,False,False
r5_clean_mtf,1265,RS4h_35bp_Sq_KeltBreak_H12,1,0.0,-720.0,0.0,1,0.0,-185.9,0.0,0.003663003663003663,0.011111111111111112,False,False,False
r5_clean_mtf,1266,RS4h_35bp_Sq_KeltBreak_H18,1,0.0,-720.0,0.0,1,0.0,-720.0,0.0,0.003663003663003663,0.011111111111111112,False,False,False
r5_clean_mtf,1267,RS4h_35bp_Flow_KeltBreak_H12,13,0.38,-117.1,-1.39,1,999.0,262.1,0.0,0.047619047619047616,0.011111111111111112,False,False,False
r5_clean_mtf,1268,RS4h_35bp_Flow_KeltBreak_H18,13,1.16,35.8,0.21,1,999.0,1380.0,0.0,0.047619047619047616,0.011111111111111112,False,False,False
r5_clean_mtf,1269,Dual_RS4h_1d_KeltBreak_H12,37,1.54,75.8,0.74,21,0.71,-86.4,-0.63,0.13553113553113552,0.23333333333333334,False,False,False
r5_clean_mtf,1270,Dual_RS4h_1d_KeltBreak_H18,34,1.18,41.5,0.36,21,0.66,-123.1,-0.88,0.12454212454212454,0.23333333333333334,False,False,False
r5_clean_mtf,1271,Dual_RS4h_1d_Sq_KeltBreak_H12,1,0.0,-720.0,0.0,2,0.0,-453.0,-1.7,0.003663003663003663,0.022222222222222223,False,False,False
r5_clean_mtf,1272,Dual_RS4h_1d_Sq_KeltBreak_H18,1,0.0,-720.0,0.0,2,0.0,-720.0,-101820216838.79,0.003663003663003663,0.022222222222222223,False,False,False
r5_clean_mtf,1273,Dual_RS4h_1d_Flow_KeltBreak_H12,4,1.65,52.1,0.4,0,0.0,0.0,0.0,0.014652014652014652,0.0,False,False,False
r5_clean_mtf,1274,Dual_RS4h_1d_Flow_KeltBreak_H18,4,5.06,354.9,0.96,0,0.0,0.0,0.0,0.014652014652014652,0.0,False,False,False
r5_clean_mtf,1275,RS4h_BTCGate_var1275,13,1.23,42.1,0.27,0,0.0,0.0,0.0,0.047619047619047616,0.0,False,False,False
r5_clean_mtf,1276,RS4h_BTCGate_var1276,13,1.23,42.1,0.27,0,0.0,0.0,0.0,0.047619047619047616,0.0,False,False,False
r5_clean_mtf,1277,RS4h_BTCGate_var1277,13,1.23,42.1,0.27,0,0.0,0.0,0.0,0.047619047619047616,0.0,False,False,False
r5_clean_mtf,1278,RS4h_BTCGate_var1278,13,1.23,42.1,0.27,0,0.0,0.0,0.0,0.047619047619047616,0.0,False,False,False
r5_clean_mtf,1279,RS4h_BTCGate_var1279,13,1.23,42.1,0.27,0,0.0,0.0,0.0,0.047619047619047616,0.0,False,False,False
r5_clean_mtf,1280,RS4h_BTCGate_var1280,13,1.23,42.1,0.27,0,0.0,0.0,0.0,0.047619047619047616,0.0,False,False,False
r5_clean_mtf,1281,RS4h_BTCGate_var1281,13,1.23,42.1,0.27,0,0.0,0.0,0.0,0.047619047619047616,0.0,False,False,False
r5_clean_mtf,1282,RS4h_BTCGate_var1282,13,1.23,42.1,0.27,0,0.0,0.0,0.0,0.047619047619047616,0.0,False,False,False
r5_clean_mtf,1283,RS4h_BTCGate_var1283,13,1.23,42.1,0.27,0,0.0,0.0,0.0,0.047619047619047616,0.0,False,False,False
r5_clean_mtf,1284,RS4h_BTCGate_var1284,13,1.23,42.1,0.27,0,0.0,0.0,0.0,0.047619047619047616,0.0,False,False,False
r5_clean_mtf,1285,RS4h_BTCGate_var1285,13,1.23,42.1,0.27,0,0.0,0.0,0.0,0.047619047619047616,0.0,False,False,False
r5_clean_mtf,1286,RS4h_BTCGate_var1286,13,1.23,42.1,0.27,0,0.0,0.0,0.0,0.047619047619047616,0.0,False,False,False
r5_clean_mtf,1287,RS4h_BTCGate_var1287,13,1.23,42.1,0.27,0,0.0,0.0,0.0,0.047619047619047616,0.0,False,False,False
r5_clean_mtf,1288,RS4h_BTCGate_var1288,13,1.23,42.1,0.27,0,0.0,0.0,0.0,0.047619047619047616,0.0,False,False,False
r5_clean_mtf,1289,RS4h_BTCGate_var1289,13,1.23,42.1,0.27,0,0.0,0.0,0.0,0.047619047619047616,0.0,False,False,False
r5_clean_mtf,1290,RS4h_BTCGate_var1290,13,1.23,42.1,0.27,0,0.0,0.0,0.0,0.047619047619047616,0.0,False,False,False
r5_clean_mtf,1291,RS4h_BTCGate_var1291,13,1.23,42.1,0.27,0,0.0,0.0,0.0,0.047619047619047616,0.0,False,False,False
r5_clean_mtf,1292,RS4h_BTCGate_var1292,13,1.23,42.1,0.27,0,0.0,0.0,0.0,0.047619047619047616,0.0,False,False,False
r5_clean_mtf,1293,RS4h_BTCGate_var1293,13,1.23,42.1,0.27,0,0.0,0.0,0.0,0.047619047619047616,0.0,False,False,False
r5_clean_mtf,1294,RS4h_BTCGate_var1294,13,1.23,42.1,0.27,0,0.0,0.0,0.0,0.047619047619047616,0.0,False,False,False
r5_clean_mtf,1295,RS4h_BTCGate_var1295,13,1.23,42.1,0.27,0,0.0,0.0,0.0,0.047619047619047616,0.0,False,False,False
r5_clean_mtf,1296,RS4h_BTCGate_var1296,13,1.23,42.1,0.27,0,0.0,0.0,0.0,0.047619047619047616,0.0,False,False,False
r5_clean_mtf,1297,RS4h_BTCGate_var1297,13,1.23,42.1,0.27,0,0.0,0.0,0.0,0.047619047619047616,0.0,False,False,False
r5_clean_mtf,1298,RS4h_BTCGate_var1298,13,1.23,42.1,0.27,0,0.0,0.0,0.0,0.047619047619047616,0.0,False,False,False
r5_clean_mtf,1299,RS4h_BTCGate_var1299,13,1.23,42.1,0.27,0,0.0,0.0,0.0,0.047619047619047616,0.0,False,False,False
r5_clean_mtf,1300,RS4h_BTCGate_var1300,13,1.23,42.1,0.27,0,0.0,0.0,0.0,0.047619047619047616,0.0,False,False,False
r5_clean_mtf,1301,Elder_WilliamsR_H12_SL4,1,0.0,-86.2,0.0,0,0.0,0.0,0.0,0.003663003663003663,0.0,False,False,False
r5_clean_mtf,1302,Elder_WilliamsR_H12_SL6,1,0.0,-86.2,0.0,0,0.0,0.0,0.0,0.003663003663003663,0.0,False,False,False
r5_clean_mtf,1303,Elder_WilliamsR_H12_SL7,1,0.0,-86.2,0.0,0,0.0,0.0,0.0,0.003663003663003663,0.0,False,False,False
r5_clean_mtf,1304,Elder_WilliamsR_H18_SL4,1,999.0,35.9,0.0,0,0.0,0.0,0.0,0.003663003663003663,0.0,False,False,False
r5_clean_mtf,1305,Elder_WilliamsR_H18_SL6,1,999.0,35.9,0.0,0,0.0,0.0,0.0,0.003663003663003663,0.0,False,False,False
r5_clean_mtf,1306,Elder_WilliamsR_H18_SL7,1,999.0,35.9,0.0,0,0.0,0.0,0.0,0.003663003663003663,0.0,False,False,False
r5_clean_mtf,1307,Elder_WilliamsR_H24_SL4,1,999.0,391.9,0.0,0,0.0,0.0,0.0,0.003663003663003663,0.0,False,False,False
r5_clean_mtf,1308,Elder_WilliamsR_H24_SL6,1,999.0,391.9,0.0,0,0.0,0.0,0.0,0.003663003663003663,0.0,False,False,False
r5_clean_mtf,1309,Elder_WilliamsR_H24_SL7,1,999.0,391.9,0.0,0,0.0,0.0,0.0,0.003663003663003663,0.0,False,False,False
r5_clean_mtf,1310,Elder_RSI_H12_SL4,3,1.7,106.9,0.3,2,0.3,-147.2,-0.54,0.01098901098901099,0.022222222222222223,False,False,False
r5_clean_mtf,1311,Elder_RSI_H12_SL6,3,2.63,138.3,0.51,2,1.25,12.5,0.11,0.01098901098901099,0.022222222222222223,False,False,False
r5_clean_mtf,1312,Elder_RSI_H12_SL7,3,2.63,138.3,0.51,2,1.25,12.5,0.11,0.01098901098901099,0.022222222222222223,False,False,False
r5_clean_mtf,1313,Elder_RSI_H18_SL4,3,1.4,74.6,0.21,2,1.86,180.0,0.3,0.01098901098901099,0.022222222222222223,False,False,False
r5_clean_mtf,1314,Elder_RSI_H18_SL6,3,2.34,141.4,0.47,2,999.0,472.5,1.47,0.01098901098901099,0.022222222222222223,False,False,False
r5_clean_mtf,1315,Elder_RSI_H18_SL7,3,2.34,141.4,0.47,2,999.0,472.5,1.47,0.01098901098901099,0.022222222222222223,False,False,False
r5_clean_mtf,1316,Elder_RSI_H24_SL4,3,1.15,34.1,0.09,2,1.86,180.0,0.3,0.01098901098901099,0.022222222222222223,False,False,False
r5_clean_mtf,1317,Elder_RSI_H24_SL6,3,2.21,215.2,0.45,2,999.0,462.0,1.61,0.01098901098901099,0.022222222222222223,False,False,False
r5_clean_mtf,1318,Elder_RSI_H24_SL7,3,2.58,281.9,0.51,2,999.0,462.0,1.61,0.01098901098901099,0.022222222222222223,False,False,False
r5_clean_mtf,1319,Elder_RSI_Flow_H12_SL4,2,999.0,105.1,4.94,2,1.94,30.4,0.32,0.007326007326007326,0.022222222222222223,False,False,False
r5_clean_mtf,1320,Elder_RSI_Flow_H12_SL6,2,999.0,105.1,4.94,2,1.94,30.4,0.32,0.007326007326007326,0.022222222222222223,False,False,False
r5_clean_mtf,1321,Elder_RSI_Flow_H12_SL7,2,999.0,105.1,4.94,2,1.94,30.4,0.32,0.007326007326007326,0.022222222222222223,False,False,False
r5_clean_mtf,1322,Elder_RSI_Flow_H18_SL4,2,999.0,184.6,2.3,2,999.0,419.0,1.16,0.007326007326007326,0.022222222222222223,False,False,False
r5_clean_mtf,1323,Elder_RSI_Flow_H18_SL6,2,999.0,184.6,2.3,2,999.0,426.5,1.16,0.007326007326007326,0.022222222222222223,False,False,False
r5_clean_mtf,1324,Elder_RSI_Flow_H18_SL7,2,999.0,184.6,2.3,2,999.0,426.5,1.16,0.007326007326007326,0.022222222222222223,False,False,False
r5_clean_mtf,1325,Elder_RSI_Flow_H24_SL4,2,999.0,338.6,2.13,2,999.0,463.3,1.46,0.007326007326007326,0.022222222222222223,False,False,False
r5_clean_mtf,1326,Elder_RSI_Flow_H24_SL6,2,999.0,338.6,2.13,2,999.0,448.2,1.49,0.007326007326007326,0.022222222222222223,False,False,False
r5_clean_mtf,1327,Elder_RSI_Flow_H24_SL7,2,999.0,338.6,2.13,2,999.0,448.2,1.49,0.007326007326007326,0.022222222222222223,False,False,False
r5_clean_mtf,1328,Elder_Wave_var1328,0,0.0,0.0,0.0,0,0.0,0.0,0.0,0.0,0.0,False,False,False
r5_clean_mtf,1329,Elder_Wave_var1329,0,0.0,0.0,0.0,0,0.0,0.0,0.0,0.0,0.0,False,False,False
r5_clean_mtf,1330,Elder_Wave_var1330,0,0.0,0.0,0.0,0,0.0,0.0,0.0,0.0,0.0,False,False,False
r5_clean_mtf,1331,Elder_Wave_var1331,0,0.0,0.0,0.0,0,0.0,0.0,0.0,0.0,0.0,False,False,False
r5_clean_mtf,1332,Elder_Wave_var1332,0,0.0,0.0,0.0,0,0.0,0.0,0.0,0.0,0.0,False,False,False
r5_clean_mtf,1333,Elder_Wave_var1333,0,0.0,0.0,0.0,0,0.0,0.0,0.0,0.0,0.0,False,False,False
r5_clean_mtf,1334,Elder_Wave_var1334,0,0.0,0.0,0.0,0,0.0,0.0,0.0,0.0,0.0,False,False,False
r5_clean_mtf,1335,Elder_Wave_var1335,0,0.0,0.0,0.0,0,0.0,0.0,0.0,0.0,0.0,False,False,False
r5_clean_mtf,1336,Elder_Wave_var1336,0,0.0,0.0,0.0,0,0.0,0.0,0.0,0.0,0.0,False,False,False
r5_clean_mtf,1337,Elder_Wave_var1337,0,0.0,0.0,0.0,0,0.0,0.0,0.0,0.0,0.0,False,False,False
r5_clean_mtf,1338,Elder_Wave_var1338,0,0.0,0.0,0.0,0,0.0,0.0,0.0,0.0,0.0,False,False,False
r5_clean_mtf,1339,Elder_Wave_var1339,0,0.0,0.0,0.0,0,0.0,0.0,0.0,0.0,0.0,False,False,False
r5_clean_mtf,1340,Elder_Wave_var1340,0,0.0,0.0,0.0,0,0.0,0.0,0.0,0.0,0.0,False,False,False
r5_clean_mtf,1341,Elder_Wave_var1341,0,0.0,0.0,0.0,0,0.0,0.0,0.0,0.0,0.0,False,False,False
r5_clean_mtf,1342,Elder_Wave_var1342,0,0.0,0.0,0.0,0,0.0,0.0,0.0,0.0,0.0,False,False,False
r5_clean_mtf,1343,Elder_Wave_var1343,0,0.0,0.0,0.0,0,0.0,0.0,0.0,0.0,0.0,False,False,False
r5_clean_mtf,1344,Elder_Wave_var1344,0,0.0,0.0,0.0,0,0.0,0.0,0.0,0.0,0.0,False,False,False
r5_clean_mtf,1345,Elder_Wave_var1345,0,0.0,0.0,0.0,0,0.0,0.0,0.0,0.0,0.0,False,False,False
r5_clean_mtf,1346,Elder_Wave_var1346,0,0.0,0.0,0.0,0,0.0,0.0,0.0,0.0,0.0,False,False,False
r5_clean_mtf,1347,Elder_Wave_var1347,0,0.0,0.0,0.0,0,0.0,0.0,0.0,0.0,0.0,False,False,False
r5_clean_mtf,1348,Elder_Wave_var1348,0,0.0,0.0,0.0,0,0.0,0.0,0.0,0.0,0.0,False,False,False
r5_clean_mtf,1349,Elder_Wave_var1349,0,0.0,0.0,0.0,0,0.0,0.0,0.0,0.0,0.0,False,False,False
r5_clean_mtf,1350,Elder_Wave_var1350,0,0.0,0.0,0.0,0,0.0,0.0,0.0,0.0,0.0,False,False,False
r6_orthogonal_alphas,1351,Shock15_LaggingFlat_H8_SL5,7,0.54,-113.5,-0.71,3,0.0,-252.5,-1.86,0.02564102564102564,0.03333333333333333,False,False,False
r6_orthogonal_alphas,1352,Shock15_LaggingFlat_H8_SL7,7,0.51,-125.8,-0.77,3,0.0,-319.2,-1.58,0.02564102564102564,0.03333333333333333,False,False,False
r6_orthogonal_alphas,1353,Shock15_LaggingFlat_H12_SL5,7,0.43,-134.5,-0.9,3,0.19,-153.8,-0.82,0.02564102564102564,0.03333333333333333,False,False,False
r6_orthogonal_alphas,1354,Shock15_LaggingFlat_H12_SL7,7,0.34,-196.7,-1.11,3,0.14,-220.4,-0.87,0.02564102564102564,0.03333333333333333,False,False,False
r6_orthogonal_alphas,1355,Shock15_LaggingFlat_H18_SL5,7,0.31,-167.3,-1.22,3,1.33,57.9,0.18,0.02564102564102564,0.03333333333333333,False,False,False
r6_orthogonal_alphas,1356,Shock15_LaggingFlat_H18_SL7,7,0.29,-186.4,-1.19,3,0.96,-8.8,-0.02,0.02564102564102564,0.03333333333333333,False,False,False
r6_orthogonal_alphas,1357,Shock15_LaggingModerate_H8_SL5,15,1.16,25.5,0.24,9,1.48,74.5,0.4,0.054945054945054944,0.1,False,False,False
r6_orthogonal_alphas,1358,Shock15_LaggingModerate_H8_SL7,15,1.08,13.2,0.12,9,1.18,29.9,0.15,0.054945054945054944,0.1,False,False,False
r6_orthogonal_alphas,1359,Shock15_LaggingModerate_H12_SL5,15,1.38,50.5,0.48,9,1.71,127.3,0.64,0.054945054945054944,0.1,False,False,False
r6_orthogonal_alphas,1360,Shock15_LaggingModerate_H12_SL7,15,1.3,48.2,0.36,9,1.7,142.2,0.6,0.054945054945054944,0.1,False,False,False
r6_orthogonal_alphas,1361,Shock15_LaggingModerate_H18_SL5,14,1.46,60.4,0.54,9,1.82,161.4,0.76,0.05128205128205128,0.1,False,False,False
r6_orthogonal_alphas,1362,Shock15_LaggingModerate_H18_SL7,14,1.57,79.4,0.57,9,1.66,147.0,0.62,0.05128205128205128,0.1,False,False,False
r6_orthogonal_alphas,1363,Shock15_AllAlts_H8_SL5,74,1.18,23.4,0.53,29,1.87,127.8,1.23,0.27106227106227104,0.32222222222222224,False,False,False
r6_orthogonal_alphas,1364,Shock15_AllAlts_H8_SL7,73,1.01,2.0,0.05,28,1.02,2.7,0.03,0.2673992673992674,0.3111111111111111,False,False,False
r6_orthogonal_alphas,1365,Shock15_AllAlts_H12_SL5,71,1.13,20.3,0.42,27,1.87,131.7,1.17,0.2600732600732601,0.3,False,False,False
r6_orthogonal_alphas,1366,Shock15_AllAlts_H12_SL7,68,0.99,-1.7,-0.03,26,1.29,48.2,0.38,0.2490842490842491,0.28888888888888886,False,False,False
r6_orthogonal_alphas,1367,Shock15_AllAlts_H18_SL5,67,1.12,19.4,0.38,26,2.2,200.8,1.65,0.2454212454212454,0.28888888888888886,False,False,False
r6_orthogonal_alphas,1368,Shock15_AllAlts_H18_SL7,63,1.15,27.4,0.47,25,1.64,120.3,0.89,0.23076923076923078,0.2777777777777778,False,False,False
r6_orthogonal_alphas,1369,Shock20_LaggingFlat_H8_SL5,4,0.84,-27.9,-0.14,2,0.0,-299.9,-1.36,0.014652014652014652,0.022222222222222223,False,False,False
r6_orthogonal_alphas,1370,Shock20_LaggingFlat_H8_SL7,4,0.84,-27.9,-0.14,2,0.0,-399.9,-1.25,0.014652014652014652,0.022222222222222223,False,False,False
r6_orthogonal_alphas,1371,Shock20_LaggingFlat_H12_SL5,4,0.53,-73.8,-0.44,2,0.0,-283.6,-1.2,0.014652014652014652,0.022222222222222223,False,False,False
r6_orthogonal_alphas,1372,Shock20_LaggingFlat_H12_SL7,4,0.5,-82.7,-0.47,2,0.0,-383.6,-1.14,0.014652014652014652,0.022222222222222223,False,False,False
r6_orthogonal_alphas,1373,Shock20_LaggingFlat_H18_SL5,4,0.26,-123.4,-0.86,2,0.2,-208.9,-0.67,0.014652014652014652,0.022222222222222223,False,False,False
r6_orthogonal_alphas,1374,Shock20_LaggingFlat_H18_SL7,4,0.43,-56.9,-0.65,2,0.14,-308.9,-0.75,0.014652014652014652,0.022222222222222223,False,False,False
r6_orthogonal_alphas,1375,Shock20_LaggingModerate_H8_SL5,5,1.09,12.4,0.08,4,1.65,97.5,0.31,0.018315018315018316,0.044444444444444446,False,False,False
r6_orthogonal_alphas,1376,Shock20_LaggingModerate_H8_SL7,5,1.09,12.4,0.08,4,1.74,147.5,0.33,0.018315018315018316,0.044444444444444446,False,False,False
r6_orthogonal_alphas,1377,Shock20_LaggingModerate_H12_SL5,5,0.65,-43.9,-0.33,4,2.55,219.8,0.68,0.018315018315018316,0.044444444444444446,False,False,False
r6_orthogonal_alphas,1378,Shock20_LaggingModerate_H12_SL7,5,0.61,-51.1,-0.37,4,2.41,269.8,0.61,0.018315018315018316,0.044444444444444446,False,False,False
r6_orthogonal_alphas,1379,Shock20_LaggingModerate_H18_SL5,5,0.41,-78.7,-0.66,4,3.18,282.9,0.88,0.018315018315018316,0.044444444444444446,False,False,False
r6_orthogonal_alphas,1380,Shock20_LaggingModerate_H18_SL7,5,0.68,-25.5,-0.34,4,2.85,332.9,0.76,0.018315018315018316,0.044444444444444446,False,False,False
r6_orthogonal_alphas,1381,Shock20_AllAlts_H8_SL5,34,1.05,7.9,0.11,13,1.12,18.4,0.14,0.12454212454212454,0.14444444444444443,False,False,False
r6_orthogonal_alphas,1382,Shock20_AllAlts_H8_SL7,34,0.74,-46.5,-0.8,13,1.02,4.4,0.03,0.12454212454212454,0.14444444444444443,False,False,False
r6_orthogonal_alphas,1383,Shock20_AllAlts_H12_SL5,34,0.89,-21.0,-0.27,12,1.16,29.0,0.19,0.12454212454212454,0.13333333333333333,False,False,False
r6_orthogonal_alphas,1384,Shock20_AllAlts_H12_SL7,32,0.67,-75.7,-0.89,12,1.56,100.6,0.5,0.11721611721611722,0.13333333333333333,False,False,False
r6_orthogonal_alphas,1385,Shock20_AllAlts_H18_SL5,32,0.75,-53.6,-0.69,12,1.01,2.7,0.02,0.11721611721611722,0.13333333333333333,False,False,False
r6_orthogonal_alphas,1386,Shock20_AllAlts_H18_SL7,30,0.57,-113.0,-1.16,12,1.39,88.3,0.42,0.10989010989010989,0.13333333333333333,False,False,False
r6_orthogonal_alphas,1387,Shock25_LaggingFlat_H8_SL5,1,999.0,442.9,0.0,1,0.0,-79.8,0.0,0.003663003663003663,0.011111111111111112,False,False,False
r6_orthogonal_alphas,1388,Shock25_LaggingFlat_H8_SL7,1,999.0,442.9,0.0,1,0.0,-79.8,0.0,0.003663003663003663,0.011111111111111112,False,False,False
r6_orthogonal_alphas,1389,Shock25_LaggingFlat_H12_SL5,1,999.0,271.2,0.0,1,0.0,-47.2,0.0,0.003663003663003663,0.011111111111111112,False,False,False
r6_orthogonal_alphas,1390,Shock25_LaggingFlat_H12_SL7,1,999.0,271.2,0.0,1,0.0,-47.2,0.0,0.003663003663003663,0.011111111111111112,False,False,False
r6_orthogonal_alphas,1391,Shock25_LaggingFlat_H18_SL5,1,999.0,44.7,0.0,1,999.0,102.2,0.0,0.003663003663003663,0.011111111111111112,False,False,False
r6_orthogonal_alphas,1392,Shock25_LaggingFlat_H18_SL7,1,999.0,44.7,0.0,1,999.0,102.2,0.0,0.003663003663003663,0.011111111111111112,False,False,False
r6_orthogonal_alphas,1393,Shock25_LaggingModerate_H8_SL5,1,999.0,442.9,0.0,2,12.28,450.1,0.85,0.003663003663003663,0.022222222222222223,False,False,False
r6_orthogonal_alphas,1394,Shock25_LaggingModerate_H8_SL7,1,999.0,442.9,0.0,2,17.29,650.1,0.89,0.003663003663003663,0.022222222222222223,False,False,False
r6_orthogonal_alphas,1395,Shock25_LaggingModerate_H12_SL5,1,999.0,271.2,0.0,2,20.78,466.4,0.91,0.003663003663003663,0.022222222222222223,False,False,False
r6_orthogonal_alphas,1396,Shock25_LaggingModerate_H12_SL7,1,999.0,271.2,0.0,2,29.26,666.4,0.93,0.003663003663003663,0.022222222222222223,False,False,False
r6_orthogonal_alphas,1397,Shock25_LaggingModerate_H18_SL5,1,999.0,44.7,0.0,2,999.0,541.1,1.23,0.003663003663003663,0.022222222222222223,False,False,False
r6_orthogonal_alphas,1398,Shock25_LaggingModerate_H18_SL7,1,999.0,44.7,0.0,2,999.0,741.1,1.16,0.003663003663003663,0.022222222222222223,False,False,False
r6_orthogonal_alphas,1399,Shock25_AllAlts_H8_SL5,14,1.09,15.7,0.13,9,1.57,96.5,0.51,0.05128205128205128,0.1,False,False,False
r6_orthogonal_alphas,1400,Shock25_AllAlts_H8_SL7,14,0.49,-121.3,-1.06,9,1.55,98.6,0.47,0.05128205128205128,0.1,False,False,False
r6_orthogonal_alphas,1401,CVD12_Absorb_H8_SL4,0,0.0,0.0,0.0,0,0.0,0.0,0.0,0.0,0.0,False,False,False
r6_orthogonal_alphas,1402,CVD12_Absorb_H8_SL6,0,0.0,0.0,0.0,0,0.0,0.0,0.0,0.0,0.0,False,False,False
r6_orthogonal_alphas,1403,CVD12_Absorb_H8_SL7,0,0.0,0.0,0.0,0,0.0,0.0,0.0,0.0,0.0,False,False,False
r6_orthogonal_alphas,1404,CVD12_Absorb_H12_SL4,0,0.0,0.0,0.0,0,0.0,0.0,0.0,0.0,0.0,False,False,False
r6_orthogonal_alphas,1405,CVD12_Absorb_H12_SL6,0,0.0,0.0,0.0,0,0.0,0.0,0.0,0.0,0.0,False,False,False
r6_orthogonal_alphas,1406,CVD12_Absorb_H12_SL7,0,0.0,0.0,0.0,0,0.0,0.0,0.0,0.0,0.0,False,False,False
r6_orthogonal_alphas,1407,CVD12_Absorb_H18_SL4,0,0.0,0.0,0.0,0,0.0,0.0,0.0,0.0,0.0,False,False,False
r6_orthogonal_alphas,1408,CVD12_Absorb_H18_SL6,0,0.0,0.0,0.0,0,0.0,0.0,0.0,0.0,0.0,False,False,False
r6_orthogonal_alphas,1409,CVD12_Absorb_H18_SL7,0,0.0,0.0,0.0,0,0.0,0.0,0.0,0.0,0.0,False,False,False
r6_orthogonal_alphas,1410,CVD24_Absorb_H8_SL4,0,0.0,0.0,0.0,0,0.0,0.0,0.0,0.0,0.0,False,False,False
r6_orthogonal_alphas,1411,CVD24_Absorb_H8_SL6,0,0.0,0.0,0.0,0,0.0,0.0,0.0,0.0,0.0,False,False,False
r6_orthogonal_alphas,1412,CVD24_Absorb_H8_SL7,0,0.0,0.0,0.0,0,0.0,0.0,0.0,0.0,0.0,False,False,False
r6_orthogonal_alphas,1413,CVD24_Absorb_H12_SL4,0,0.0,0.0,0.0,0,0.0,0.0,0.0,0.0,0.0,False,False,False
r6_orthogonal_alphas,1414,CVD24_Absorb_H12_SL6,0,0.0,0.0,0.0,0,0.0,0.0,0.0,0.0,0.0,False,False,False
r6_orthogonal_alphas,1415,CVD24_Absorb_H12_SL7,0,0.0,0.0,0.0,0,0.0,0.0,0.0,0.0,0.0,False,False,False
r6_orthogonal_alphas,1416,CVD24_Absorb_H18_SL4,0,0.0,0.0,0.0,0,0.0,0.0,0.0,0.0,0.0,False,False,False
r6_orthogonal_alphas,1417,CVD24_Absorb_H18_SL6,0,0.0,0.0,0.0,0,0.0,0.0,0.0,0.0,0.0,False,False,False
r6_orthogonal_alphas,1418,CVD24_Absorb_H18_SL7,0,0.0,0.0,0.0,0,0.0,0.0,0.0,0.0,0.0,False,False,False
r6_orthogonal_alphas,1419,CVD12_Absorb_Flow_H8_SL4,1,0.0,-0.2,0.0,0,0.0,0.0,0.0,0.003663003663003663,0.0,False,False,False
r6_orthogonal_alphas,1420,CVD12_Absorb_Flow_H8_SL6,1,0.0,-0.2,0.0,0,0.0,0.0,0.0,0.003663003663003663,0.0,False,False,False
r6_orthogonal_alphas,1421,CVD12_Absorb_Flow_H8_SL7,1,0.0,-0.2,0.0,0,0.0,0.0,0.0,0.003663003663003663,0.0,False,False,False
r6_orthogonal_alphas,1422,CVD12_Absorb_Flow_H12_SL4,1,999.0,26.9,0.0,0,0.0,0.0,0.0,0.003663003663003663,0.0,False,False,False
r6_orthogonal_alphas,1423,CVD12_Absorb_Flow_H12_SL6,1,999.0,26.9,0.0,0,0.0,0.0,0.0,0.003663003663003663,0.0,False,False,False
r6_orthogonal_alphas,1424,CVD12_Absorb_Flow_H12_SL7,1,999.0,26.9,0.0,0,0.0,0.0,0.0,0.003663003663003663,0.0,False,False,False
r6_orthogonal_alphas,1425,CVD12_Absorb_Flow_H18_SL4,1,0.0,-109.0,0.0,0,0.0,0.0,0.0,0.003663003663003663,0.0,False,False,False
r6_orthogonal_alphas,1426,CVD12_Absorb_Flow_H18_SL6,1,0.0,-109.0,0.0,0,0.0,0.0,0.0,0.003663003663003663,0.0,False,False,False
r6_orthogonal_alphas,1427,CVD12_Absorb_Flow_H18_SL7,1,0.0,-109.0,0.0,0,0.0,0.0,0.0,0.003663003663003663,0.0,False,False,False
r6_orthogonal_alphas,1428,MicroDelta_Divergence_H8_SL4,369,0.8,-24.1,-1.74,31,0.43,-99.2,-1.99,1.3516483516483517,0.34444444444444444,False,False,False
r6_orthogonal_alphas,1429,MicroDelta_Divergence_H8_SL6,359,0.75,-31.6,-2.12,30,0.57,-60.9,-1.19,1.315018315018315,0.3333333333333333,False,False,False
r6_orthogonal_alphas,1430,MicroDelta_Divergence_H8_SL7,358,0.75,-31.4,-2.08,30,0.53,-70.9,-1.29,1.3113553113553114,0.3333333333333333,False,False,False
r6_orthogonal_alphas,1431,MicroDelta_Divergence_H12_SL4,305,0.75,-39.3,-2.05,30,0.65,-65.8,-1.04,1.1172161172161172,0.3333333333333333,False,False,False
r6_orthogonal_alphas,1432,MicroDelta_Divergence_H12_SL6,297,0.74,-40.5,-1.89,28,0.95,-6.7,-0.1,1.0879120879120878,0.3111111111111111,False,False,False
r6_orthogonal_alphas,1433,MicroDelta_Divergence_H12_SL7,295,0.76,-37.5,-1.68,28,0.89,-17.4,-0.25,1.0805860805860805,0.3111111111111111,False,False,False
r6_orthogonal_alphas,1434,MicroDelta_Divergence_H18_SL4,256,1.08,12.7,0.52,29,0.81,-39.0,-0.51,0.9377289377289377,0.32222222222222224,False,False,False
r6_orthogonal_alphas,1435,MicroDelta_Divergence_H18_SL6,239,1.44,59.2,2.1,27,1.05,10.3,0.11,0.8754578754578755,0.3,False,False,True
r6_orthogonal_alphas,1436,MicroDelta_Divergence_H18_SL7,237,1.47,62.8,2.17,27,1.03,5.8,0.06,0.8681318681318682,0.3,False,False,True
r6_orthogonal_alphas,1437,CVD24_Strong_var1437,0,0.0,0.0,0.0,0,0.0,0.0,0.0,0.0,0.0,False,False,False
r6_orthogonal_alphas,1438,CVD24_Strong_var1438,0,0.0,0.0,0.0,0,0.0,0.0,0.0,0.0,0.0,False,False,False
r6_orthogonal_alphas,1439,CVD24_Strong_var1439,0,0.0,0.0,0.0,0,0.0,0.0,0.0,0.0,0.0,False,False,False
r6_orthogonal_alphas,1440,CVD24_Strong_var1440,0,0.0,0.0,0.0,0,0.0,0.0,0.0,0.0,0.0,False,False,False
r6_orthogonal_alphas,1441,CVD24_Strong_var1441,0,0.0,0.0,0.0,0,0.0,0.0,0.0,0.0,0.0,False,False,False
r6_orthogonal_alphas,1442,CVD24_Strong_var1442,0,0.0,0.0,0.0,0,0.0,0.0,0.0,0.0,0.0,False,False,False
r6_orthogonal_alphas,1443,CVD24_Strong_var1443,0,0.0,0.0,0.0,0,0.0,0.0,0.0,0.0,0.0,False,False,False
r6_orthogonal_alphas,1444,CVD24_Strong_var1444,0,0.0,0.0,0.0,0,0.0,0.0,0.0,0.0,0.0,False,False,False
r6_orthogonal_alphas,1445,CVD24_Strong_var1445,0,0.0,0.0,0.0,0,0.0,0.0,0.0,0.0,0.0,False,False,False
r6_orthogonal_alphas,1446,CVD24_Strong_var1446,0,0.0,0.0,0.0,0,0.0,0.0,0.0,0.0,0.0,False,False,False
r6_orthogonal_alphas,1447,CVD24_Strong_var1447,0,0.0,0.0,0.0,0,0.0,0.0,0.0,0.0,0.0,False,False,False
r6_orthogonal_alphas,1448,CVD24_Strong_var1448,0,0.0,0.0,0.0,0,0.0,0.0,0.0,0.0,0.0,False,False,False
r6_orthogonal_alphas,1449,CVD24_Strong_var1449,0,0.0,0.0,0.0,0,0.0,0.0,0.0,0.0,0.0,False,False,False
r6_orthogonal_alphas,1450,CVD24_Strong_var1450,0,0.0,0.0,0.0,0,0.0,0.0,0.0,0.0,0.0,False,False,False
r6_orthogonal_alphas,1451,TTSmart_Standard_H12_SL5,105,0.95,-7.1,-0.21,20,1.45,81.7,0.71,0.38461538461538464,0.2222222222222222,False,False,False
r6_orthogonal_alphas,1452,TTSmart_Standard_H12_SL7,102,0.83,-28.3,-0.67,20,1.29,63.2,0.46,0.37362637362637363,0.2222222222222222,False,False,False
r6_orthogonal_alphas,1453,TTSmart_Standard_H12_SL8,102,0.83,-28.2,-0.64,20,1.22,52.8,0.35,0.37362637362637363,0.2222222222222222,False,False,False
r6_orthogonal_alphas,1454,TTSmart_Standard_H18_SL5,90,0.91,-17.8,-0.39,16,1.54,106.1,0.72,0.32967032967032966,0.17777777777777778,False,False,False
r6_orthogonal_alphas,1455,TTSmart_Standard_H18_SL7,87,0.78,-50.4,-0.9,16,1.31,77.2,0.45,0.31868131868131866,0.17777777777777778,False,False,False
r6_orthogonal_alphas,1456,TTSmart_Standard_H18_SL8,85,0.86,-29.3,-0.52,16,1.24,64.7,0.34,0.31135531135531136,0.17777777777777778,False,False,False
r6_orthogonal_alphas,1457,TTSmart_Standard_H24_SL5,82,0.99,-2.7,-0.05,15,1.63,131.0,0.83,0.30036630036630035,0.16666666666666666,False,False,False
r6_orthogonal_alphas,1458,TTSmart_Standard_H24_SL7,79,0.86,-29.6,-0.51,15,1.39,107.9,0.54,0.2893772893772894,0.16666666666666666,False,False,False
r6_orthogonal_alphas,1459,TTSmart_Standard_H24_SL8,77,0.84,-33.6,-0.57,15,1.32,97.9,0.45,0.28205128205128205,0.16666666666666666,False,False,False
r6_orthogonal_alphas,1460,TTSmart_Strong_H12_SL5,63,1.17,27.1,0.52,1,999.0,751.9,0.0,0.23076923076923078,0.011111111111111112,False,False,False
r6_orthogonal_alphas,1461,TTSmart_Strong_H12_SL7,61,1.05,8.3,0.14,1,999.0,751.9,0.0,0.22344322344322345,0.011111111111111112,False,False,False
r6_orthogonal_alphas,1462,TTSmart_Strong_H12_SL8,61,1.04,7.1,0.12,1,999.0,751.9,0.0,0.22344322344322345,0.011111111111111112,False,False,False
r6_orthogonal_alphas,1463,TTSmart_Strong_H18_SL5,52,1.15,26.6,0.42,1,999.0,474.3,0.0,0.19047619047619047,0.011111111111111112,False,False,False
r6_orthogonal_alphas,1464,TTSmart_Strong_H18_SL7,50,1.0,-0.0,-0.0,1,999.0,474.3,0.0,0.18315018315018314,0.011111111111111112,False,False,False
r6_orthogonal_alphas,1465,TTSmart_Strong_H18_SL8,50,1.05,10.0,0.13,1,999.0,474.3,0.0,0.18315018315018314,0.011111111111111112,False,False,False
r6_orthogonal_alphas,1466,TTSmart_Strong_H24_SL5,51,1.07,12.2,0.19,1,999.0,772.6,0.0,0.18681318681318682,0.011111111111111112,False,False,False
r6_orthogonal_alphas,1467,TTSmart_Strong_H24_SL7,49,0.9,-21.2,-0.28,1,999.0,772.6,0.0,0.1794871794871795,0.011111111111111112,False,False,False
r6_orthogonal_alphas,1468,TTSmart_Strong_H24_SL8,48,0.89,-23.0,-0.31,1,999.0,772.6,0.0,0.17582417582417584,0.011111111111111112,False,False,False
r6_orthogonal_alphas,1469,TTSmart_GreenBar_H12_SL5,43,0.84,-25.0,-0.48,0,0.0,0.0,0.0,0.1575091575091575,0.0,False,False,False
r6_orthogonal_alphas,1470,TTSmart_GreenBar_H12_SL7,43,0.81,-31.5,-0.52,0,0.0,0.0,0.0,0.1575091575091575,0.0,False,False,False
r6_orthogonal_alphas,1471,TTSmart_GreenBar_H12_SL8,43,0.81,-32.9,-0.5,0,0.0,0.0,0.0,0.1575091575091575,0.0,False,False,False
r6_orthogonal_alphas,1472,TTSmart_GreenBar_H18_SL5,39,0.8,-37.3,-0.6,0,0.0,0.0,0.0,0.14285714285714285,0.0,False,False,False
r6_orthogonal_alphas,1473,TTSmart_GreenBar_H18_SL7,38,0.86,-24.6,-0.35,0,0.0,0.0,0.0,0.1391941391941392,0.0,False,False,False
r6_orthogonal_alphas,1474,TTSmart_GreenBar_H18_SL8,38,0.84,-29.8,-0.39,0,0.0,0.0,0.0,0.1391941391941392,0.0,False,False,False
r6_orthogonal_alphas,1475,TTSmart_GreenBar_H24_SL5,38,0.67,-70.0,-1.09,0,0.0,0.0,0.0,0.1391941391941392,0.0,False,False,False
r6_orthogonal_alphas,1476,TTSmart_GreenBar_H24_SL7,36,0.94,-9.6,-0.13,0,0.0,0.0,0.0,0.13186813186813187,0.0,False,False,False
r6_orthogonal_alphas,1477,TTSmart_GreenBar_H24_SL8,36,0.93,-12.4,-0.16,0,0.0,0.0,0.0,0.13186813186813187,0.0,False,False,False
r6_orthogonal_alphas,1478,TTSmart_RSIOversold_H12_SL5,36,1.29,40.4,0.59,8,1.7,136.5,0.63,0.13186813186813187,0.08888888888888889,False,False,False
r6_orthogonal_alphas,1479,TTSmart_RSIOversold_H12_SL7,35,1.11,17.6,0.22,8,1.41,111.5,0.4,0.1282051282051282,0.08888888888888889,False,False,False
r6_orthogonal_alphas,1480,TTSmart_RSIOversold_H12_SL8,35,1.1,17.1,0.21,8,1.32,99.0,0.32,0.1282051282051282,0.08888888888888889,False,False,False
r6_orthogonal_alphas,1481,TTSmart_RSIOversold_H18_SL5,32,1.1,20.0,0.23,8,1.7,135.7,0.61,0.11721611721611722,0.08888888888888889,False,False,False
r6_orthogonal_alphas,1482,TTSmart_RSIOversold_H18_SL7,31,1.07,14.3,0.14,8,1.36,98.1,0.35,0.11355311355311355,0.08888888888888889,False,False,False
r6_orthogonal_alphas,1483,TTSmart_RSIOversold_H18_SL8,30,1.3,55.5,0.59,8,1.28,85.6,0.27,0.10989010989010989,0.08888888888888889,False,False,False
r6_orthogonal_alphas,1484,TTSmart_RSIOversold_H24_SL5,31,0.99,-1.2,-0.01,8,1.58,112.9,0.51,0.11355311355311355,0.08888888888888889,False,False,False
r6_orthogonal_alphas,1485,TTSmart_RSIOversold_H24_SL7,30,1.11,22.2,0.21,8,1.29,78.7,0.28,0.10989010989010989,0.08888888888888889,False,False,False
r6_orthogonal_alphas,1486,TTSmart_RSIOversold_H24_SL8,28,1.2,34.1,0.36,8,1.22,66.2,0.21,0.10256410256410256,0.08888888888888889,False,False,False
r6_orthogonal_alphas,1487,TTSmart_Pure_var1487,0,0.0,0.0,0.0,0,0.0,0.0,0.0,0.0,0.0,False,False,False
r6_orthogonal_alphas,1488,TTSmart_Pure_var1488,0,0.0,0.0,0.0,0,0.0,0.0,0.0,0.0,0.0,False,False,False
r6_orthogonal_alphas,1489,TTSmart_Pure_var1489,0,0.0,0.0,0.0,0,0.0,0.0,0.0,0.0,0.0,False,False,False
r6_orthogonal_alphas,1490,TTSmart_Pure_var1490,0,0.0,0.0,0.0,0,0.0,0.0,0.0,0.0,0.0,False,False,False
r6_orthogonal_alphas,1491,TTSmart_Pure_var1491,0,0.0,0.0,0.0,0,0.0,0.0,0.0,0.0,0.0,False,False,False
r6_orthogonal_alphas,1492,TTSmart_Pure_var1492,0,0.0,0.0,0.0,0,0.0,0.0,0.0,0.0,0.0,False,False,False
r6_orthogonal_alphas,1493,TTSmart_Pure_var1493,0,0.0,0.0,0.0,0,0.0,0.0,0.0,0.0,0.0,False,False,False
r6_orthogonal_alphas,1494,TTSmart_Pure_var1494,0,0.0,0.0,0.0,0,0.0,0.0,0.0,0.0,0.0,False,False,False
r6_orthogonal_alphas,1495,TTSmart_Pure_var1495,0,0.0,0.0,0.0,0,0.0,0.0,0.0,0.0,0.0,False,False,False
r6_orthogonal_alphas,1496,TTSmart_Pure_var1496,0,0.0,0.0,0.0,0,0.0,0.0,0.0,0.0,0.0,False,False,False
r6_orthogonal_alphas,1497,TTSmart_Pure_var1497,0,0.0,0.0,0.0,0,0.0,0.0,0.0,0.0,0.0,False,False,False
r6_orthogonal_alphas,1498,TTSmart_Pure_var1498,0,0.0,0.0,0.0,0,0.0,0.0,0.0,0.0,0.0,False,False,False
r6_orthogonal_alphas,1499,TTSmart_Pure_var1499,0,0.0,0.0,0.0,0,0.0,0.0,0.0,0.0,0.0,False,False,False
r6_orthogonal_alphas,1500,TTSmart_Pure_var1500,0,0.0,0.0,0.0,0,0.0,0.0,0.0,0.0,0.0,False,False,False
r6_orthogonal_alphas,1501,Flushout10_H8_SL5,5,33.26,390.6,1.62,8,5.32,312.6,1.69,0.018315018315018316,0.08888888888888889,False,False,False
r6_orthogonal_alphas,1502,Flushout10_H8_SL7,5,40.73,481.2,1.6,8,6.22,334.6,1.74,0.018315018315018316,0.08888888888888889,False,False,False
r6_orthogonal_alphas,1503,Flushout10_H8_SL9,5,38.21,450.6,1.61,8,6.22,334.6,1.74,0.018315018315018316,0.08888888888888889,False,False,False
r6_orthogonal_alphas,1504,Flushout10_H12_SL5,5,177.93,441.5,1.99,8,5.38,347.6,1.85,0.018315018315018316,0.08888888888888889,False,False,False
r6_orthogonal_alphas,1505,Flushout10_H12_SL7,5,242.04,601.5,1.88,8,4.52,367.6,1.59,0.018315018315018316,0.08888888888888889,False,False,False
r6_orthogonal_alphas,1506,Flushout10_H12_SL9,5,259.65,645.5,1.8,8,5.56,428.1,1.66,0.018315018315018316,0.08888888888888889,False,False,False
r6_orthogonal_alphas,1507,Flushout10_H18_SL5,5,999.0,612.1,3.31,8,5.57,350.1,1.71,0.018315018315018316,0.08888888888888889,False,False,False
r6_orthogonal_alphas,1508,Flushout10_H18_SL7,5,999.0,772.1,2.85,8,5.22,428.1,1.59,0.018315018315018316,0.08888888888888889,False,False,False
r6_orthogonal_alphas,1509,Flushout10_H18_SL9,5,999.0,816.0,2.64,8,5.11,427.3,1.52,0.018315018315018316,0.08888888888888889,False,False,False
r6_orthogonal_alphas,1510,Flushout15_H8_SL5,3,18.59,326.0,0.99,0,0.0,0.0,0.0,0.01098901098901099,0.0,False,False,False
r6_orthogonal_alphas,1511,Flushout15_H8_SL7,3,19.54,343.6,0.99,0,0.0,0.0,0.0,0.01098901098901099,0.0,False,False,False
r6_orthogonal_alphas,1512,Flushout15_H8_SL9,3,19.54,343.6,0.99,0,0.0,0.0,0.0,0.01098901098901099,0.0,False,False,False
r6_orthogonal_alphas,1513,Flushout15_H12_SL5,3,999.0,413.4,1.45,0,0.0,0.0,0.0,0.01098901098901099,0.0,False,False,False
r6_orthogonal_alphas,1514,Flushout15_H12_SL7,3,999.0,546.7,1.31,0,0.0,0.0,0.0,0.01098901098901099,0.0,False,False,False
r6_orthogonal_alphas,1515,Flushout15_H12_SL9,3,999.0,680.0,1.23,0,0.0,0.0,0.0,0.01098901098901099,0.0,False,False,False
r6_orthogonal_alphas,1516,Flushout15_H18_SL5,3,999.0,680.9,3.69,0,0.0,0.0,0.0,0.01098901098901099,0.0,False,False,False
r6_orthogonal_alphas,1517,Flushout15_H18_SL7,3,999.0,814.3,2.69,0,0.0,0.0,0.0,0.01098901098901099,0.0,False,False,False
r6_orthogonal_alphas,1518,Flushout15_H18_SL9,3,999.0,947.6,2.2,0,0.0,0.0,0.0,0.01098901098901099,0.0,False,False,False
r6_orthogonal_alphas,1519,TrappedExtreme10_H8_SL5,0,0.0,0.0,0.0,0,0.0,0.0,0.0,0.0,0.0,False,False,False
r6_orthogonal_alphas,1520,TrappedExtreme10_H8_SL7,0,0.0,0.0,0.0,0,0.0,0.0,0.0,0.0,0.0,False,False,False
r6_orthogonal_alphas,1521,TrappedExtreme10_H8_SL9,0,0.0,0.0,0.0,0,0.0,0.0,0.0,0.0,0.0,False,False,False
r6_orthogonal_alphas,1522,TrappedExtreme10_H12_SL5,0,0.0,0.0,0.0,0,0.0,0.0,0.0,0.0,0.0,False,False,False
r6_orthogonal_alphas,1523,TrappedExtreme10_H12_SL7,0,0.0,0.0,0.0,0,0.0,0.0,0.0,0.0,0.0,False,False,False
r6_orthogonal_alphas,1524,TrappedExtreme10_H12_SL9,0,0.0,0.0,0.0,0,0.0,0.0,0.0,0.0,0.0,False,False,False
r6_orthogonal_alphas,1525,TrappedExtreme10_H18_SL5,0,0.0,0.0,0.0,0,0.0,0.0,0.0,0.0,0.0,False,False,False
r6_orthogonal_alphas,1526,TrappedExtreme10_H18_SL7,0,0.0,0.0,0.0,0,0.0,0.0,0.0,0.0,0.0,False,False,False
r6_orthogonal_alphas,1527,TrappedExtreme10_H18_SL9,0,0.0,0.0,0.0,0,0.0,0.0,0.0,0.0,0.0,False,False,False
r6_orthogonal_alphas,1528,TrappedExtreme15_H8_SL5,0,0.0,0.0,0.0,0,0.0,0.0,0.0,0.0,0.0,False,False,False
r6_orthogonal_alphas,1529,TrappedExtreme15_H8_SL7,0,0.0,0.0,0.0,0,0.0,0.0,0.0,0.0,0.0,False,False,False
r6_orthogonal_alphas,1530,TrappedExtreme15_H8_SL9,0,0.0,0.0,0.0,0,0.0,0.0,0.0,0.0,0.0,False,False,False
r6_orthogonal_alphas,1531,TrappedExtreme15_H12_SL5,0,0.0,0.0,0.0,0,0.0,0.0,0.0,0.0,0.0,False,False,False
r6_orthogonal_alphas,1532,TrappedExtreme15_H12_SL7,0,0.0,0.0,0.0,0,0.0,0.0,0.0,0.0,0.0,False,False,False
r6_orthogonal_alphas,1533,TrappedExtreme15_H12_SL9,0,0.0,0.0,0.0,0,0.0,0.0,0.0,0.0,0.0,False,False,False
r6_orthogonal_alphas,1534,TrappedExtreme15_H18_SL5,0,0.0,0.0,0.0,0,0.0,0.0,0.0,0.0,0.0,False,False,False
r6_orthogonal_alphas,1535,TrappedExtreme15_H18_SL7,0,0.0,0.0,0.0,0,0.0,0.0,0.0,0.0,0.0,False,False,False
r6_orthogonal_alphas,1536,TrappedExtreme15_H18_SL9,0,0.0,0.0,0.0,0,0.0,0.0,0.0,0.0,0.0,False,False,False
r6_orthogonal_alphas,1537,Flushout_RSI_var1537,2,999.0,623.3,1.12,0,0.0,0.0,0.0,0.007326007326007326,0.0,False,False,False
r6_orthogonal_alphas,1538,Flushout_RSI_var1538,2,999.0,623.3,1.12,0,0.0,0.0,0.0,0.007326007326007326,0.0,False,False,False
r6_orthogonal_alphas,1539,Flushout_RSI_var1539,2,999.0,623.3,1.12,0,0.0,0.0,0.0,0.007326007326007326,0.0,False,False,False
r6_orthogonal_alphas,1540,Flushout_RSI_var1540,2,999.0,623.3,1.12,0,0.0,0.0,0.0,0.007326007326007326,0.0,False,False,False
r6_orthogonal_alphas,1541,Flushout_RSI_var1541,2,999.0,623.3,1.12,0,0.0,0.0,0.0,0.007326007326007326,0.0,False,False,False
r6_orthogonal_alphas,1542,Flushout_RSI_var1542,2,999.0,623.3,1.12,0,0.0,0.0,0.0,0.007326007326007326,0.0,False,False,False
r6_orthogonal_alphas,1543,Flushout_RSI_var1543,2,999.0,623.3,1.12,0,0.0,0.0,0.0,0.007326007326007326,0.0,False,False,False
r6_orthogonal_alphas,1544,Flushout_RSI_var1544,2,999.0,623.3,1.12,0,0.0,0.0,0.0,0.007326007326007326,0.0,False,False,False
r6_orthogonal_alphas,1545,Flushout_RSI_var1545,2,999.0,623.3,1.12,0,0.0,0.0,0.0,0.007326007326007326,0.0,False,False,False
r6_orthogonal_alphas,1546,Flushout_RSI_var1546,2,999.0,623.3,1.12,0,0.0,0.0,0.0,0.007326007326007326,0.0,False,False,False
r6_orthogonal_alphas,1547,Flushout_RSI_var1547,2,999.0,623.3,1.12,0,0.0,0.0,0.0,0.007326007326007326,0.0,False,False,False
r6_orthogonal_alphas,1548,Flushout_RSI_var1548,2,999.0,623.3,1.12,0,0.0,0.0,0.0,0.007326007326007326,0.0,False,False,False
r6_orthogonal_alphas,1549,Flushout_RSI_var1549,2,999.0,623.3,1.12,0,0.0,0.0,0.0,0.007326007326007326,0.0,False,False,False
r6_orthogonal_alphas,1550,Flushout_RSI_var1550,2,999.0,623.3,1.12,0,0.0,0.0,0.0,0.007326007326007326,0.0,False,False,False
r6_orthogonal_alphas,1551,VAR24_Ext3_H8_SL5,98,0.53,-78.6,-2.3,48,0.44,-130.7,-1.9,0.358974358974359,0.5333333333333333,False,False,False
r6_orthogonal_alphas,1552,VAR24_Ext3_H8_SL7,95,0.45,-97.4,-2.5,46,0.36,-165.9,-1.95,0.34798534798534797,0.5111111111111111,False,False,False
r6_orthogonal_alphas,1553,VAR24_Ext3_H8_SL8,94,0.51,-85.4,-2.21,46,0.33,-183.3,-1.96,0.3443223443223443,0.5111111111111111,False,False,False
r6_orthogonal_alphas,1554,VAR24_Ext3_H12_SL5,91,0.52,-97.9,-2.51,44,0.42,-152.0,-1.87,0.3333333333333333,0.4888888888888889,False,False,False
r6_orthogonal_alphas,1555,VAR24_Ext3_H12_SL7,86,0.5,-113.2,-2.36,40,0.41,-161.1,-1.58,0.315018315018315,0.4444444444444444,False,False,False
r6_orthogonal_alphas,1556,VAR24_Ext3_H12_SL8,84,0.62,-80.7,-1.67,40,0.38,-186.1,-1.67,0.3076923076923077,0.4444444444444444,False,False,False
r6_orthogonal_alphas,1557,VAR24_Ext3_H18_SL5,86,0.59,-96.1,-2.11,44,0.53,-125.5,-1.37,0.315018315018315,0.4888888888888889,False,False,False
r6_orthogonal_alphas,1558,VAR24_Ext3_H18_SL7,80,0.53,-117.2,-2.14,38,0.65,-92.8,-0.88,0.29304029304029305,0.4222222222222222,False,False,False
r6_orthogonal_alphas,1559,VAR24_Ext3_H18_SL8,77,0.58,-106.8,-1.89,38,0.58,-121.8,-1.06,0.28205128205128205,0.4222222222222222,False,False,False
r6_orthogonal_alphas,1560,VAR24_Ext45_H8_SL5,41,0.49,-100.8,-1.82,25,0.77,-45.2,-0.46,0.15018315018315018,0.2777777777777778,False,False,False
r6_orthogonal_alphas,1561,VAR24_Ext45_H8_SL7,39,0.43,-109.4,-1.63,24,0.59,-99.5,-0.83,0.14285714285714285,0.26666666666666666,False,False,False
r6_orthogonal_alphas,1562,VAR24_Ext45_H8_SL8,38,0.67,-54.5,-0.83,24,0.55,-116.1,-0.91,0.1391941391941392,0.26666666666666666,False,False,False
r6_orthogonal_alphas,1563,VAR24_Ext45_H12_SL5,39,0.5,-108.6,-1.69,25,0.62,-92.9,-0.8,0.14285714285714285,0.2777777777777778,False,False,False
r6_orthogonal_alphas,1564,VAR24_Ext45_H12_SL7,37,0.6,-86.6,-0.93,22,0.73,-60.5,-0.45,0.13553113553113552,0.24444444444444444,False,False,False
r6_orthogonal_alphas,1565,VAR24_Ext45_H12_SL8,35,0.86,-28.7,-0.29,22,0.68,-78.7,-0.55,0.1282051282051282,0.24444444444444444,False,False,False
r6_orthogonal_alphas,1566,VAR24_Ext45_H18_SL5,37,0.67,-76.5,-1.0,25,0.72,-71.2,-0.56,0.13553113553113552,0.2777777777777778,False,False,False
r6_orthogonal_alphas,1567,VAR24_Ext45_H18_SL7,35,0.67,-83.1,-0.78,22,0.93,-15.0,-0.12,0.1282051282051282,0.24444444444444444,False,False,False
r6_orthogonal_alphas,1568,VAR24_Ext45_H18_SL8,34,0.95,-11.9,-0.11,22,0.85,-37.8,-0.27,0.12454212454212454,0.24444444444444444,False,False,False
r6_orthogonal_alphas,1569,VAR12_FastFlow_H8_SL5,171,0.81,-25.3,-1.06,51,0.58,-79.5,-1.62,0.6263736263736264,0.5666666666666667,False,False,False
r6_orthogonal_alphas,1570,VAR12_FastFlow_H8_SL7,171,0.8,-27.2,-1.01,51,0.57,-78.1,-1.6,0.6263736263736264,0.5666666666666667,False,False,False
r6_orthogonal_alphas,1571,VAR12_FastFlow_H8_SL8,170,0.88,-15.3,-0.56,51,0.56,-80.7,-1.63,0.6227106227106227,0.5666666666666667,False,False,False
r6_orthogonal_alphas,1572,VAR12_FastFlow_H12_SL5,159,0.93,-9.6,-0.35,49,0.71,-53.0,-0.91,0.5824175824175825,0.5444444444444444,False,False,False
r6_orthogonal_alphas,1573,VAR12_FastFlow_H12_SL7,158,0.93,-10.3,-0.32,48,0.72,-46.1,-0.82,0.5787545787545788,0.5333333333333333,False,False,False
r6_orthogonal_alphas,1574,VAR12_FastFlow_H12_SL8,157,1.04,6.0,0.18,48,0.71,-49.2,-0.85,0.575091575091575,0.5333333333333333,False,False,False
r6_orthogonal_alphas,1575,VAR12_FastFlow_H18_SL5,145,0.94,-10.4,-0.31,46,0.76,-52.6,-0.75,0.5311355311355311,0.5111111111111111,False,False,False
r6_orthogonal_alphas,1576,VAR12_FastFlow_H18_SL7,143,0.91,-18.0,-0.46,44,0.96,-7.5,-0.11,0.5238095238095238,0.4888888888888889,False,False,False
r6_orthogonal_alphas,1577,VAR12_FastFlow_H18_SL8,141,1.0,-0.5,-0.01,44,0.92,-15.1,-0.21,0.5164835164835165,0.4888888888888889,False,False,False
r6_orthogonal_alphas,1578,VAR24_VolSpike_H8_SL5,75,0.55,-82.9,-2.12,25,0.61,-89.1,-0.84,0.27472527472527475,0.2777777777777778,False,False,False
r6_orthogonal_alphas,1579,VAR24_VolSpike_H8_SL7,72,0.53,-92.0,-2.09,24,0.45,-155.4,-1.28,0.26373626373626374,0.26666666666666666,False,False,False
r6_orthogonal_alphas,1580,VAR24_VolSpike_H8_SL8,71,0.64,-65.3,-1.48,24,0.4,-184.6,-1.4,0.2600732600732601,0.26666666666666666,False,False,False
r6_orthogonal_alphas,1581,VAR24_VolSpike_H12_SL5,71,0.6,-89.7,-1.9,25,0.54,-129.1,-1.14,0.2600732600732601,0.2777777777777778,False,False,False
r6_orthogonal_alphas,1582,VAR24_VolSpike_H12_SL7,67,0.61,-92.4,-1.7,24,0.41,-184.7,-1.54,0.2454212454212454,0.26666666666666666,False,False,False
r6_orthogonal_alphas,1583,VAR24_VolSpike_H12_SL8,66,0.73,-59.2,-1.09,24,0.37,-218.0,-1.66,0.24175824175824176,0.26666666666666666,False,False,False
r6_orthogonal_alphas,1584,VAR24_VolSpike_H18_SL5,68,0.63,-92.4,-1.81,25,0.66,-97.1,-0.82,0.2490842490842491,0.2777777777777778,False,False,False
r6_orthogonal_alphas,1585,VAR24_VolSpike_H18_SL7,65,0.61,-100.6,-1.76,24,0.47,-195.4,-1.43,0.23809523809523808,0.26666666666666666,False,False,False
r6_orthogonal_alphas,1586,VAR24_VolSpike_H18_SL8,63,0.74,-63.4,-1.09,24,0.42,-241.2,-1.63,0.23076923076923078,0.26666666666666666,False,False,False
r6_orthogonal_alphas,1587,VAR24_Pure_var1587,34,0.48,-64.5,-1.51,14,1.18,24.8,0.3,0.12454212454212454,0.15555555555555556,False,False,False
r6_orthogonal_alphas,1588,VAR24_Pure_var1588,34,0.48,-64.5,-1.51,14,1.18,24.8,0.3,0.12454212454212454,0.15555555555555556,False,False,False
r6_orthogonal_alphas,1589,VAR24_Pure_var1589,34,0.48,-64.5,-1.51,14,1.18,24.8,0.3,0.12454212454212454,0.15555555555555556,False,False,False
r6_orthogonal_alphas,1590,VAR24_Pure_var1590,34,0.48,-64.5,-1.51,14,1.18,24.8,0.3,0.12454212454212454,0.15555555555555556,False,False,False
r6_orthogonal_alphas,1591,VAR24_Pure_var1591,34,0.48,-64.5,-1.51,14,1.18,24.8,0.3,0.12454212454212454,0.15555555555555556,False,False,False
r6_orthogonal_alphas,1592,VAR24_Pure_var1592,34,0.48,-64.5,-1.51,14,1.18,24.8,0.3,0.12454212454212454,0.15555555555555556,False,False,False
r6_orthogonal_alphas,1593,VAR24_Pure_var1593,34,0.48,-64.5,-1.51,14,1.18,24.8,0.3,0.12454212454212454,0.15555555555555556,False,False,False
r6_orthogonal_alphas,1594,VAR24_Pure_var1594,34,0.48,-64.5,-1.51,14,1.18,24.8,0.3,0.12454212454212454,0.15555555555555556,False,False,False
r6_orthogonal_alphas,1595,VAR24_Pure_var1595,34,0.48,-64.5,-1.51,14,1.18,24.8,0.3,0.12454212454212454,0.15555555555555556,False,False,False
r6_orthogonal_alphas,1596,VAR24_Pure_var1596,34,0.48,-64.5,-1.51,14,1.18,24.8,0.3,0.12454212454212454,0.15555555555555556,False,False,False
r6_orthogonal_alphas,1597,VAR24_Pure_var1597,34,0.48,-64.5,-1.51,14,1.18,24.8,0.3,0.12454212454212454,0.15555555555555556,False,False,False
r6_orthogonal_alphas,1598,VAR24_Pure_var1598,34,0.48,-64.5,-1.51,14,1.18,24.8,0.3,0.12454212454212454,0.15555555555555556,False,False,False
r6_orthogonal_alphas,1599,VAR24_Pure_var1599,34,0.48,-64.5,-1.51,14,1.18,24.8,0.3,0.12454212454212454,0.15555555555555556,False,False,False
r6_orthogonal_alphas,1600,VAR24_Pure_var1600,34,0.48,-64.5,-1.51,14,1.18,24.8,0.3,0.12454212454212454,0.15555555555555556,False,False,False
r6_orthogonal_alphas,1601,PostSettle_Relief_30bp_H4_SL3,32,0.77,-30.2,-0.51,24,1.83,46.8,1.25,0.11721611721611722,0.26666666666666666,False,False,False
r6_orthogonal_alphas,1602,PostSettle_Relief_30bp_H4_SL5,32,0.62,-56.1,-0.91,24,2.03,53.0,1.12,0.11721611721611722,0.26666666666666666,False,False,False
r6_orthogonal_alphas,1603,PostSettle_Relief_30bp_H4_SL7,32,0.77,-27.7,-0.46,24,2.37,60.6,1.39,0.11721611721611722,0.26666666666666666,False,False,False
r6_orthogonal_alphas,1604,PostSettle_Relief_30bp_H8_SL3,27,0.98,-3.0,-0.04,20,1.29,28.8,0.46,0.0989010989010989,0.2222222222222222,False,False,False
r6_orthogonal_alphas,1605,PostSettle_Relief_30bp_H8_SL5,26,0.78,-36.4,-0.58,19,1.8,68.3,0.84,0.09523809523809523,0.2111111111111111,False,False,False
r6_orthogonal_alphas,1606,PostSettle_Relief_30bp_H8_SL7,26,1.1,12.5,0.19,19,2.31,99.0,1.06,0.09523809523809523,0.2111111111111111,False,False,False
r6_orthogonal_alphas,1607,PostSettle_Relief_30bp_H12_SL3,27,0.78,-38.2,-0.54,20,1.34,40.5,0.55,0.0989010989010989,0.2222222222222222,False,False,False
r6_orthogonal_alphas,1608,PostSettle_Relief_30bp_H12_SL5,26,0.64,-82.2,-1.05,19,1.71,87.2,0.81,0.09523809523809523,0.2111111111111111,False,False,False
r6_orthogonal_alphas,1609,PostSettle_Relief_30bp_H12_SL7,26,1.07,11.8,0.13,19,2.48,136.0,1.26,0.09523809523809523,0.2111111111111111,False,False,False
r6_orthogonal_alphas,1610,PostSettle_Relief_50bp_H4_SL3,23,1.19,21.5,0.28,10,0.78,-24.0,-0.45,0.08424908424908426,0.1111111111111111,False,False,False
r6_orthogonal_alphas,1611,PostSettle_Relief_50bp_H4_SL5,23,1.04,4.4,0.06,10,0.82,-16.6,-0.19,0.08424908424908426,0.1111111111111111,False,False,False
r6_orthogonal_alphas,1612,PostSettle_Relief_50bp_H4_SL7,23,1.03,4.0,0.05,10,1.02,1.7,0.02,0.08424908424908426,0.1111111111111111,False,False,False
r6_orthogonal_alphas,1613,PostSettle_Relief_50bp_H8_SL3,21,1.23,33.8,0.38,9,0.52,-70.8,-1.16,0.07692307692307693,0.1,False,False,False
r6_orthogonal_alphas,1614,PostSettle_Relief_50bp_H8_SL5,20,1.08,12.1,0.17,8,0.56,-57.9,-0.57,0.07326007326007326,0.08888888888888889,False,False,False
r6_orthogonal_alphas,1615,PostSettle_Relief_50bp_H8_SL7,20,1.07,9.6,0.12,8,0.68,-34.8,-0.4,0.07326007326007326,0.08888888888888889,False,False,False
r6_orthogonal_alphas,1616,PostSettle_Relief_50bp_H12_SL3,21,1.11,16.8,0.19,9,0.39,-112.5,-1.67,0.07692307692307693,0.1,False,False,False
r6_orthogonal_alphas,1617,PostSettle_Relief_50bp_H12_SL5,20,0.96,-7.5,-0.08,8,0.88,-18.5,-0.12,0.07326007326007326,0.08888888888888889,False,False,False
r6_orthogonal_alphas,1618,PostSettle_Relief_50bp_H12_SL7,20,1.23,40.4,0.34,8,1.07,8.6,0.06,0.07326007326007326,0.08888888888888889,False,False,False
r6_orthogonal_alphas,1619,PreSettle_FrontRun_30bp_H4_SL3,70,0.86,-14.8,-0.41,37,0.8,-17.0,-0.56,0.2564102564102564,0.4111111111111111,False,False,False
r6_orthogonal_alphas,1620,PreSettle_FrontRun_30bp_H4_SL5,70,0.98,-1.8,-0.04,37,0.67,-33.5,-0.98,0.2564102564102564,0.4111111111111111,False,False,False
r6_orthogonal_alphas,1621,PreSettle_FrontRun_30bp_H4_SL7,70,0.93,-6.4,-0.18,37,0.64,-37.3,-1.01,0.2564102564102564,0.4111111111111111,False,False,False
r6_orthogonal_alphas,1622,PreSettle_FrontRun_30bp_H8_SL3,50,0.92,-9.6,-0.19,28,0.28,-107.2,-2.21,0.18315018315018314,0.3111111111111111,False,False,False
r6_orthogonal_alphas,1623,PreSettle_FrontRun_30bp_H8_SL5,46,0.95,-6.3,-0.1,26,0.25,-134.8,-2.2,0.1684981684981685,0.28888888888888886,False,False,False
r6_orthogonal_alphas,1624,PreSettle_FrontRun_30bp_H8_SL7,43,0.74,-37.4,-0.69,25,0.23,-158.2,-2.2,0.1575091575091575,0.2777777777777778,False,False,False
r6_orthogonal_alphas,1625,PreSettle_FrontRun_30bp_H12_SL3,50,0.98,-2.3,-0.04,28,0.31,-112.2,-2.27,0.18315018315018314,0.3111111111111111,False,False,False
r6_orthogonal_alphas,1626,PreSettle_FrontRun_30bp_H12_SL5,46,1.05,6.7,0.09,26,0.25,-159.3,-2.33,0.1684981684981685,0.28888888888888886,False,False,False
r6_orthogonal_alphas,1627,PreSettle_FrontRun_30bp_H12_SL7,43,0.87,-20.2,-0.29,25,0.24,-172.4,-2.28,0.1575091575091575,0.2777777777777778,False,False,False
r6_orthogonal_alphas,1628,PreSettle_Flow_30bp_H4_SL3,14,0.3,-84.4,-1.78,3,5.4,98.1,1.16,0.05128205128205128,0.03333333333333333,False,False,False
r6_orthogonal_alphas,1629,PreSettle_Flow_30bp_H4_SL5,14,0.47,-60.8,-1.07,3,5.4,98.1,1.16,0.05128205128205128,0.03333333333333333,False,False,False
r6_orthogonal_alphas,1630,PreSettle_Flow_30bp_H4_SL7,14,0.47,-61.1,-1.07,3,5.4,98.1,1.16,0.05128205128205128,0.03333333333333333,False,False,False
r6_orthogonal_alphas,1631,PreSettle_Flow_30bp_H8_SL3,13,0.17,-134.4,-1.98,2,999.0,351.4,1.54,0.047619047619047616,0.022222222222222223,False,False,False
r6_orthogonal_alphas,1632,PreSettle_Flow_30bp_H8_SL5,12,0.23,-117.5,-1.51,2,999.0,250.4,1.96,0.04395604395604396,0.022222222222222223,False,False,False
r6_orthogonal_alphas,1633,PreSettle_Flow_30bp_H8_SL7,12,0.24,-108.6,-1.52,2,999.0,250.4,1.96,0.04395604395604396,0.022222222222222223,False,False,False
r6_orthogonal_alphas,1634,PreSettle_Flow_30bp_H12_SL3,13,0.2,-159.5,-2.01,2,999.0,404.5,2.3,0.047619047619047616,0.022222222222222223,False,False,False
r6_orthogonal_alphas,1635,PreSettle_Flow_30bp_H12_SL5,12,0.22,-148.0,-1.73,2,999.0,311.6,3.77,0.04395604395604396,0.022222222222222223,False,False,False
r6_orthogonal_alphas,1636,PreSettle_Flow_30bp_H12_SL7,12,0.24,-138.4,-1.75,2,999.0,311.6,3.77,0.04395604395604396,0.022222222222222223,False,False,False
r6_orthogonal_alphas,1637,PostSettle_Flow_var1637,12,1.1,10.7,0.13,7,5.59,110.6,0.97,0.04395604395604396,0.07777777777777778,False,False,False
r6_orthogonal_alphas,1638,PostSettle_Flow_var1638,12,1.1,10.7,0.13,7,5.59,110.6,0.97,0.04395604395604396,0.07777777777777778,False,False,False
r6_orthogonal_alphas,1639,PostSettle_Flow_var1639,12,1.1,10.7,0.13,7,5.59,110.6,0.97,0.04395604395604396,0.07777777777777778,False,False,False
r6_orthogonal_alphas,1640,PostSettle_Flow_var1640,12,1.1,10.7,0.13,7,5.59,110.6,0.97,0.04395604395604396,0.07777777777777778,False,False,False
r6_orthogonal_alphas,1641,PostSettle_Flow_var1641,12,1.1,10.7,0.13,7,5.59,110.6,0.97,0.04395604395604396,0.07777777777777778,False,False,False
r6_orthogonal_alphas,1642,PostSettle_Flow_var1642,12,1.1,10.7,0.13,7,5.59,110.6,0.97,0.04395604395604396,0.07777777777777778,False,False,False
r6_orthogonal_alphas,1643,PostSettle_Flow_var1643,12,1.1,10.7,0.13,7,5.59,110.6,0.97,0.04395604395604396,0.07777777777777778,False,False,False
r6_orthogonal_alphas,1644,PostSettle_Flow_var1644,12,1.1,10.7,0.13,7,5.59,110.6,0.97,0.04395604395604396,0.07777777777777778,False,False,False
r6_orthogonal_alphas,1645,PostSettle_Flow_var1645,12,1.1,10.7,0.13,7,5.59,110.6,0.97,0.04395604395604396,0.07777777777777778,False,False,False
r6_orthogonal_alphas,1646,PostSettle_Flow_var1646,12,1.1,10.7,0.13,7,5.59,110.6,0.97,0.04395604395604396,0.07777777777777778,False,False,False
r6_orthogonal_alphas,1647,PostSettle_Flow_var1647,12,1.1,10.7,0.13,7,5.59,110.6,0.97,0.04395604395604396,0.07777777777777778,False,False,False
r6_orthogonal_alphas,1648,PostSettle_Flow_var1648,12,1.1,10.7,0.13,7,5.59,110.6,0.97,0.04395604395604396,0.07777777777777778,False,False,False
r6_orthogonal_alphas,1649,PostSettle_Flow_var1649,12,1.1,10.7,0.13,7,5.59,110.6,0.97,0.04395604395604396,0.07777777777777778,False,False,False
r6_orthogonal_alphas,1650,PostSettle_Flow_var1650,12,1.1,10.7,0.13,7,5.59,110.6,0.97,0.04395604395604396,0.07777777777777778,False,False,False
r8_bear_adaptive,1651,DisableLong_RelaxShort48_Hs24,6,1.58,45.1,0.42,6,1.49,110.8,0.36,0.02197802197802198,0.06666666666666667,False,False,False
r8_bear_adaptive,1652,DisableLong_RelaxShort48_Hs24,6,1.58,45.1,0.42,6,1.78,177.5,0.49,0.02197802197802198,0.06666666666666667,False,False,False
r8_bear_adaptive,1653,DisableLong_RelaxShort48_Hs24,6,1.58,45.1,0.42,6,1.79,194.1,0.48,0.02197802197802198,0.06666666666666667,False,False,False
r8_bear_adaptive,1654,DisableLong_RelaxShort48_Hs36,6,10.29,292.4,2.12,6,1.16,56.7,0.15,0.02197802197802198,0.06666666666666667,False,False,False
r8_bear_adaptive,1655,DisableLong_RelaxShort48_Hs36,6,10.29,292.4,2.12,6,1.34,123.4,0.29,0.02197802197802198,0.06666666666666667,False,False,False
r8_bear_adaptive,1656,DisableLong_RelaxShort48_Hs36,6,10.29,292.4,2.12,6,1.28,113.9,0.25,0.02197802197802198,0.06666666666666667,False,False,False
r8_bear_adaptive,1657,DisableLong_StrictShort40_Hs24,3,12.84,227.6,1.5,1,999.0,359.2,0.0,0.01098901098901099,0.011111111111111112,False,False,False
r8_bear_adaptive,1658,DisableLong_StrictShort40_Hs24,3,12.84,227.6,1.5,1,999.0,359.2,0.0,0.01098901098901099,0.011111111111111112,False,False,False
r8_bear_adaptive,1659,DisableLong_StrictShort40_Hs24,3,12.84,227.6,1.5,1,999.0,359.2,0.0,0.01098901098901099,0.011111111111111112,False,False,False
r8_bear_adaptive,1660,DisableLong_StrictShort40_Hs36,3,13.06,231.7,1.5,1,999.0,602.9,0.0,0.01098901098901099,0.011111111111111112,False,False,False
r8_bear_adaptive,1661,DisableLong_StrictShort40_Hs36,3,13.06,231.7,1.5,1,999.0,602.9,0.0,0.01098901098901099,0.011111111111111112,False,False,False
r8_bear_adaptive,1662,DisableLong_StrictShort40_Hs36,3,13.06,231.7,1.5,1,999.0,602.9,0.0,0.01098901098901099,0.011111111111111112,False,False,False
r8_bear_adaptive,1663,StrictLong65_RelaxShort48_Hs24,6,1.58,45.1,0.42,6,1.49,110.8,0.36,0.02197802197802198,0.06666666666666667,False,False,False
r8_bear_adaptive,1664,StrictLong65_RelaxShort48_Hs24,6,1.58,45.1,0.42,6,1.78,177.5,0.49,0.02197802197802198,0.06666666666666667,False,False,False
r8_bear_adaptive,1665,StrictLong65_RelaxShort48_Hs24,6,1.58,45.1,0.42,6,1.79,194.1,0.48,0.02197802197802198,0.06666666666666667,False,False,False
r8_bear_adaptive,1666,StrictLong65_RelaxShort48_Hs36,6,10.29,292.4,2.12,6,1.16,56.7,0.15,0.02197802197802198,0.06666666666666667,False,False,False
r8_bear_adaptive,1667,StrictLong65_RelaxShort48_Hs36,6,10.29,292.4,2.12,6,1.34,123.4,0.29,0.02197802197802198,0.06666666666666667,False,False,False
r8_bear_adaptive,1668,StrictLong65_RelaxShort48_Hs36,6,10.29,292.4,2.12,6,1.28,113.9,0.25,0.02197802197802198,0.06666666666666667,False,False,False
r8_bear_adaptive,1669,StrictLong65_StrictShort40_Hs24,3,12.84,227.6,1.5,1,999.0,359.2,0.0,0.01098901098901099,0.011111111111111112,False,False,False
r8_bear_adaptive,1670,StrictLong65_StrictShort40_Hs24,3,12.84,227.6,1.5,1,999.0,359.2,0.0,0.01098901098901099,0.011111111111111112,False,False,False
r8_bear_adaptive,1671,StrictLong65_StrictShort40_Hs24,3,12.84,227.6,1.5,1,999.0,359.2,0.0,0.01098901098901099,0.011111111111111112,False,False,False
r8_bear_adaptive,1672,StrictLong65_StrictShort40_Hs36,3,13.06,231.7,1.5,1,999.0,602.9,0.0,0.01098901098901099,0.011111111111111112,False,False,False
r8_bear_adaptive,1673,StrictLong65_StrictShort40_Hs36,3,13.06,231.7,1.5,1,999.0,602.9,0.0,0.01098901098901099,0.011111111111111112,False,False,False
r8_bear_adaptive,1674,StrictLong65_StrictShort40_Hs36,3,13.06,231.7,1.5,1,999.0,602.9,0.0,0.01098901098901099,0.011111111111111112,False,False,False
r8_bear_adaptive,1675,DualSq_BearBoost_var1675,2,1.12,14.6,0.05,3,0.25,-295.3,-0.97,0.007326007326007326,0.03333333333333333,False,False,False
r8_bear_adaptive,1676,DualSq_BearBoost_var1676,2,1.12,14.6,0.05,3,0.25,-295.3,-0.97,0.007326007326007326,0.03333333333333333,False,False,False
r8_bear_adaptive,1677,DualSq_BearBoost_var1677,2,1.12,14.6,0.05,3,0.25,-295.3,-0.97,0.007326007326007326,0.03333333333333333,False,False,False
r8_bear_adaptive,1678,DualSq_BearBoost_var1678,2,1.12,14.6,0.05,3,0.25,-295.3,-0.97,0.007326007326007326,0.03333333333333333,False,False,False
r8_bear_adaptive,1679,DualSq_BearBoost_var1679,2,1.12,14.6,0.05,3,0.25,-295.3,-0.97,0.007326007326007326,0.03333333333333333,False,False,False
r8_bear_adaptive,1680,DualSq_BearBoost_var1680,2,1.12,14.6,0.05,3,0.25,-295.3,-0.97,0.007326007326007326,0.03333333333333333,False,False,False
r8_bear_adaptive,1681,DualSq_BearBoost_var1681,2,1.12,14.6,0.05,3,0.25,-295.3,-0.97,0.007326007326007326,0.03333333333333333,False,False,False
r8_bear_adaptive,1682,DualSq_BearBoost_var1682,2,1.12,14.6,0.05,3,0.25,-295.3,-0.97,0.007326007326007326,0.03333333333333333,False,False,False
r8_bear_adaptive,1683,DualSq_BearBoost_var1683,2,1.12,14.6,0.05,3,0.25,-295.3,-0.97,0.007326007326007326,0.03333333333333333,False,False,False
r8_bear_adaptive,1684,DualSq_BearBoost_var1684,2,1.12,14.6,0.05,3,0.25,-295.3,-0.97,0.007326007326007326,0.03333333333333333,False,False,False
r8_bear_adaptive,1685,DualSq_BearBoost_var1685,2,1.12,14.6,0.05,3,0.25,-295.3,-0.97,0.007326007326007326,0.03333333333333333,False,False,False
r8_bear_adaptive,1686,DualSq_BearBoost_var1686,2,1.12,14.6,0.05,3,0.25,-295.3,-0.97,0.007326007326007326,0.03333333333333333,False,False,False
r8_bear_adaptive,1687,DualSq_BearBoost_var1687,2,1.12,14.6,0.05,3,0.25,-295.3,-0.97,0.007326007326007326,0.03333333333333333,False,False,False
r8_bear_adaptive,1688,DualSq_BearBoost_var1688,2,1.12,14.6,0.05,3,0.25,-295.3,-0.97,0.007326007326007326,0.03333333333333333,False,False,False
r8_bear_adaptive,1689,DualSq_BearBoost_var1689,2,1.12,14.6,0.05,3,0.25,-295.3,-0.97,0.007326007326007326,0.03333333333333333,False,False,False
r8_bear_adaptive,1690,DualSq_BearBoost_var1690,2,1.12,14.6,0.05,3,0.25,-295.3,-0.97,0.007326007326007326,0.03333333333333333,False,False,False
r8_bear_adaptive,1691,DualSq_BearBoost_var1691,2,1.12,14.6,0.05,3,0.25,-295.3,-0.97,0.007326007326007326,0.03333333333333333,False,False,False
r8_bear_adaptive,1692,DualSq_BearBoost_var1692,2,1.12,14.6,0.05,3,0.25,-295.3,-0.97,0.007326007326007326,0.03333333333333333,False,False,False
r8_bear_adaptive,1693,DualSq_BearBoost_var1693,2,1.12,14.6,0.05,3,0.25,-295.3,-0.97,0.007326007326007326,0.03333333333333333,False,False,False
r8_bear_adaptive,1694,DualSq_BearBoost_var1694,2,1.12,14.6,0.05,3,0.25,-295.3,-0.97,0.007326007326007326,0.03333333333333333,False,False,False
r8_bear_adaptive,1695,DualSq_BearBoost_var1695,2,1.12,14.6,0.05,3,0.25,-295.3,-0.97,0.007326007326007326,0.03333333333333333,False,False,False
r8_bear_adaptive,1696,DualSq_BearBoost_var1696,2,1.12,14.6,0.05,3,0.25,-295.3,-0.97,0.007326007326007326,0.03333333333333333,False,False,False
r8_bear_adaptive,1697,DualSq_BearBoost_var1697,2,1.12,14.6,0.05,3,0.25,-295.3,-0.97,0.007326007326007326,0.03333333333333333,False,False,False
r8_bear_adaptive,1698,DualSq_BearBoost_var1698,2,1.12,14.6,0.05,3,0.25,-295.3,-0.97,0.007326007326007326,0.03333333333333333,False,False,False
r8_bear_adaptive,1699,DualSq_BearBoost_var1699,2,1.12,14.6,0.05,3,0.25,-295.3,-0.97,0.007326007326007326,0.03333333333333333,False,False,False
r8_bear_adaptive,1700,DualSq_BearBoost_var1700,2,1.12,14.6,0.05,3,0.25,-295.3,-0.97,0.007326007326007326,0.03333333333333333,False,False,False
r8_bear_adaptive,1701,BearFlag_Hs18_SL6,32,0.57,-108.7,-1.51,19,0.82,-41.3,-0.36,0.11721611721611722,0.2111111111111111,False,False,False
r8_bear_adaptive,1702,BearFlag_Hs18_SL7,32,0.57,-109.3,-1.43,18,0.94,-12.2,-0.1,0.11721611721611722,0.2,False,False,False
r8_bear_adaptive,1703,BearFlag_Hs18_SL8,32,0.54,-125.5,-1.58,18,0.94,-12.8,-0.11,0.11721611721611722,0.2,False,False,False
r8_bear_adaptive,1704,BearFlag_Hs24_SL6,29,0.72,-68.3,-0.76,19,0.79,-64.1,-0.44,0.10622710622710622,0.2111111111111111,False,False,False
r8_bear_adaptive,1705,BearFlag_Hs24_SL7,29,0.68,-87.2,-0.93,18,1.05,13.3,0.09,0.10622710622710622,0.2,False,False,False
r8_bear_adaptive,1706,BearFlag_Hs24_SL8,29,0.67,-89.6,-0.94,18,1.06,15.0,0.1,0.10622710622710622,0.2,False,False,False
r8_bear_adaptive,1707,BearFlag_Hs36_SL6,26,0.73,-78.6,-0.75,15,0.55,-131.1,-0.98,0.09523809523809523,0.16666666666666666,False,False,False
r8_bear_adaptive,1708,BearFlag_Hs36_SL7,26,0.78,-61.0,-0.56,14,0.41,-184.0,-1.38,0.09523809523809523,0.15555555555555556,False,False,False
r8_bear_adaptive,1709,BearFlag_Hs36_SL8,26,0.71,-88.9,-0.78,13,0.43,-182.5,-1.23,0.09523809523809523,0.14444444444444443,False,False,False
r8_bear_adaptive,1710,SuppBreak_Hs18_SL6,3,999.0,442.6,1.61,0,0.0,0.0,0.0,0.01098901098901099,0.0,False,False,False
r8_bear_adaptive,1711,SuppBreak_Hs18_SL7,3,999.0,442.6,1.61,0,0.0,0.0,0.0,0.01098901098901099,0.0,False,False,False
r8_bear_adaptive,1712,SuppBreak_Hs18_SL8,3,999.0,442.6,1.61,0,0.0,0.0,0.0,0.01098901098901099,0.0,False,False,False
r8_bear_adaptive,1713,SuppBreak_Hs24_SL6,3,999.0,442.6,1.61,0,0.0,0.0,0.0,0.01098901098901099,0.0,False,False,False
r8_bear_adaptive,1714,SuppBreak_Hs24_SL7,3,999.0,442.6,1.61,0,0.0,0.0,0.0,0.01098901098901099,0.0,False,False,False
r8_bear_adaptive,1715,SuppBreak_Hs24_SL8,3,999.0,442.6,1.61,0,0.0,0.0,0.0,0.01098901098901099,0.0,False,False,False
r8_bear_adaptive,1716,SuppBreak_Hs36_SL6,3,999.0,442.6,1.61,0,0.0,0.0,0.0,0.01098901098901099,0.0,False,False,False
r8_bear_adaptive,1717,SuppBreak_Hs36_SL7,3,999.0,442.6,1.61,0,0.0,0.0,0.0,0.01098901098901099,0.0,False,False,False
r8_bear_adaptive,1718,SuppBreak_Hs36_SL8,3,999.0,442.6,1.61,0,0.0,0.0,0.0,0.01098901098901099,0.0,False,False,False
r8_bear_adaptive,1719,CombinedBear_Hs18_SL6,32,0.57,-108.7,-1.51,19,0.82,-41.3,-0.36,0.11721611721611722,0.2111111111111111,False,False,False
r8_bear_adaptive,1720,CombinedBear_Hs18_SL7,32,0.57,-109.3,-1.43,18,0.94,-12.2,-0.1,0.11721611721611722,0.2,False,False,False
r8_bear_adaptive,1721,CombinedBear_Hs18_SL8,32,0.54,-125.5,-1.58,18,0.94,-12.8,-0.11,0.11721611721611722,0.2,False,False,False
r8_bear_adaptive,1722,CombinedBear_Hs24_SL6,29,0.72,-68.3,-0.76,19,0.79,-64.1,-0.44,0.10622710622710622,0.2111111111111111,False,False,False
r8_bear_adaptive,1723,CombinedBear_Hs24_SL7,29,0.68,-87.2,-0.93,18,1.05,13.3,0.09,0.10622710622710622,0.2,False,False,False
r8_bear_adaptive,1724,CombinedBear_Hs24_SL8,29,0.67,-89.6,-0.94,18,1.06,15.0,0.1,0.10622710622710622,0.2,False,False,False
r8_bear_adaptive,1725,CombinedBear_Hs36_SL6,26,0.73,-78.6,-0.75,15,0.55,-131.1,-0.98,0.09523809523809523,0.16666666666666666,False,False,False
r8_bear_adaptive,1726,CombinedBear_Hs36_SL7,26,0.78,-61.0,-0.56,14,0.41,-184.0,-1.38,0.09523809523809523,0.15555555555555556,False,False,False
r8_bear_adaptive,1727,CombinedBear_Hs36_SL8,26,0.71,-88.9,-0.78,13,0.43,-182.5,-1.23,0.09523809523809523,0.14444444444444443,False,False,False
r8_bear_adaptive,1728,BearFlag_var1728,27,0.54,-132.4,-1.29,18,1.07,17.7,0.12,0.0989010989010989,0.2,False,False,False
r8_bear_adaptive,1729,BearFlag_var1729,27,0.54,-132.4,-1.29,18,1.07,17.7,0.12,0.0989010989010989,0.2,False,False,False
r8_bear_adaptive,1730,BearFlag_var1730,27,0.54,-132.4,-1.29,18,1.07,17.7,0.12,0.0989010989010989,0.2,False,False,False
r8_bear_adaptive,1731,BearFlag_var1731,27,0.54,-132.4,-1.29,18,1.07,17.7,0.12,0.0989010989010989,0.2,False,False,False
r8_bear_adaptive,1732,BearFlag_var1732,27,0.54,-132.4,-1.29,18,1.07,17.7,0.12,0.0989010989010989,0.2,False,False,False
r8_bear_adaptive,1733,BearFlag_var1733,27,0.54,-132.4,-1.29,18,1.07,17.7,0.12,0.0989010989010989,0.2,False,False,False
r8_bear_adaptive,1734,BearFlag_var1734,27,0.54,-132.4,-1.29,18,1.07,17.7,0.12,0.0989010989010989,0.2,False,False,False
r8_bear_adaptive,1735,BearFlag_var1735,27,0.54,-132.4,-1.29,18,1.07,17.7,0.12,0.0989010989010989,0.2,False,False,False
r8_bear_adaptive,1736,BearFlag_var1736,27,0.54,-132.4,-1.29,18,1.07,17.7,0.12,0.0989010989010989,0.2,False,False,False
r8_bear_adaptive,1737,BearFlag_var1737,27,0.54,-132.4,-1.29,18,1.07,17.7,0.12,0.0989010989010989,0.2,False,False,False
r8_bear_adaptive,1738,BearFlag_var1738,27,0.54,-132.4,-1.29,18,1.07,17.7,0.12,0.0989010989010989,0.2,False,False,False
r8_bear_adaptive,1739,BearFlag_var1739,27,0.54,-132.4,-1.29,18,1.07,17.7,0.12,0.0989010989010989,0.2,False,False,False
r8_bear_adaptive,1740,BearFlag_var1740,27,0.54,-132.4,-1.29,18,1.07,17.7,0.12,0.0989010989010989,0.2,False,False,False
r8_bear_adaptive,1741,BearFlag_var1741,27,0.54,-132.4,-1.29,18,1.07,17.7,0.12,0.0989010989010989,0.2,False,False,False
r8_bear_adaptive,1742,BearFlag_var1742,27,0.54,-132.4,-1.29,18,1.07,17.7,0.12,0.0989010989010989,0.2,False,False,False
r8_bear_adaptive,1743,BearFlag_var1743,27,0.54,-132.4,-1.29,18,1.07,17.7,0.12,0.0989010989010989,0.2,False,False,False
r8_bear_adaptive,1744,BearFlag_var1744,27,0.54,-132.4,-1.29,18,1.07,17.7,0.12,0.0989010989010989,0.2,False,False,False
r8_bear_adaptive,1745,BearFlag_var1745,27,0.54,-132.4,-1.29,18,1.07,17.7,0.12,0.0989010989010989,0.2,False,False,False
r8_bear_adaptive,1746,BearFlag_var1746,27,0.54,-132.4,-1.29,18,1.07,17.7,0.12,0.0989010989010989,0.2,False,False,False
r8_bear_adaptive,1747,BearFlag_var1747,27,0.54,-132.4,-1.29,18,1.07,17.7,0.12,0.0989010989010989,0.2,False,False,False
r8_bear_adaptive,1748,BearFlag_var1748,27,0.54,-132.4,-1.29,18,1.07,17.7,0.12,0.0989010989010989,0.2,False,False,False
r8_bear_adaptive,1749,BearFlag_var1749,27,0.54,-132.4,-1.29,18,1.07,17.7,0.12,0.0989010989010989,0.2,False,False,False
r8_bear_adaptive,1750,BearFlag_var1750,27,0.54,-132.4,-1.29,18,1.07,17.7,0.12,0.0989010989010989,0.2,False,False,False
r8_bear_adaptive,1751,Fnd20_EMA_Hs16_SL8,1,999.0,281.2,0.0,0,0.0,0.0,0.0,0.003663003663003663,0.0,False,False,False
r8_bear_adaptive,1752,Fnd20_EMA_Hs16_SL10,1,999.0,281.2,0.0,0,0.0,0.0,0.0,0.003663003663003663,0.0,False,False,False
r8_bear_adaptive,1753,Fnd20_EMA_Hs16_SL15,1,999.0,281.2,0.0,0,0.0,0.0,0.0,0.003663003663003663,0.0,False,False,False
r8_bear_adaptive,1754,Fnd20_EMA_Hs24_SL8,1,999.0,281.2,0.0,0,0.0,0.0,0.0,0.003663003663003663,0.0,False,False,False
r8_bear_adaptive,1755,Fnd20_EMA_Hs24_SL10,1,999.0,281.2,0.0,0,0.0,0.0,0.0,0.003663003663003663,0.0,False,False,False
r8_bear_adaptive,1756,Fnd20_EMA_Hs24_SL15,1,999.0,281.2,0.0,0,0.0,0.0,0.0,0.003663003663003663,0.0,False,False,False
r8_bear_adaptive,1757,Fnd20_EMA_Hs32_SL8,1,999.0,281.2,0.0,0,0.0,0.0,0.0,0.003663003663003663,0.0,False,False,False
r8_bear_adaptive,1758,Fnd20_EMA_Hs32_SL10,1,999.0,281.2,0.0,0,0.0,0.0,0.0,0.003663003663003663,0.0,False,False,False
r8_bear_adaptive,1759,Fnd20_EMA_Hs32_SL15,1,999.0,281.2,0.0,0,0.0,0.0,0.0,0.003663003663003663,0.0,False,False,False
r8_bear_adaptive,1760,Fnd30_Pure_Hs16_SL8,1,999.0,281.2,0.0,0,0.0,0.0,0.0,0.003663003663003663,0.0,False,False,False
r8_bear_adaptive,1761,Fnd30_Pure_Hs16_SL10,1,999.0,281.2,0.0,0,0.0,0.0,0.0,0.003663003663003663,0.0,False,False,False
r8_bear_adaptive,1762,Fnd30_Pure_Hs16_SL15,1,999.0,281.2,0.0,0,0.0,0.0,0.0,0.003663003663003663,0.0,False,False,False
r8_bear_adaptive,1763,Fnd30_Pure_Hs24_SL8,1,999.0,281.2,0.0,0,0.0,0.0,0.0,0.003663003663003663,0.0,False,False,False
r8_bear_adaptive,1764,Fnd30_Pure_Hs24_SL10,1,999.0,281.2,0.0,0,0.0,0.0,0.0,0.003663003663003663,0.0,False,False,False
r8_bear_adaptive,1765,Fnd30_Pure_Hs24_SL15,1,999.0,281.2,0.0,0,0.0,0.0,0.0,0.003663003663003663,0.0,False,False,False
r8_bear_adaptive,1766,Fnd30_Pure_Hs32_SL8,1,999.0,281.2,0.0,0,0.0,0.0,0.0,0.003663003663003663,0.0,False,False,False
r8_bear_adaptive,1767,Fnd30_Pure_Hs32_SL10,1,999.0,281.2,0.0,0,0.0,0.0,0.0,0.003663003663003663,0.0,False,False,False
r8_bear_adaptive,1768,Fnd30_Pure_Hs32_SL15,1,999.0,281.2,0.0,0,0.0,0.0,0.0,0.003663003663003663,0.0,False,False,False
r8_bear_adaptive,1769,Fnd20_Flow_Hs16_SL8,1,999.0,281.2,0.0,0,0.0,0.0,0.0,0.003663003663003663,0.0,False,False,False
r8_bear_adaptive,1770,Fnd20_Flow_Hs16_SL10,1,999.0,281.2,0.0,0,0.0,0.0,0.0,0.003663003663003663,0.0,False,False,False
r8_bear_adaptive,1771,Fnd20_Flow_Hs16_SL15,1,999.0,281.2,0.0,0,0.0,0.0,0.0,0.003663003663003663,0.0,False,False,False
r8_bear_adaptive,1772,Fnd20_Flow_Hs24_SL8,1,999.0,281.2,0.0,0,0.0,0.0,0.0,0.003663003663003663,0.0,False,False,False
r8_bear_adaptive,1773,Fnd20_Flow_Hs24_SL10,1,999.0,281.2,0.0,0,0.0,0.0,0.0,0.003663003663003663,0.0,False,False,False
r8_bear_adaptive,1774,Fnd20_Flow_Hs24_SL15,1,999.0,281.2,0.0,0,0.0,0.0,0.0,0.003663003663003663,0.0,False,False,False
r8_bear_adaptive,1775,Fnd20_Flow_Hs32_SL8,1,999.0,281.2,0.0,0,0.0,0.0,0.0,0.003663003663003663,0.0,False,False,False
r8_bear_adaptive,1776,Fnd20_Flow_Hs32_SL10,1,999.0,281.2,0.0,0,0.0,0.0,0.0,0.003663003663003663,0.0,False,False,False
r8_bear_adaptive,1777,Fnd20_Flow_Hs32_SL15,1,999.0,281.2,0.0,0,0.0,0.0,0.0,0.003663003663003663,0.0,False,False,False
r8_bear_adaptive,1778,BearFunding_var1778,1,999.0,281.2,0.0,0,0.0,0.0,0.0,0.003663003663003663,0.0,False,False,False
r8_bear_adaptive,1779,BearFunding_var1779,1,999.0,281.2,0.0,0,0.0,0.0,0.0,0.003663003663003663,0.0,False,False,False
r8_bear_adaptive,1780,BearFunding_var1780,1,999.0,281.2,0.0,0,0.0,0.0,0.0,0.003663003663003663,0.0,False,False,False
r8_bear_adaptive,1781,BearFunding_var1781,1,999.0,281.2,0.0,0,0.0,0.0,0.0,0.003663003663003663,0.0,False,False,False
r8_bear_adaptive,1782,BearFunding_var1782,1,999.0,281.2,0.0,0,0.0,0.0,0.0,0.003663003663003663,0.0,False,False,False
r8_bear_adaptive,1783,BearFunding_var1783,1,999.0,281.2,0.0,0,0.0,0.0,0.0,0.003663003663003663,0.0,False,False,False
r8_bear_adaptive,1784,BearFunding_var1784,1,999.0,281.2,0.0,0,0.0,0.0,0.0,0.003663003663003663,0.0,False,False,False
r8_bear_adaptive,1785,BearFunding_var1785,1,999.0,281.2,0.0,0,0.0,0.0,0.0,0.003663003663003663,0.0,False,False,False
r8_bear_adaptive,1786,BearFunding_var1786,1,999.0,281.2,0.0,0,0.0,0.0,0.0,0.003663003663003663,0.0,False,False,False
r8_bear_adaptive,1787,BearFunding_var1787,1,999.0,281.2,0.0,0,0.0,0.0,0.0,0.003663003663003663,0.0,False,False,False
r8_bear_adaptive,1788,BearFunding_var1788,1,999.0,281.2,0.0,0,0.0,0.0,0.0,0.003663003663003663,0.0,False,False,False
r8_bear_adaptive,1789,BearFunding_var1789,1,999.0,281.2,0.0,0,0.0,0.0,0.0,0.003663003663003663,0.0,False,False,False
r8_bear_adaptive,1790,BearFunding_var1790,1,999.0,281.2,0.0,0,0.0,0.0,0.0,0.003663003663003663,0.0,False,False,False
r8_bear_adaptive,1791,BearFunding_var1791,1,999.0,281.2,0.0,0,0.0,0.0,0.0,0.003663003663003663,0.0,False,False,False
r8_bear_adaptive,1792,BearFunding_var1792,1,999.0,281.2,0.0,0,0.0,0.0,0.0,0.003663003663003663,0.0,False,False,False
r8_bear_adaptive,1793,BearFunding_var1793,1,999.0,281.2,0.0,0,0.0,0.0,0.0,0.003663003663003663,0.0,False,False,False
r8_bear_adaptive,1794,BearFunding_var1794,1,999.0,281.2,0.0,0,0.0,0.0,0.0,0.003663003663003663,0.0,False,False,False
r8_bear_adaptive,1795,BearFunding_var1795,1,999.0,281.2,0.0,0,0.0,0.0,0.0,0.003663003663003663,0.0,False,False,False
r8_bear_adaptive,1796,BearFunding_var1796,1,999.0,281.2,0.0,0,0.0,0.0,0.0,0.003663003663003663,0.0,False,False,False
r8_bear_adaptive,1797,BearFunding_var1797,1,999.0,281.2,0.0,0,0.0,0.0,0.0,0.003663003663003663,0.0,False,False,False
r8_bear_adaptive,1798,BearFunding_var1798,1,999.0,281.2,0.0,0,0.0,0.0,0.0,0.003663003663003663,0.0,False,False,False
r8_bear_adaptive,1799,BearFunding_var1799,1,999.0,281.2,0.0,0,0.0,0.0,0.0,0.003663003663003663,0.0,False,False,False
r8_bear_adaptive,1800,BearFunding_var1800,1,999.0,281.2,0.0,0,0.0,0.0,0.0,0.003663003663003663,0.0,False,False,False
r8_bear_adaptive,1801,TrappedOI_Hs18_SL6,3,999.0,442.6,1.61,0,0.0,0.0,0.0,0.01098901098901099,0.0,False,False,False
r8_bear_adaptive,1802,TrappedOI_Hs18_SL7,3,999.0,442.6,1.61,0,0.0,0.0,0.0,0.01098901098901099,0.0,False,False,False
r8_bear_adaptive,1803,TrappedOI_Hs18_SL8,3,999.0,442.6,1.61,0,0.0,0.0,0.0,0.01098901098901099,0.0,False,False,False
r8_bear_adaptive,1804,TrappedOI_Hs24_SL6,3,999.0,442.6,1.61,0,0.0,0.0,0.0,0.01098901098901099,0.0,False,False,False
r8_bear_adaptive,1805,TrappedOI_Hs24_SL7,3,999.0,442.6,1.61,0,0.0,0.0,0.0,0.01098901098901099,0.0,False,False,False
r8_bear_adaptive,1806,TrappedOI_Hs24_SL8,3,999.0,442.6,1.61,0,0.0,0.0,0.0,0.01098901098901099,0.0,False,False,False
r8_bear_adaptive,1807,TrappedOI_Hs36_SL6,3,999.0,442.6,1.61,0,0.0,0.0,0.0,0.01098901098901099,0.0,False,False,False
r8_bear_adaptive,1808,TrappedOI_Hs36_SL7,3,999.0,442.6,1.61,0,0.0,0.0,0.0,0.01098901098901099,0.0,False,False,False
r8_bear_adaptive,1809,TrappedOI_Hs36_SL8,3,999.0,442.6,1.61,0,0.0,0.0,0.0,0.01098901098901099,0.0,False,False,False
r8_bear_adaptive,1810,TrappedFlow_Hs18_SL6,4,12.19,304.7,1.28,0,0.0,0.0,0.0,0.014652014652014652,0.0,False,False,False
r8_bear_adaptive,1811,TrappedFlow_Hs18_SL7,4,12.19,304.7,1.28,0,0.0,0.0,0.0,0.014652014652014652,0.0,False,False,False
r8_bear_adaptive,1812,TrappedFlow_Hs18_SL8,4,12.19,304.7,1.28,0,0.0,0.0,0.0,0.014652014652014652,0.0,False,False,False
r8_bear_adaptive,1813,TrappedFlow_Hs24_SL6,4,999.0,425.2,2.17,0,0.0,0.0,0.0,0.014652014652014652,0.0,False,False,False
r8_bear_adaptive,1814,TrappedFlow_Hs24_SL7,4,999.0,425.2,2.17,0,0.0,0.0,0.0,0.014652014652014652,0.0,False,False,False
r8_bear_adaptive,1815,TrappedFlow_Hs24_SL8,4,999.0,425.2,2.17,0,0.0,0.0,0.0,0.014652014652014652,0.0,False,False,False
r8_bear_adaptive,1816,TrappedFlow_Hs36_SL6,4,999.0,396.7,1.98,0,0.0,0.0,0.0,0.014652014652014652,0.0,False,False,False
r8_bear_adaptive,1817,TrappedFlow_Hs36_SL7,4,999.0,396.7,1.98,0,0.0,0.0,0.0,0.014652014652014652,0.0,False,False,False
r8_bear_adaptive,1818,TrappedFlow_Hs36_SL8,4,999.0,396.7,1.98,0,0.0,0.0,0.0,0.014652014652014652,0.0,False,False,False
r8_bear_adaptive,1819,CombinedTrapped_Hs18_SL6,4,12.19,304.7,1.28,0,0.0,0.0,0.0,0.014652014652014652,0.0,False,False,False
r8_bear_adaptive,1820,CombinedTrapped_Hs18_SL7,4,12.19,304.7,1.28,0,0.0,0.0,0.0,0.014652014652014652,0.0,False,False,False
r8_bear_adaptive,1821,CombinedTrapped_Hs18_SL8,4,12.19,304.7,1.28,0,0.0,0.0,0.0,0.014652014652014652,0.0,False,False,False
r8_bear_adaptive,1822,CombinedTrapped_Hs24_SL6,4,999.0,425.2,2.17,0,0.0,0.0,0.0,0.014652014652014652,0.0,False,False,False
r8_bear_adaptive,1823,CombinedTrapped_Hs24_SL7,4,999.0,425.2,2.17,0,0.0,0.0,0.0,0.014652014652014652,0.0,False,False,False
r8_bear_adaptive,1824,CombinedTrapped_Hs24_SL8,4,999.0,425.2,2.17,0,0.0,0.0,0.0,0.014652014652014652,0.0,False,False,False
r8_bear_adaptive,1825,CombinedTrapped_Hs36_SL6,4,999.0,396.7,1.98,0,0.0,0.0,0.0,0.014652014652014652,0.0,False,False,False
r8_bear_adaptive,1826,CombinedTrapped_Hs36_SL7,4,999.0,396.7,1.98,0,0.0,0.0,0.0,0.014652014652014652,0.0,False,False,False
r8_bear_adaptive,1827,CombinedTrapped_Hs36_SL8,4,999.0,396.7,1.98,0,0.0,0.0,0.0,0.014652014652014652,0.0,False,False,False
r8_bear_adaptive,1828,Trapped_var1828,1,999.0,281.2,0.0,0,0.0,0.0,0.0,0.003663003663003663,0.0,False,False,False
r8_bear_adaptive,1829,Trapped_var1829,1,999.0,281.2,0.0,0,0.0,0.0,0.0,0.003663003663003663,0.0,False,False,False
r8_bear_adaptive,1830,Trapped_var1830,1,999.0,281.2,0.0,0,0.0,0.0,0.0,0.003663003663003663,0.0,False,False,False
r8_bear_adaptive,1831,Trapped_var1831,1,999.0,281.2,0.0,0,0.0,0.0,0.0,0.003663003663003663,0.0,False,False,False
r8_bear_adaptive,1832,Trapped_var1832,1,999.0,281.2,0.0,0,0.0,0.0,0.0,0.003663003663003663,0.0,False,False,False
r8_bear_adaptive,1833,Trapped_var1833,1,999.0,281.2,0.0,0,0.0,0.0,0.0,0.003663003663003663,0.0,False,False,False
r8_bear_adaptive,1834,Trapped_var1834,1,999.0,281.2,0.0,0,0.0,0.0,0.0,0.003663003663003663,0.0,False,False,False
r8_bear_adaptive,1835,Trapped_var1835,1,999.0,281.2,0.0,0,0.0,0.0,0.0,0.003663003663003663,0.0,False,False,False
r8_bear_adaptive,1836,Trapped_var1836,1,999.0,281.2,0.0,0,0.0,0.0,0.0,0.003663003663003663,0.0,False,False,False
r8_bear_adaptive,1837,Trapped_var1837,1,999.0,281.2,0.0,0,0.0,0.0,0.0,0.003663003663003663,0.0,False,False,False
r8_bear_adaptive,1838,Trapped_var1838,1,999.0,281.2,0.0,0,0.0,0.0,0.0,0.003663003663003663,0.0,False,False,False
r8_bear_adaptive,1839,Trapped_var1839,1,999.0,281.2,0.0,0,0.0,0.0,0.0,0.003663003663003663,0.0,False,False,False
r8_bear_adaptive,1840,Trapped_var1840,1,999.0,281.2,0.0,0,0.0,0.0,0.0,0.003663003663003663,0.0,False,False,False
r8_bear_adaptive,1841,Trapped_var1841,1,999.0,281.2,0.0,0,0.0,0.0,0.0,0.003663003663003663,0.0,False,False,False
r8_bear_adaptive,1842,Trapped_var1842,1,999.0,281.2,0.0,0,0.0,0.0,0.0,0.003663003663003663,0.0,False,False,False
r8_bear_adaptive,1843,Trapped_var1843,1,999.0,281.2,0.0,0,0.0,0.0,0.0,0.003663003663003663,0.0,False,False,False
r8_bear_adaptive,1844,Trapped_var1844,1,999.0,281.2,0.0,0,0.0,0.0,0.0,0.003663003663003663,0.0,False,False,False
r8_bear_adaptive,1845,Trapped_var1845,1,999.0,281.2,0.0,0,0.0,0.0,0.0,0.003663003663003663,0.0,False,False,False
r8_bear_adaptive,1846,Trapped_var1846,1,999.0,281.2,0.0,0,0.0,0.0,0.0,0.003663003663003663,0.0,False,False,False
r8_bear_adaptive,1847,Trapped_var1847,1,999.0,281.2,0.0,0,0.0,0.0,0.0,0.003663003663003663,0.0,False,False,False
r8_bear_adaptive,1848,Trapped_var1848,1,999.0,281.2,0.0,0,0.0,0.0,0.0,0.003663003663003663,0.0,False,False,False
r8_bear_adaptive,1849,Trapped_var1849,1,999.0,281.2,0.0,0,0.0,0.0,0.0,0.003663003663003663,0.0,False,False,False
r8_bear_adaptive,1850,Trapped_var1850,1,999.0,281.2,0.0,0,0.0,0.0,0.0,0.003663003663003663,0.0,False,False,False
r8_bear_adaptive,1851,AllWeather_Fnd_FlagTrue_Hs20,32,0.62,-103.7,-1.29,19,1.12,23.8,0.2,0.11721611721611722,0.2111111111111111,False,False,False
r8_bear_adaptive,1852,AllWeather_Fnd_FlagTrue_Hs20,32,0.59,-116.2,-1.4,19,1.12,24.2,0.2,0.11721611721611722,0.2111111111111111,False,False,False
r8_bear_adaptive,1853,AllWeather_Fnd_FlagTrue_Hs28,29,0.68,-89.1,-0.96,19,0.91,-23.6,-0.17,0.10622710622710622,0.2111111111111111,False,False,False
r8_bear_adaptive,1854,AllWeather_Fnd_FlagTrue_Hs28,29,0.74,-69.8,-0.75,18,0.92,-22.3,-0.15,0.10622710622710622,0.2,False,False,False
r8_bear_adaptive,1855,AllWeather_Fnd_FlagTrue_Hs36,27,0.84,-41.3,-0.39,15,0.55,-131.6,-0.98,0.0989010989010989,0.16666666666666666,False,False,False
r8_bear_adaptive,1856,AllWeather_Fnd_FlagTrue_Hs36,27,0.77,-68.2,-0.61,14,0.57,-126.4,-0.85,0.0989010989010989,0.15555555555555556,False,False,False
r8_bear_adaptive,1857,AllWeather_Fnd_FlagFalse_Hs20,4,999.0,510.5,2.47,1,999.0,313.0,0.0,0.014652014652014652,0.011111111111111112,False,False,False
r8_bear_adaptive,1858,AllWeather_Fnd_FlagFalse_Hs20,4,999.0,510.5,2.47,1,999.0,313.0,0.0,0.014652014652014652,0.011111111111111112,False,False,False
r8_bear_adaptive,1859,AllWeather_Fnd_FlagFalse_Hs28,4,999.0,496.6,2.45,1,999.0,323.9,0.0,0.014652014652014652,0.011111111111111112,False,False,False
r8_bear_adaptive,1860,AllWeather_Fnd_FlagFalse_Hs28,4,999.0,496.6,2.45,1,999.0,323.9,0.0,0.014652014652014652,0.011111111111111112,False,False,False
r8_bear_adaptive,1861,AllWeather_Fnd_FlagFalse_Hs36,4,999.0,449.8,2.31,1,999.0,602.9,0.0,0.014652014652014652,0.011111111111111112,False,False,False
r8_bear_adaptive,1862,AllWeather_Fnd_FlagFalse_Hs36,4,999.0,449.8,2.31,1,999.0,602.9,0.0,0.014652014652014652,0.011111111111111112,False,False,False
r8_bear_adaptive,1863,AllWeather_Fnd_FlagTrue_Hs20,32,0.62,-103.7,-1.29,19,1.12,23.8,0.2,0.11721611721611722,0.2111111111111111,False,False,False
r8_bear_adaptive,1864,AllWeather_Fnd_FlagTrue_Hs20,32,0.59,-116.2,-1.4,19,1.12,24.2,0.2,0.11721611721611722,0.2111111111111111,False,False,False
r8_bear_adaptive,1865,AllWeather_Fnd_FlagTrue_Hs28,29,0.68,-89.1,-0.96,19,0.91,-23.6,-0.17,0.10622710622710622,0.2111111111111111,False,False,False
r8_bear_adaptive,1866,AllWeather_Fnd_FlagTrue_Hs28,29,0.74,-69.8,-0.75,18,0.92,-22.3,-0.15,0.10622710622710622,0.2,False,False,False
r8_bear_adaptive,1867,AllWeather_Fnd_FlagTrue_Hs36,27,0.84,-41.3,-0.39,15,0.55,-131.6,-0.98,0.0989010989010989,0.16666666666666666,False,False,False
r8_bear_adaptive,1868,AllWeather_Fnd_FlagTrue_Hs36,27,0.77,-68.2,-0.61,14,0.57,-126.4,-0.85,0.0989010989010989,0.15555555555555556,False,False,False
r8_bear_adaptive,1869,AllWeather_Fnd_FlagFalse_Hs20,4,999.0,510.5,2.47,1,999.0,313.0,0.0,0.014652014652014652,0.011111111111111112,False,False,False
r8_bear_adaptive,1870,AllWeather_Fnd_FlagFalse_Hs20,4,999.0,510.5,2.47,1,999.0,313.0,0.0,0.014652014652014652,0.011111111111111112,False,False,False
r8_bear_adaptive,1871,AllWeather_Fnd_FlagFalse_Hs28,4,999.0,496.6,2.45,1,999.0,323.9,0.0,0.014652014652014652,0.011111111111111112,False,False,False
r8_bear_adaptive,1872,AllWeather_Fnd_FlagFalse_Hs28,4,999.0,496.6,2.45,1,999.0,323.9,0.0,0.014652014652014652,0.011111111111111112,False,False,False
r8_bear_adaptive,1873,AllWeather_Fnd_FlagFalse_Hs36,4,999.0,449.8,2.31,1,999.0,602.9,0.0,0.014652014652014652,0.011111111111111112,False,False,False
r8_bear_adaptive,1874,AllWeather_Fnd_FlagFalse_Hs36,4,999.0,449.8,2.31,1,999.0,602.9,0.0,0.014652014652014652,0.011111111111111112,False,False,False
r8_bear_adaptive,1875,AllWeather_var1875,4,999.0,446.7,2.29,1,999.0,359.2,0.0,0.014652014652014652,0.011111111111111112,False,False,False
r8_bear_adaptive,1876,AllWeather_var1876,4,999.0,446.7,2.29,1,999.0,359.2,0.0,0.014652014652014652,0.011111111111111112,False,False,False
r8_bear_adaptive,1877,AllWeather_var1877,4,999.0,446.7,2.29,1,999.0,359.2,0.0,0.014652014652014652,0.011111111111111112,False,False,False
r8_bear_adaptive,1878,AllWeather_var1878,4,999.0,446.7,2.29,1,999.0,359.2,0.0,0.014652014652014652,0.011111111111111112,False,False,False
r8_bear_adaptive,1879,AllWeather_var1879,4,999.0,446.7,2.29,1,999.0,359.2,0.0,0.014652014652014652,0.011111111111111112,False,False,False
r8_bear_adaptive,1880,AllWeather_var1880,4,999.0,446.7,2.29,1,999.0,359.2,0.0,0.014652014652014652,0.011111111111111112,False,False,False
r8_bear_adaptive,1881,AllWeather_var1881,4,999.0,446.7,2.29,1,999.0,359.2,0.0,0.014652014652014652,0.011111111111111112,False,False,False
r8_bear_adaptive,1882,AllWeather_var1882,4,999.0,446.7,2.29,1,999.0,359.2,0.0,0.014652014652014652,0.011111111111111112,False,False,False
r8_bear_adaptive,1883,AllWeather_var1883,4,999.0,446.7,2.29,1,999.0,359.2,0.0,0.014652014652014652,0.011111111111111112,False,False,False
r8_bear_adaptive,1884,AllWeather_var1884,4,999.0,446.7,2.29,1,999.0,359.2,0.0,0.014652014652014652,0.011111111111111112,False,False,False
r8_bear_adaptive,1885,AllWeather_var1885,4,999.0,446.7,2.29,1,999.0,359.2,0.0,0.014652014652014652,0.011111111111111112,False,False,False
r8_bear_adaptive,1886,AllWeather_var1886,4,999.0,446.7,2.29,1,999.0,359.2,0.0,0.014652014652014652,0.011111111111111112,False,False,False
r8_bear_adaptive,1887,AllWeather_var1887,4,999.0,446.7,2.29,1,999.0,359.2,0.0,0.014652014652014652,0.011111111111111112,False,False,False
r8_bear_adaptive,1888,AllWeather_var1888,4,999.0,446.7,2.29,1,999.0,359.2,0.0,0.014652014652014652,0.011111111111111112,False,False,False
r8_bear_adaptive,1889,AllWeather_var1889,4,999.0,446.7,2.29,1,999.0,359.2,0.0,0.014652014652014652,0.011111111111111112,False,False,False
r8_bear_adaptive,1890,AllWeather_var1890,4,999.0,446.7,2.29,1,999.0,359.2,0.0,0.014652014652014652,0.011111111111111112,False,False,False
r8_bear_adaptive,1891,AllWeather_var1891,4,999.0,446.7,2.29,1,999.0,359.2,0.0,0.014652014652014652,0.011111111111111112,False,False,False
r8_bear_adaptive,1892,AllWeather_var1892,4,999.0,446.7,2.29,1,999.0,359.2,0.0,0.014652014652014652,0.011111111111111112,False,False,False
r8_bear_adaptive,1893,AllWeather_var1893,4,999.0,446.7,2.29,1,999.0,359.2,0.0,0.014652014652014652,0.011111111111111112,False,False,False
r8_bear_adaptive,1894,AllWeather_var1894,4,999.0,446.7,2.29,1,999.0,359.2,0.0,0.014652014652014652,0.011111111111111112,False,False,False
r8_bear_adaptive,1895,AllWeather_var1895,4,999.0,446.7,2.29,1,999.0,359.2,0.0,0.014652014652014652,0.011111111111111112,False,False,False
r8_bear_adaptive,1896,AllWeather_var1896,4,999.0,446.7,2.29,1,999.0,359.2,0.0,0.014652014652014652,0.011111111111111112,False,False,False
r8_bear_adaptive,1897,AllWeather_var1897,4,999.0,446.7,2.29,1,999.0,359.2,0.0,0.014652014652014652,0.011111111111111112,False,False,False
r8_bear_adaptive,1898,AllWeather_var1898,4,999.0,446.7,2.29,1,999.0,359.2,0.0,0.014652014652014652,0.011111111111111112,False,False,False
r8_bear_adaptive,1899,AllWeather_var1899,4,999.0,446.7,2.29,1,999.0,359.2,0.0,0.014652014652014652,0.011111111111111112,False,False,False
r8_bear_adaptive,1900,AllWeather_var1900,4,999.0,446.7,2.29,1,999.0,359.2,0.0,0.014652014652014652,0.011111111111111112,False,False,False
r8_bear_adaptive,1901,Opt_Hl8_Hs24_SLs7,5,11.45,298.6,1.69,2,999.0,969.6,1.59,0.018315018315018316,0.022222222222222223,False,False,False
r8_bear_adaptive,1902,Opt_Hl8_Hs24_SLs8,5,11.45,298.6,1.69,2,999.0,1169.6,1.44,0.018315018315018316,0.022222222222222223,False,False,False
r8_bear_adaptive,1903,Opt_Hl8_Hs24_SLs7,5,13.55,358.6,1.57,2,999.0,969.6,1.59,0.018315018315018316,0.022222222222222223,False,False,False
r8_bear_adaptive,1904,Opt_Hl8_Hs24_SLs8,5,13.55,358.6,1.57,2,999.0,1169.6,1.44,0.018315018315018316,0.022222222222222223,False,False,False
r8_bear_adaptive,1905,Opt_Hl8_Hs32_SLs7,5,999.0,387.1,2.58,2,999.0,1050.9,1.99,0.018315018315018316,0.022222222222222223,False,False,False
r8_bear_adaptive,1906,Opt_Hl8_Hs32_SLs8,5,999.0,387.1,2.58,2,999.0,1250.9,1.72,0.018315018315018316,0.022222222222222223,False,False,False
r8_bear_adaptive,1907,Opt_Hl8_Hs32_SLs7,5,999.0,447.1,2.21,2,999.0,1050.9,1.99,0.018315018315018316,0.022222222222222223,False,False,False
r8_bear_adaptive,1908,Opt_Hl8_Hs32_SLs8,5,999.0,447.1,2.21,2,999.0,1250.9,1.72,0.018315018315018316,0.022222222222222223,False,False,False
r8_bear_adaptive,1909,Opt_Hl8_Hs40_SLs7,5,999.0,396.6,2.89,2,999.0,866.7,1.22,0.018315018315018316,0.022222222222222223,False,False,False
r8_bear_adaptive,1910,Opt_Hl8_Hs40_SLs8,5,999.0,396.6,2.89,2,999.0,1066.7,1.17,0.018315018315018316,0.022222222222222223,False,False,False
r8_bear_adaptive,1911,Opt_Hl8_Hs40_SLs7,5,999.0,456.6,2.37,2,999.0,866.7,1.22,0.018315018315018316,0.022222222222222223,False,False,False
r8_bear_adaptive,1912,Opt_Hl8_Hs40_SLs8,5,999.0,456.6,2.37,2,999.0,1066.7,1.17,0.018315018315018316,0.022222222222222223,False,False,False
r8_bear_adaptive,1913,Opt_Hl12_Hs24_SLs7,5,11.81,308.8,1.76,2,999.0,969.6,1.59,0.018315018315018316,0.022222222222222223,False,False,False
r8_bear_adaptive,1914,Opt_Hl12_Hs24_SLs8,5,11.81,308.8,1.76,2,999.0,1169.6,1.44,0.018315018315018316,0.022222222222222223,False,False,False
r8_bear_adaptive,1915,Opt_Hl12_Hs24_SLs7,5,13.91,368.8,1.63,2,999.0,969.6,1.59,0.018315018315018316,0.022222222222222223,False,False,False
r8_bear_adaptive,1916,Opt_Hl12_Hs24_SLs8,5,13.91,368.8,1.63,2,999.0,1169.6,1.44,0.018315018315018316,0.022222222222222223,False,False,False
r8_bear_adaptive,1917,Opt_Hl12_Hs32_SLs7,5,999.0,397.4,2.71,2,999.0,1050.9,1.99,0.018315018315018316,0.022222222222222223,False,False,False
r8_bear_adaptive,1918,Opt_Hl12_Hs32_SLs8,5,999.0,397.4,2.71,2,999.0,1250.9,1.72,0.018315018315018316,0.022222222222222223,False,False,False
r8_bear_adaptive,1919,Opt_Hl12_Hs32_SLs7,5,999.0,457.4,2.3,2,999.0,1050.9,1.99,0.018315018315018316,0.022222222222222223,False,False,False
r8_bear_adaptive,1920,Opt_Hl12_Hs32_SLs8,5,999.0,457.4,2.3,2,999.0,1250.9,1.72,0.018315018315018316,0.022222222222222223,False,False,False
r8_bear_adaptive,1921,Opt_Hl12_Hs40_SLs7,5,999.0,406.9,3.04,2,999.0,866.7,1.22,0.018315018315018316,0.022222222222222223,False,False,False
r8_bear_adaptive,1922,Opt_Hl12_Hs40_SLs8,5,999.0,406.9,3.04,2,999.0,1066.7,1.17,0.018315018315018316,0.022222222222222223,False,False,False
r8_bear_adaptive,1923,Opt_Hl12_Hs40_SLs7,5,999.0,466.9,2.47,2,999.0,866.7,1.22,0.018315018315018316,0.022222222222222223,False,False,False
r8_bear_adaptive,1924,Opt_Hl12_Hs40_SLs8,5,999.0,466.9,2.47,2,999.0,1066.7,1.17,0.018315018315018316,0.022222222222222223,False,False,False
r8_bear_adaptive,1925,Opt_Final_var1925,5,12.51,328.8,1.72,2,999.0,969.6,1.59,0.018315018315018316,0.022222222222222223,False,False,False
r8_bear_adaptive,1926,Opt_Final_var1926,5,12.51,328.8,1.72,2,999.0,969.6,1.59,0.018315018315018316,0.022222222222222223,False,False,False
r8_bear_adaptive,1927,Opt_Final_var1927,5,12.51,328.8,1.72,2,999.0,969.6,1.59,0.018315018315018316,0.022222222222222223,False,False,False
r8_bear_adaptive,1928,Opt_Final_var1928,5,12.51,328.8,1.72,2,999.0,969.6,1.59,0.018315018315018316,0.022222222222222223,False,False,False
r8_bear_adaptive,1929,Opt_Final_var1929,5,12.51,328.8,1.72,2,999.0,969.6,1.59,0.018315018315018316,0.022222222222222223,False,False,False
r8_bear_adaptive,1930,Opt_Final_var1930,5,12.51,328.8,1.72,2,999.0,969.6,1.59,0.018315018315018316,0.022222222222222223,False,False,False
r8_bear_adaptive,1931,Opt_Final_var1931,5,12.51,328.8,1.72,2,999.0,969.6,1.59,0.018315018315018316,0.022222222222222223,False,False,False
r8_bear_adaptive,1932,Opt_Final_var1932,5,12.51,328.8,1.72,2,999.0,969.6,1.59,0.018315018315018316,0.022222222222222223,False,False,False
r8_bear_adaptive,1933,Opt_Final_var1933,5,12.51,328.8,1.72,2,999.0,969.6,1.59,0.018315018315018316,0.022222222222222223,False,False,False
r8_bear_adaptive,1934,Opt_Final_var1934,5,12.51,328.8,1.72,2,999.0,969.6,1.59,0.018315018315018316,0.022222222222222223,False,False,False
r8_bear_adaptive,1935,Opt_Final_var1935,5,12.51,328.8,1.72,2,999.0,969.6,1.59,0.018315018315018316,0.022222222222222223,False,False,False
r8_bear_adaptive,1936,Opt_Final_var1936,5,12.51,328.8,1.72,2,999.0,969.6,1.59,0.018315018315018316,0.022222222222222223,False,False,False
r8_bear_adaptive,1937,Opt_Final_var1937,5,12.51,328.8,1.72,2,999.0,969.6,1.59,0.018315018315018316,0.022222222222222223,False,False,False
r8_bear_adaptive,1938,Opt_Final_var1938,5,12.51,328.8,1.72,2,999.0,969.6,1.59,0.018315018315018316,0.022222222222222223,False,False,False
r8_bear_adaptive,1939,Opt_Final_var1939,5,12.51,328.8,1.72,2,999.0,969.6,1.59,0.018315018315018316,0.022222222222222223,False,False,False
r8_bear_adaptive,1940,Opt_Final_var1940,5,12.51,328.8,1.72,2,999.0,969.6,1.59,0.018315018315018316,0.022222222222222223,False,False,False
r8_bear_adaptive,1941,Opt_Final_var1941,5,12.51,328.8,1.72,2,999.0,969.6,1.59,0.018315018315018316,0.022222222222222223,False,False,False
r8_bear_adaptive,1942,Opt_Final_var1942,5,12.51,328.8,1.72,2,999.0,969.6,1.59,0.018315018315018316,0.022222222222222223,False,False,False
r8_bear_adaptive,1943,Opt_Final_var1943,5,12.51,328.8,1.72,2,999.0,969.6,1.59,0.018315018315018316,0.022222222222222223,False,False,False
r8_bear_adaptive,1944,Opt_Final_var1944,5,12.51,328.8,1.72,2,999.0,969.6,1.59,0.018315018315018316,0.022222222222222223,False,False,False
r8_bear_adaptive,1945,Opt_Final_var1945,5,12.51,328.8,1.72,2,999.0,969.6,1.59,0.018315018315018316,0.022222222222222223,False,False,False
r8_bear_adaptive,1946,Opt_Final_var1946,5,12.51,328.8,1.72,2,999.0,969.6,1.59,0.018315018315018316,0.022222222222222223,False,False,False
r8_bear_adaptive,1947,Opt_Final_var1947,5,12.51,328.8,1.72,2,999.0,969.6,1.59,0.018315018315018316,0.022222222222222223,False,False,False
r8_bear_adaptive,1948,Opt_Final_var1948,5,12.51,328.8,1.72,2,999.0,969.6,1.59,0.018315018315018316,0.022222222222222223,False,False,False
r8_bear_adaptive,1949,Opt_Final_var1949,5,12.51,328.8,1.72,2,999.0,969.6,1.59,0.018315018315018316,0.022222222222222223,False,False,False
r8_bear_adaptive,1950,Opt_Final_var1950,5,12.51,328.8,1.72,2,999.0,969.6,1.59,0.018315018315018316,0.022222222222222223,False,False,False
r7_confluence_study,Breakout/1,Raw_Keltner_Breakout,229,0.92,-14.9,-0.48,83,1.28,58.9,0.89,0.8388278388278388,0.9222222222222223,False,False,False
r7_confluence_study,Breakout/2,Breakout_+_1HSqueeze,78,0.79,-44.5,-0.8,27,1.52,113.1,0.88,0.2857142857142857,0.3,False,False,False
r7_confluence_study,Breakout/2,Breakout_+_DualSqueeze,20,1.05,9.3,0.09,8,1.92,178.9,0.74,0.07326007326007326,0.08888888888888889,False,False,False
r7_confluence_study,Breakout/3,DualSq_+_Flow55,10,1.11,16.7,0.13,6,3.1,336.6,1.16,0.03663003663003663,0.06666666666666667,False,False,False
r7_confluence_study,Breakout/3,DualSq_+_Flow65,0,0.0,0.0,0.0,0,0.0,0.0,0.0,0.0,0.0,False,False,False
r7_confluence_study,Breakout/4,DualSq_+_Flow60_+_BTCGate,1,999.0,544.2,0.0,0,0.0,0.0,0.0,0.003663003663003663,0.0,False,False,False
r7_confluence_study,Breakout/4,DualSq_+_Flow60_+_Vol1.5x,2,999.0,564.6,27.64,0,0.0,0.0,0.0,0.007326007326007326,0.0,False,False,False
r7_confluence_study,Breakout/5,Ultra_Strict_Breakout_Stack,0,0.0,0.0,0.0,0,0.0,0.0,0.0,0.0,0.0,False,False,False
r7_confluence_study,Breakout/5,Strict_Stack_+_4HRSLead,0,0.0,0.0,0.0,0,0.0,0.0,0.0,0.0,0.0,False,False,False
r7_confluence_study,Reversal/1,Raw_Price_Drop_8%,28,1.0,0.6,0.0,25,0.77,-73.3,-0.48,0.10256410256410256,0.2777777777777778,False,False,False
r7_confluence_study,Reversal/2,Drop8%_+_OIFlush15%,9,1.39,114.8,0.53,6,4.29,524.2,1.57,0.03296703296703297,0.06666666666666667,False,False,False
r7_confluence_study,Reversal/3,Flushout_+_RSI30,5,0.76,-91.0,-0.61,3,2.81,374.0,0.71,0.018315018315018316,0.03333333333333333,False,False,False
r7_confluence_study,Reversal/4,Flushout_RSI30_+_Flow55,2,999.0,623.3,1.12,0,0.0,0.0,0.0,0.007326007326007326,0.0,False,False,False
r7_confluence_study,Reversal/5,Ultra_Strict_Flushout,0,0.0,0.0,0.0,0,0.0,0.0,0.0,0.0,0.0,False,False,False
r7_confluence_study,Reversal/5,Flushout_+_NegFunding,0,0.0,0.0,0.0,0,0.0,0.0,0.0,0.0,0.0,False,False,False
r7_confluence_study,Hybrid/4,Hybrid_Squeeze_Flushout,3,999.0,880.7,3.46,0,0.0,0.0,0.0,0.01098901098901099,0.0,False,False,False
