pair,beta_is,corr_is,idio_is,rbstd_is,spread_vol_is,n_is,beta_oos,corr_oos,idio_oos,rbstd_oos,spread_vol_oos,n_oos,liq
1000000BOBUSDT,0.9127647099608087,0.3269973066615457,0.8930727614360943,0.18062615436204668,0.01796895178613372,3567,0.7467684142524719,0.40818880116667194,0.8333819026021173,0.22257835815551333,0.010816242882106863,6936,1006101.609525
1000000MOGUSDT,1.6884958855338736,0.7311413703865666,0.4654322965092538,0.08807123803703694,0.012290241154154603,7295,1.213121595923823,0.6831573922297174,0.5332959774418959,0.17792961226457188,0.008400751653835989,6936,6342305.43044
1000BONKUSDC,1.2168107708861022,0.6651410593151382,0.5575873712131323,0.07062214502242739,0.010656123626642665,7295,1.1001185196087009,0.7241763389619041,0.4755686300877303,0.12352066580791822,0.006787960860541065,6936,6720379.48625
1000BONKUSDT,1.2139892802736452,0.6637851699478239,0.55938924815734,0.07163355017083181,0.010670330274767182,7295,1.1046903132700518,0.7246215295974628,0.47492363884383093,0.12251789412774779,0.006807354597231965,6936,67557337.696322
1000CATUSDT,1.2187655571318987,0.6181229798010753,0.6179239818418413,0.13012175734521045,0.012090556933758854,7295,0.9842096786330282,0.617304636369085,0.6189349859172306,0.1819785810436375,0.00812707186749522,6936,4355850.901877
1000CHEEMSUSDT,0.6074313023253698,0.30126496244286033,0.9092394224043028,0.4059344122125168,0.014997579399608163,7295,0.7135023682015378,0.4856237721850226,0.764169551888789,0.29379078777508705,0.008322065661783609,6936,3139456.7133391
1000FLOKIUSDT,1.1470555540831275,0.706982789467026,0.5001753353974222,0.09999708123308033,0.008950972952967543,7295,1.0409628705940872,0.7789884022417369,0.39317706917286377,0.14800125788307406,0.005429231913782023,6936,25190012.17531
1000LUNCUSDT,0.7885965649386847,0.6574299598128255,0.5677858479405082,0.16461476795244476,0.00705068268239749,7295,0.7327760437718359,0.38889107487558106,0.8487637318821178,0.21699818371267213,0.011248013100160721,6936,8267145.42346
1000PEPEUSDC,1.2409199599196077,0.791846723073289,0.37297876715809325,0.11997019788682195,0.007465831763222814,7295,1.07461221774025,0.7585869893634232,0.42454577956853967,0.12062248305635108,0.005980492732185251,6936,29519637.7495735
1000PEPEUSDT,1.240297425583561,0.794827570354776,0.36824913340392423,0.11778581190778045,0.00738681605011608,7295,1.0735184286229635,0.757846580952656,0.42566855973836726,0.12131751866562557,0.0059881272203318936,6936,478311295.026609
1000RATSUSDT,0.9073845835033796,0.36884589846066107,0.8639527031887407,0.2850238815725174,0.01783712763834563,7295,0.3879986527042832,0.1442107920311633,0.9792032474617465,0.7792681183987863,0.017250756228223474,6936,5371654.10243
1000SATSUSDT,0.8687108493630871,0.43548506177927226,0.8103527609671105,0.29526956674114996,0.014007884095520512,7295,0.9865305228628294,0.5046976338791122,0.7452802983568269,0.22710676304322422,0.010933872467247264,6936,13762865.4277656
1000SHIBUSDC,0.8933564510882105,0.7993510832628177,0.3610378456865582,0.10192603811179045,0.005238380883818265,7295,0.8116437371822088,0.7282446171928108,0.46965977752969384,0.10404515882305594,0.004948978991604484,6936,4821459.559178
1000SHIBUSDT,0.8916069016361919,0.7970309048768608,0.3647417366711727,0.10146944065766383,0.005270168358022367,7295,0.8108706133591695,0.7280255034239539,0.4699788663642941,0.1028905054311647,0.004947420615010321,6936,80910189.947465
1000WHYUSDT,0.8246809792933136,0.3930402233129662,0.8455193828581076,0.25656158341688606,0.015050269000790043,7295,0.41420674993969875,0.2507584765806474,0.937120186422983,1.0542022941647333,0.010360959475974691,6936,1153021.2718312
1000XECUSDT,0.8050545403310904,0.7495797266619921,0.43813023337733636,0.10196427911123214,0.005545523901274386,7295,0.7378353679987548,0.5237817770362784,0.7256526500447241,0.23088970302296846,0.007775192465654496,6936,2010858.08788
1000XUSDT,0.9916001866000833,0.5190544556112002,0.7305824721101637,0.244887623386515,0.012737722961708707,7295,0.06371569025272328,0.1598165489293021,0.974458670688081,5.054884315258839,0.0025433188310965507,6936,933480.28221
1INCHUSDT,0.9160461080545351,0.7543689954594812,0.4309274186894535,0.08042338101598089,0.006218262700295099,7295,0.8482605672867086,0.6550200959673491,0.5709486738789221,0.11817155466273369,0.0063403378188584755,6936,6041210.5179
1MBABYDOGEUSDT,1.1060470480466917,0.7173937851543911,0.4853461570218569,0.13113162882233872,0.008378673880509325,7295,0.9718018142166183,0.7710213885019779,0.4055260184724793,0.1509550715931383,0.00520055651279749,6936,6452974.3743439
A2ZUSDT,0.7023134886272473,0.27412426691497754,0.9248558862883277,0.16708535304912,0.016704317799842876,2247,0.44262956931306996,0.20757578256877462,0.9569122944909206,1.0878810934320235,0.013511367771667062,6936,1159599.442251
AAVEUSDC,1.0375776754794857,0.7914531170364741,0.37360196353325037,0.09950549569427355,0.005427973484414106,3303,1.0133661447345053,0.7516317856949641,0.4350496587329979,0.08900641831402903,0.005761734740291633,6936,5996754.195
AAVEUSDT,1.1374686486865706,0.8209700316985419,0.3260082070528939,0.10566282445274149,0.0061710618067828535,7295,1.0160108233225613,0.7509529493630159,0.436069667842989,0.08781085642216405,0.00578873559651901,6936,147478241.593
ACEUSDT,1.0696302656295176,0.6296209820711259,0.6035774189357911,0.1239990826745403,0.010295666839018768,7295,0.8069495699227162,0.29261745515504883,0.9143750249385773,0.29864058185961695,0.01708625617637121,6936,3453282.753461
ACHUSDT,0.9216550712239178,0.561354789924022,0.684880799829353,0.10872191790641621,0.010599172937870818,7295,0.7865262897733459,0.549086676286879,0.6985038219242278,0.18835097219256133,0.007756925713436132,6936,7987487.647546
ACTUSDT,0.8847598394331966,0.3924541467147191,0.845979742726419,0.30435371737810457,0.016175211168273872,7295,0.8969474246493483,0.39012660709863317,0.8478012304337142,0.2686243141876417,0.013716662418390395,6936,8950319.45537
ACXUSDT,1.0258135497636387,0.6718729026785155,0.5485868026463475,0.08767050864245295,0.008821399313006954,7295,0.6622383816706868,0.4092247403119958,0.83253511191656,0.3991160045291045,0.009567412105543039,6936,1844359.774833
ADAUSDC,0.968295619231214,0.7757872676006953,0.39815411542864626,0.06444153673488422,0.0057816129966238375,5749,0.9644262736776622,0.79439064758967,0.36894349902205964,0.10737803379223809,0.004778100380482669,6936,15995040.91026
ADAUSDT,1.082376529974555,0.7563645700215464,0.4279126372161218,0.15301445497397284,0.00730227600167613,7295,0.9642293542160774,0.7931280623844899,0.3709478766582266,0.10704903005277458,0.004797706038455722,6936,319267431.8992
AERGOUSDT,0.6391383218630406,0.3684283117958511,0.8642605790672693,0.4168790021739107,0.012583581137910223,7283,0.5602501247604744,0.3745766546192619,0.8596923298142467,0.2740197055589161,0.009466250951119446,5808,2695841.2314400002
AEROUSDT,1.2372566929291122,0.7168616093791237,0.4861094329983732,0.08774466053077327,0.009386960957490684,7295,1.1640067958234561,0.6679080777304233,0.5538987997024482,0.14474344220231347,0.008404049702688064,6936,10933924.05096
AEVOUSDT,1.1876548484224725,0.679628196201504,0.5381055149278877,0.10609679975028675,0.009999679426045679,7295,0.9371903011093926,0.5871321504589653,0.655275837897434,0.27173564508588693,0.008372245114892637,6936,5110042.43663
AGLDUSDT,0.9162689703659079,0.6376215627725481,0.5934387426874975,0.0906392759973632,0.008635379537298886,7295,0.9102253961746706,0.4627292692844421,0.7858816233474837,0.29623166397763956,0.01129844741915051,6936,4113869.8712999998
AGTUSDT,0.8711893040832173,0.2712133950862798,0.9264432943257739,0.36316283581768594,0.02105134969641846,3949,0.4221163353592874,0.1168861609020274,0.9863376253895849,0.8262976142251507,0.023237476895355026,6936,4140384.4976864997
AI16ZUSDT,1.5527490819723124,0.5669239658870276,0.6785972169029203,0.13718890823810767,0.017635398002332808,7258,0.03863895009566695,0.06147670781772763,0.996220614395825,8.08879074351825,0.004064743246607165,6936,17248675.05822
AINUSDT,0.611830088937395,0.21711890788189103,0.9528593798401728,0.23278388266719893,0.01878051930628865,2725,0.46376519112691256,0.15745211535341866,0.9752088313707334,0.2988393552062748,0.0188468701514293,6936,2108241.27366
AIOTUSDT,0.6957278868573881,0.24419490550345996,0.9403688481261565,0.1679997311318293,0.019291224433911635,4427,0.6113857707607493,0.14269622694886067,0.9796377868145651,0.710591365669821,0.027476445863793535,6936,4929759.699825
AIUSDT,1.1788500277757175,0.649604268992935,0.5780142937061524,0.11327963836501515,0.01076248291886658,7295,0.6856971972371035,0.5215948770723574,0.7279387842116916,0.8073442265676672,0.0072671048383419895,6936,3890998.99017
AIXBTUSDT,1.4002088544555367,0.5681578207870198,0.6771966906785459,0.1305076983701419,0.01582030100506429,7295,1.1062697640347547,0.5981417566255516,0.6422264389808996,0.2259577379661701,0.009597413276153844,6936,19843475.10271
AKTUSDT,0.8943754472949409,0.5787020306601584,0.665103959709807,0.16170875571304674,0.009832028460614541,7295,0.9378234147501316,0.5120827360355035,0.737771271454391,0.2374256030753597,0.010192200202952825,6936,2856238.58437
ALCHUSDT,0.6951708793388552,0.24385449029140213,0.9405349875647174,0.8761564324203531,0.02174255790611809,7140,0.38251277337522144,0.12884596594677505,0.9833987170592414,0.613364680351264,0.01907564915543996,6936,7205303.34455
ALGOUSDT,1.0790838099379407,0.754743899016361,0.43036164689758294,0.10321884077700415,0.0073165415669072505,7295,0.834765897159601,0.6559953409291943,0.5696701126791932,0.20268639707775124,0.006223076580515017,6936,28200479.5118
ALICEUSDT,1.0102730952238126,0.5805982719994427,0.6629056465512668,0.14376727169744188,0.01105152997338736,7295,0.8274089775192098,0.36352884216876113,0.8678467809114383,0.19292642329653725,0.013738638256800079,6936,6713219.6726
ALLUSDT,0.8829966901332997,0.6502287405543296,0.5772025849571305,0.07626224838438811,0.007034251779881165,2078,0.7799359454009515,0.8232561802164771,0.322249261735376,0.1773992725452715,0.003484387849083101,6936,1189417.9688
ALPINEUSDT,0.5153370239967585,0.13049654958256415,0.9829706505470468,0.418988319671905,0.02759707965418018,4286,0.6323639344187137,0.48576068394371813,0.7640365579345297,0.23516870151571123,0.007372771061092015,6936,1804644.07339
ALTUSDT,1.139447274089328,0.5993121517320463,0.640824944786301,0.13121061204052764,0.011872559448680113,7295,0.915987232319805,0.5523085271697549,0.6949552908155734,0.2024137608296508,0.008958288192823533,6936,6652279.897001
ANIMEUSDT,0.9121075796633832,0.5244369257820614,0.7249659108762633,0.14601206138305875,0.011585679082786389,6750,0.8527239163385395,0.5288599045817127,0.7203072013258243,0.227937837372061,0.008866502487168422,6936,7424056.39243
ANKRUSDT,0.8883421096447065,0.7178298427904014,0.4847203167995084,0.11911789582275513,0.006721061195005865,7295,0.7907914483397064,0.578463029687683,0.6653805232845488,0.20405549508077536,0.007225292819085399,6936,3153787.60318
APEUSDT,0.9933432009797329,0.6662055533625845,0.5561701606688538,0.19233803083936882,0.008674179711698097,7295,0.9958034322090719,0.539574133142327,0.7088597548437087,0.2527832723915658,0.010067998314747752,6936,16535455.485100001
API3USDT,0.9621705381563063,0.5028824492459936,0.747109242240345,0.1937124396830597,0.012900636208197992,7295,0.8448340304832955,0.5164102361635106,0.7333204679855445,0.20811680410613814,0.009073884970774519,6936,6606923.67745
APTUSDT,0.927201398662074,0.7198933812420678,0.4817535196438663,0.10861101689029076,0.006973516677464239,7295,1.0186980093053186,0.7186287174735675,0.48357276642229574,0.20100165239043924,0.006387058320130988,6936,66521717.92148
ARBUSDC,1.1696207436489583,0.806028651322779,0.350317813246781,0.10274653912966344,0.006699759163037677,7295,1.071398674688557,0.7683815157696188,0.40958984622357925,0.16041659815132622,0.005782038394199224,6936,7929703.51035
ARBUSDT,1.1674888214696895,0.8050792774219911,0.35184735706568676,0.10291170705131397,0.006710034107175437,7295,1.0675083076903795,0.766360105802644,0.4126921882341586,0.16169366133618443,0.0057980979422991175,6936,70367741.16529
ARCUSDT,1.4987355331335697,0.4570270065971373,0.7911263152408666,0.21011545744268692,0.022973409208523705,6898,0.336895731314918,0.10338266625862418,0.9893120243172556,0.4439626972476212,0.02100081473216957,6936,14503410.19304
ARKMUSDT,1.203812202455849,0.6896954966120129,0.5243201219531076,0.10923244835429603,0.009859005566502292,7295,1.097753632531777,0.6666469518735935,0.5555818415576482,0.21745121839920842,0.007952837835273114,6936,14886769.2089
ARKUSDT,0.8054507129474632,0.5244034085705495,0.7250010650795865,0.16681394172386682,0.010201787779520768,7295,0.7536665981111699,0.6095529397818142,0.6284452136033445,0.19036333917225215,0.006350999637515367,6936,2156796.459
ARPAUSDT,0.8655050485250275,0.56062209276716,0.6857028691013718,0.12393192151450673,0.009972427297713497,7295,0.6673325332237607,0.38832782356549383,0.849201501444883,0.275807070869971,0.01026099456854255,6936,2664953.3648
ARUSDT,1.150734612583238,0.7379194329027357,0.45547491054450334,0.11318411486937907,0.008209788267477022,7295,1.0061791771041184,0.5731673965406564,0.671479135542806,0.20575736193999153,0.009320704060184403,6936,14433671.9394
ASRUSDT,0.4127908486091636,0.19653124013614306,0.9613754716505464,0.2662596239606924,0.014515951884916925,4286,0.43772119574339546,0.31460959428393354,0.9010208031845091,0.3169595469672235,0.008543022215927776,6936,1942608.1653
ASTRUSDT,0.8476187593042191,0.6633989708014769,0.5599018055395386,0.1164665817091353,0.007457876696240113,7295,0.8417202650808595,0.6499544541267982,0.577559207560733,0.18326647917686673,0.006377098530402181,6936,2382393.74496
ATAUSDT,1.0044154687008087,0.6971658561711278,0.5139597689891612,0.11490204294034441,0.008057036742457948,7295,0.6348348217228589,0.393627890791487,0.8450570835911292,0.6786950237983624,0.009605873101642912,6936,2059678.2632
ATHUSDT,0.8512443513109489,0.4619471881066459,0.7866047954003625,0.11139451877525336,0.011973476291252545,5096,1.0263371355445712,0.6041523781592696,0.634999903964496,0.17740074692721675,0.00876935007305357,6936,5181331.52294
ATOMUSDT,0.8566229985362449,0.7448756405561391,0.44516028010608566,0.13209217478156812,0.005985461753211353,7295,0.7224553979345593,0.6339029280532229,0.5981670778055529,0.21219548530879526,0.00571137022702449,6936,35167661.77586
AUCTIONUSDT,0.7578308319947803,0.4193318473858156,0.8241608017680003,0.25009169049223656,0.012798347524760128,7295,0.6529814972892666,0.5060767785888999,0.7438862941730778,0.24569030600328415,0.007205275902505211,6936,6067930.1800999995
AUSDT,0.819482558298152,0.570941025287312,0.6740263456438714,0.08299377122984491,0.007984621573089962,3759,0.888625951591388,0.6674615916476248,0.5544950236752193,0.24390689357122816,0.006423620058008809,6936,4033539.70171
AVAAIUSDT,1.35727708600365,0.44303192553067233,0.8037227129605801,0.187046192744873,0.021632464911771492,6898,0.8558693031182822,0.3167470636295983,0.8996712976820248,0.30800613158864854,0.016606357936874098,6936,6075298.47723
AVAUSDT,1.0025939509124913,0.6410181127123615,0.5890957791746859,0.13970208184704733,0.009364427521290885,7295,0.8052884481438594,0.6081191314080173,0.6301911220155566,0.11963291777918812,0.006811417972911374,6936,1565881.36925
AVAXUSDC,1.0282144004697564,0.7930927336962328,0.3710039157582356,0.0733951023516824,0.0061600247361942,7295,0.926018850649562,0.806884868980265,0.3489368082106979,0.08926199704701884,0.004392603854122433,6936,14259064.78606
AVAXUSDT,1.0280072592046414,0.7939069206967396,0.36971180126982006,0.07363603973687909,0.006141744543712606,7295,0.9260968549745295,0.806782141428049,0.3491025762727728,0.08909968144943264,0.004394574680115643,6936,217138259.115
AWEUSDT,0.5830429333510073,0.31535321747107314,0.9005523482306372,0.16441145739302498,0.01192443242130788,3927,0.5199936483969277,0.33423065755041026,0.888289867553418,0.29747905048034606,0.00950090693402932,6936,2512885.857315
AXLUSDT,1.01490887943745,0.6138545173281872,0.6231826315557775,0.1561031226383577,0.010181288988102138,7295,0.9303302092037145,0.5109450825797405,0.7389351225875856,0.18654592965442626,0.01014141931586841,6936,5364260.07893
AXSUSDT,0.9754922048151634,0.7558405107789665,0.42870512226538937,0.08944052042164383,0.006591837197735035,7295,0.8914022317520157,0.48996067898479767,0.7599385330487656,0.19946005105952438,0.010276340045134167,6936,15114963.952
B2USDT,0.5092340560137236,0.20445535999612116,0.9581980057688569,0.31924169271272124,0.017183823918240384,4282,0.3225501364932815,0.13712595710188963,0.9811964718888896,0.5810309673192385,0.01509674490694502,6936,2380856.709
B3USDT,0.9192445088233018,0.46555286874795476,0.783260526400551,0.13117012471602932,0.013230225964075113,6252,0.6760245599450665,0.41732222383949535,0.8258421614896729,0.7907788136764984,0.009538407998636301,6936,1506348.6160155
BABYUSDT,0.9030257745111537,0.44514471075774104,0.8018461864844048,0.18142847888967142,0.013272320708694755,5026,0.7271043100750196,0.37263703947670634,0.8611416368100271,0.2645780006780839,0.011731419832278885,6936,6216545.36982
BANANAS31USDT,0.6341209366091091,0.2384486880918185,0.9431422231472899,0.28956790487861,0.01871715048239554,5366,0.5619048933733698,0.20717733151894363,0.9570775533046866,0.281183667490866,0.017192291084094594,6936,8896672.809074
BANANAUSDT,1.108882663248962,0.6064893952445675,0.6321706134558779,0.07358670089496754,0.011339999419720703,7295,0.949962413323043,0.569000811324707,0.6762380767118226,0.19206954240942367,0.00889558338094383,6936,5087984.8629
BANDUSDT,1.0477014439426637,0.7281679361105206,0.4697714568205456,0.1059653516444912,0.0076927709588077405,7295,0.8607873900176868,0.5780540511364042,0.6658535139647962,0.2007327551768441,0.007873314563686585,6936,2623014.42648
BANKUSDT,0.6267356199308056,0.21296535906155906,0.9546457558397784,0.1720759723063702,0.019958281854777455,4709,0.4322748402334258,0.11217038327241419,0.987417805116517,0.5171526389989751,0.02481264362773205,6936,4929052.852465
BANUSDT,0.6559631674658521,0.2573826003145,0.9337541970553483,0.2673154773672671,0.019211003532054845,7295,0.2771071481199232,0.11486414622040325,0.9868062279130586,0.6264017985461585,0.015528143632885722,6936,3744930.67267
BATUSDT,0.8819816929585093,0.7083580361154582,0.49822889267065273,0.13456095465005208,0.006855745674074657,7295,0.83014883976396,0.5520931696420313,0.6951931320346153,0.1500211569752489,0.008121858138076381,6936,5086901.5714
BBUSDT,1.1629847284356376,0.6204922865017557,0.6149893223918216,0.1206592436671101,0.011465814491111469,7295,1.0309508815340036,0.5863476141699497,0.6561964753572075,0.21317642148222102,0.009228567731103417,6936,7377447.85767
BCHUSDC,0.7265477916848655,0.6907876057719502,0.5228124837118556,0.18533641001696596,0.005932341221213454,7295,0.6625643586002424,0.5965482736752804,0.644130157175044,0.28854165658666947,0.005774972389207415,6936,10727609.35255
BCHUSDT,0.7268996607197878,0.6899251389377824,0.5240033026616812,0.18461140809838728,0.005949397777430521,7295,0.6629572280215708,0.5956377663382103,0.6452156513116254,0.2879440740883625,0.00579208635724414,6936,131564808.88087
BDXNUSDT,0.7954410431370912,0.2526706530771353,0.9361575410735739,0.18067437941993986,0.020687594088110727,3613,0.5944944085667009,0.12965084290819134,0.9831906589331695,0.23051110489402898,0.03343140886851861,3624,3654161.2371199997
BEAMXUSDT,1.1856929647244443,0.7117631482364815,0.4933932208124924,0.08815300374205186,0.009127815051858282,7295,0.9954197956959019,0.7010788790819822,0.508488405305153,0.1744228675992044,0.006560249746313515,6936,4607830.741502
BELUSDT,0.7765806909885401,0.3693228320634569,0.8636006457166272,0.24728570235833885,0.01524299854960443,7295,0.8165818659570723,0.41739352109380756,0.8257826485489165,0.237150922583468,0.011519340409285712,6936,3491848.6226
BERAUSDT,1.0290558671844843,0.5345781514260116,0.7142262000179496,0.16310985165596664,0.012327740806770333,6416,0.8549132433172814,0.42471554837998465,0.8196167029642937,0.27812310655369127,0.011807821339600977,6936,23443911.0634
BICOUSDT,1.0721561474388424,0.7400933456123837,0.452261839780267,0.08732480655594173,0.007599762345676524,7295,0.8729730493792585,0.3458776725670175,0.8803686356196239,0.25661432003498513,0.015344364333667091,6936,2494113.2893
BIDUSDT,0.9100119990235185,0.30962019094685894,0.9041353373580348,0.20812617375637849,0.02020126797175972,5414,0.28562582023589816,0.21420655797819824,0.954115550519538,1.6880098199052498,0.00843924931437121,6936,1312451.34492
BIGTIMEUSDT,0.9812255441270546,0.6024172244431247,0.6370934876942436,0.13764481896361466,0.01014160160412098,7295,0.9402502654392353,0.6620562846800214,0.5616814759156871,0.17134260521460193,0.006896573473228491,6936,4770469.65589
BIOUSDT,1.2150538939640827,0.5273349210066647,0.7219178810868919,0.1219621044262008,0.015320072455259454,7235,0.9575602682549544,0.45060396923244816,0.796956062911974,0.20162960794489657,0.012292176292894847,6936,18228708.2586
BLURUSDT,1.0291291193069534,0.7325569706190492,0.4633602847974407,0.10505092542596575,0.007459700021128401,7295,0.9001258280712333,0.526617436415134,0.722674075663545,0.21803767233779267,0.009414939489324557,6936,6532291.20272
BMTUSDT,0.7290438465202761,0.305256149512902,0.9068186831845583,0.3478247154171036,0.016422519872448825,5482,0.8322038066885268,0.4527738981887489,0.7949957971189621,0.22708921315581374,0.010618629095526973,6936,2076352.5251500001
BNBUSDC,0.5158105838298761,0.6896994948227936,0.5243146068411831,0.26032480804551844,0.004224349264203818,7295,0.6228085048445354,0.8294720538477628,0.3119761118855739,0.10355086804281123,0.002717074533397054,6936,57942540.9832
BNBUSDT,0.5168099616953871,0.6879594552888006,0.5267117878787353,0.2545253158302937,0.0042529281883869965,7295,0.6233116476957618,0.8288897457315973,0.31294178942100725,0.1028719276737767,0.0027254069368570517,6936,404895438.2798
BNTUSDT,0.9079815099256995,0.8344323411995695,0.30372266796020525,0.06516078911342747,0.004677975875272824,7295,0.8321831633106878,0.8125045834053667,0.3398363019452713,0.08104522585866672,0.003868674875320914,6936,1393085.779
BOMEUSDC,1.243006530903634,0.6915414986134254,0.5217703556954968,0.1204760231026294,0.010128108905936819,7295,1.1791661952377517,0.59552525694847,0.6453496683364615,0.1852142172353195,0.010306537253786252,6936,3268627.735629
BOMEUSDT,1.2512640533858856,0.6936930437760926,0.5187899610166579,0.11840784560751544,0.010134700263086278,7295,1.1805798670505867,0.5940874639793798,0.647060085142549,0.1838670739999308,0.010357541347334232,6936,18748395.707988
BRETTUSDT,1.5872734058930391,0.7527742091880367,0.43333098998132474,0.11800035766054787,0.010827554574940996,7295,1.3923592947016543,0.7216799171782248,0.4791780971416333,0.1756777527583681,0.008653539258650787,6936,8553790.01199
BROCCOLI714USDT,1.0564793473190288,0.3806823285707027,0.8550809647139886,0.25901268496627533,0.018567359381898716,5390,0.9575138952683349,0.31403275503433203,0.9013834287655438,0.23295285894206572,0.018756992711311007,6936,4805473.0451
BROCCOLIF3BUSDT,0.7756660743035855,0.21348258064142228,0.9544251877626818,0.4055132650916382,0.02568215889747859,5390,0.6841879045309128,0.26742841213448887,0.9284820443832267,0.331464703003407,0.01597326976670298,6936,1740628.8229220002
BRUSDT,0.5219801438984438,0.1745746528814705,0.969523690571309,0.8725390532908868,0.021302524306444356,5387,0.5051826595284151,0.1406866057281914,0.9802072789686792,0.7177628313517095,0.023034846418648232,6936,2177109.07717
BSVUSDT,0.7908037094026928,0.6523131519043592,0.5744875518526024,0.1360935386071973,0.007167808148676437,7295,0.6837867997315624,0.5801752283377237,0.6633967044232685,0.11523678157522291,0.006216100185188127,6936,2647670.307
BTCDOMUSDT,-0.42109193829741237,-0.7346418973330039,0.46030128268296344,0.16833164899528116,0.0030335826021998832,7295,-0.20128434966912684,-0.5418147808738608,0.7064367432266075,0.28410499608135065,0.0020230974301885902,6936,7273267.0416
BTCUSDC,0.4726172148703481,0.7858678471477528,0.3824117268193547,0.1859285495195007,0.0029010760598713083,7295,0.65603807796272,0.8930750933911187,0.20241687756444468,0.053402111893575806,0.0021413791743925435,6936,2434352640.6052
BTCUSDT,0.4709784117605428,0.7857032688220736,0.3826703733623092,0.18364926881323473,0.0028925998491420163,7295,0.6555755210020449,0.8930940176622042,0.2023830756159822,0.05401363033649712,0.0021396400186401415,6936,13585379833.8268
BULLAUSDT,0.6689082820027287,0.2413150913250007,0.9417670266988074,0.24616665220264805,0.01815021781244806,2870,0.5138240216943439,0.09588726900041283,0.9908056316436474,0.5942272073741224,0.034560122659172514,6936,3047264.557864
BUSDT,0.5356385494313123,0.20449477319491885,0.9581818877359607,0.3501168239863423,0.017321849928577916,3895,0.3652846875636465,0.09727631151337666,0.9905373192183524,0.37921590904978564,0.024211002169041703,6936,5624317.8669
C98USDT,1.0703537119096738,0.6502523213084929,0.5771719186329216,0.11035776451819125,0.009755094999261136,7295,0.9398248294147009,0.5183307434624832,0.7313332403816146,0.22697359019137806,0.010046776499796194,6936,4193272.1514
CAKEUSDT,0.8986175098287118,0.5776060140952348,0.6663712924810204,0.1801833823787277,0.009906832224233036,7295,0.7429304692076901,0.7224554804176484,0.4780580788145004,0.13146603549445152,0.00460699227494442,6936,18005532.2446
CARVUSDT,0.6942349311567889,0.4324663614046535,0.8129728462534189,0.11011885501786058,0.009876669382490332,2047,0.789685788117159,0.4728895022494537,0.7763755186622642,0.2511685615199746,0.009532642514186436,6936,1190640.5194
CATIUSDT,0.8598460232207868,0.47086955957881593,0.7782818578620602,0.31134385414760185,0.01256672245182265,7295,0.47033711084591284,0.28486156946274865,0.9188538862432165,0.5079783244457972,0.010255025312589417,6936,3586730.07495
CELOUSDT,0.9689569281209175,0.6977483204126919,0.5131472813612682,0.09401993922627494,0.007759972586840861,7295,0.8952844530341232,0.561280406948404,0.6849643047758299,0.2128253576218558,0.008553098625966843,6936,8456577.2882
CELRUSDT,1.061869662116831,0.7617051371749249,0.41980528400132805,0.08440648125480542,0.007045986018981611,7295,0.873967863561642,0.6298863294133962,0.6032432120181178,0.2066337474202427,0.006982484279179514,6936,2076780.88474
CETUSUSDT,1.2537815543249644,0.6575562039837435,0.5676198386024889,0.08108467354713517,0.011206017020992614,7295,1.0151060650367656,0.5819673458861158,0.6613140083222704,0.18050493746624102,0.009190887762467402,6936,4575519.45587
CFXUSDT,1.0205099718921515,0.6140794141311494,0.6229064731403433,0.14454680770903267,0.010231460557587484,7295,0.9341661415332712,0.639227334579344,0.5913884147265892,0.15560465347643837,0.007281889061341188,6936,10008532.1711
CGPTUSDT,1.0953249835308672,0.6017863053809168,0.6378532426559889,0.07875986176255703,0.011339517495806107,7295,0.8472366752311998,0.5420798762402212,0.7061494077753873,0.18840940705351783,0.00850931813140091,6936,2556865.8523
CHESSUSDT,0.9889400207478642,0.5748450922570515,0.6695531199079794,0.21647461104814053,0.010981082182973568,7295,0.32530211487192173,0.18595416563513378,0.9654210482829025,1.3454896022425962,0.011137237535453958,6936,2117070.70143
CHILLGUYUSDT,1.4507399232419307,0.5515858296925639,0.6957530724823683,0.1754546754386915,0.017113448286845016,7295,1.1396109774433898,0.5148258211704516,0.7349543738561721,0.209173789755116,0.012295812188146484,6936,6698566.65788
CHRUSDT,1.0531323458318202,0.6993296981439406,0.5109379732939078,0.11465522872395219,0.008396892032050263,7295,0.9256633643979492,0.5366026285114714,0.7120576190745778,0.19492818235322046,0.009427478649071386,6936,3123731.80042
CHZUSDT,0.8980426975513026,0.7481060973598009,0.4403372670930874,0.11958872308091346,0.006213839206553867,7295,0.7799097696189281,0.531081446024962,0.717952497688036,0.2921815232912693,0.008062519570398816,6936,14065297.31226
CKBUSDT,1.0187962155684331,0.670386121766593,0.5505824477427494,0.11745691207802189,0.008796440865266675,7295,0.872411560640983,0.7001695191554203,0.5097626444456733,0.1700840878562671,0.005764241082751041,6936,3005377.549311
COMPUSDT,0.9237574642488376,0.6631105168819306,0.5602844424005777,0.11630441205551023,0.008134105947657837,7295,0.7088139650094342,0.5518337865471878,0.6954794720249965,0.1945851874120599,0.006940757244268147,6936,11370173.02824
COOKIEUSDT,1.2605509669757162,0.548013568769576,0.6996811284444275,0.14015703959733625,0.015131483954501328,7140,1.0037451503033534,0.507634109468385,0.7423076109042375,0.21074676883321727,0.011037861606962969,6936,7331719.4298
COSUSDT,0.8657723282148749,0.6592207227308375,0.5654280387222353,0.13901079905469294,0.007703622951953427,7295,0.5311967107471866,0.2696387253912491,0.9272949577693556,0.6252473508706665,0.012291554343007388,6936,1506064.772578
COTIUSDT,1.1174428825662166,0.7213842014505352,0.4796048338975738,0.10760977676938793,0.00836823718112636,7295,0.9393446137242262,0.42801381732036253,0.8168041721828593,0.2290726982305255,0.012851535631257715,6936,4209932.47691
COWUSDT,1.1323148820855997,0.6363088329108727,0.5951110691596054,0.14155749238332552,0.010708577296331654,7295,0.9283358991920171,0.6097517196236906,0.6282028404159529,0.1251661529567642,0.007818788658141042,6936,3990034.1486
CROSSUSDT,0.7058060204726929,0.22935026791560365,0.9473984546070441,0.13593055222744285,0.020450901055952948,2725,0.5047979055012044,0.21547307963576884,0.9535713519522797,0.3151502378498882,0.014820816458406964,6936,1677409.7262
CRVUSDC,1.1934528307866035,0.7024515347995156,0.5065618412578057,0.11485772733504543,0.009432756582666454,7295,0.9741643517780515,0.7055514002057587,0.5021972216676899,0.1339422185276833,0.00633960356220968,6936,7897330.36212
CRVUSDT,1.1952989565375147,0.7007610536476403,0.5089339456906499,0.11395099107845572,0.009492285483667243,7295,0.9942877646739793,0.6907251060441087,0.5228988278803608,0.13400676266292885,0.0067443997235821515,6936,80368395.4188
CTKUSDT,0.4252766841794963,0.38474012591906387,0.8519750355077856,0.7744180557728881,0.00796372135532808,7284,0.7203140478067189,0.5988355799150761,0.6413959482277718,0.18248528358862626,0.006241917578191799,6936,694185.4432
CTSIUSDT,0.9704018171040754,0.6429199824102237,0.5866538962176369,0.17242051720802187,0.009018185305214779,7295,0.8028694705107489,0.34231266338272354,0.8828220404878234,0.25689793888020335,0.014279034154766116,6936,2465703.7207
CUSDT,1.0065948620332645,0.28847857896240015,0.9167801094798347,0.130887619482175,0.02279669771058212,2606,0.6785461830290737,0.318969910464159,0.8982581962184905,0.28505487828187875,0.013063347667926998,6936,4005075.6112949997
CVCUSDT,0.3327667721828648,0.40689346598945475,0.8344377073350877,0.8641323248264977,0.005829323988542264,7286,0.6921497324565707,0.5458380866363458,0.7020607831771734,0.2438620995979505,0.006884315396787917,6936,833637.87528
CVXUSDT,0.31305676693113493,0.3082601655878581,0.9049756703117451,1.385962178832964,0.007540110326322063,7283,1.0213043810112277,0.6891733988916908,0.5250400262600748,0.09812149901079217,0.006957667208153752,6936,1202703.9827
CYBERUSDT,1.0428696178620016,0.5269258710525845,0.7223491264154692,0.14186795132055716,0.013121623350218999,7295,0.8501359523711569,0.5317463544283065,0.7172458145522059,0.20525186294087028,0.008773212606222115,6936,4148612.2861
DASHUSDT,0.8414227949623329,0.586196813888982,0.6563732953864104,0.182008219585329,0.009071513886265651,7295,0.994495529873178,0.4534977026821072,0.7943398336620522,0.17405382005510334,0.012639263234737724,6936,14063250.42334
DEEPUSDT,1.1696655473426887,0.5997650849546969,0.640281842869287,0.07488806539625063,0.01086621501227981,4623,1.1633490526799215,0.6470391388470264,0.5813403528001005,0.15735876171541505,0.008882351008452185,6936,4234451.5488249995
DEGENUSDT,1.3791403578164354,0.6828069832474523,0.5337746236285139,0.10858390614481865,0.011511262912126051,7295,0.7991898107214185,0.599422497775367,0.6406926691608735,0.7872971820540546,0.006913737684797016,6936,1899486.556661
DEGOUSDT,0.6274750695688196,0.24490380743643692,0.9400221251031361,0.37838057067049913,0.019377755617686364,7295,0.5445342847881619,0.22762026708002173,0.9481890140145625,0.7778054904908241,0.015082922354776877,6936,2605954.97916
DENTUSDT,1.0485627484085671,0.7521654537244483,0.434247130223498,0.0922101423642063,0.0071661025497379216,7295,0.6305896407823592,0.30749569321459513,0.9054463986545476,0.8590747218194837,0.012643841404412715,6936,2574898.170589
DEXEUSDT,0.3726558292445092,0.17504036988955998,0.9693608689089245,0.46802643992642917,0.016351060936392117,7295,0.45197765543040974,0.1396842233158468,0.9804883177566465,1.0513643508138355,0.020759897458832357,6936,8870743.29253
DFUSDT,0.5634412348402216,0.3074660905521585,0.905464603160577,0.42458480941877624,0.013602559628381722,7295,0.3192665038246856,0.31975377904213714,0.8977575207886256,1.470946681361,0.006129884800410781,6936,1212375.20888
DIAUSDT,0.9054140288813667,0.5376655662869619,0.7109157388293234,0.15745412924312188,0.011075862570499726,7295,0.7903666295267513,0.4924491029442838,0.7574938810093753,0.24553357573794948,0.00904856244806698,6936,1909372.6533
DMCUSDT,0.9131661826086874,0.2742265275364714,0.9247998115952913,0.24678034458893341,0.02130809321927797,3106,0.2965742559824772,0.19332330728627173,0.9626260988597225,1.7424230029438197,0.009749556052634062,6936,283543.711244
DODOXUSDT,1.0522511951840976,0.7072902686032756,0.49974047593910664,0.1131993633936355,0.008204035033623474,7295,0.6989345498059265,0.296845871180312,0.9118825287632027,0.33601094846875595,0.014568451491981955,6936,1803183.839489
DOGEUSDC,1.0546331632792236,0.7999318468282112,0.36010904043000735,0.07051585482048685,0.006171616720561448,7295,0.9019954394041795,0.8236783579828789,0.3215539625906278,0.12026103717854228,0.00402358435633056,6936,69385765.39931999
DOGEUSDT,1.051738778839779,0.7999022816083435,0.36015633987776624,0.06958597360905254,0.00615531073387547,7295,0.9021842265555446,0.8231207676564625,0.32247220185263636,0.1200500334714658,0.004032900203744323,6936,798059751.70353
DOGSUSDT,1.1684787029950112,0.6688986171214663,0.5525746400129893,0.13314077790847306,0.01012953422548499,7295,0.9703570515536263,0.4721711404899699,0.7770544140883973,0.1995221643417699,0.011738024002553867,6936,9225053.65099028
DOLOUSDT,0.8305944469261026,0.26919284523841985,0.9275352120724415,0.1823635670876033,0.020755149597476034,4412,0.8063856275393348,0.40809978931627344,0.8334545619600114,0.2700019790920374,0.011688241796267016,6936,3565468.22494
DOODUSDT,1.0789670419793802,0.3340301664501735,0.8884238479012712,0.15910791792242984,0.02114879216372776,4210,0.8899771432166065,0.5124252500966505,0.7374203630633809,0.21584663221073294,0.009649928056523635,6936,2463166.5330084
DOTUSDT,0.9416088938560726,0.7695665848640394,0.40776727146070035,0.11869440758302921,0.006094864161246854,7295,0.9686958036274104,0.7605119302038882,0.42162160401755194,0.16036869197748657,0.005358992644583124,6936,112206157.0637
DRIFTUSDT,0.9070870868425804,0.5348836518464019,0.713899478987459,0.14821689661380094,0.011177423107061345,7295,0.957086375316332,0.3919673202785542,0.846361619833653,0.18894849394803617,0.014554524810968703,6936,4382346.1155
DUSDT,0.9321647303417656,0.5313375317616524,0.7176804273414346,0.09397462327619766,0.011685819454209172,7093,0.6346061339218295,0.20486224141915826,0.9580314620407869,0.527322896478263,0.01964595018585429,6936,2247251.56046
DUSKUSDT,1.0848639836360772,0.7125157235059902,0.49232134375673353,0.0982768306132207,0.008333715478943989,7295,0.7906480397077416,0.313204167290249,0.9019031495920221,0.41923166012275503,0.015530671565727069,6936,3361702.18238
DYDXUSDT,1.0851502124876318,0.7264879756310355,0.47221522126351095,0.12957472387247718,0.0080069094761742,7295,1.067299606748749,0.5586855976002896,0.6878704030340154,0.17510757291605075,0.01026618365718471,6936,25881610.1357
DYMUSDT,1.169943434107401,0.6855954923084404,0.5299588209263483,0.1265358798376423,0.009690617947314035,7295,0.9175244862155308,0.3679835924809029,0.8645880756648477,0.20616958953122885,0.015022220535402052,6936,4750364.761654
EDUUSDT,0.9651394435577011,0.5302564234710926,0.718828125367651,0.16280403587885175,0.01203788404240642,7295,0.761025845354703,0.4040501059532519,0.8367435118791602,0.2905964243202148,0.011163162175816237,6936,4296621.0379
EGLDUSDT,0.9656180194259069,0.72469100666209,0.47482294486308624,0.11498307107394319,0.007162288929789361,7295,0.8651555209617213,0.6685021200681828,0.5531049154643392,0.1891557119279272,0.006236344780538035,6936,7154532.2661
EIGENUSDT,1.4058786048888303,0.7206323981655867,0.48068894671411244,0.13978930984454424,0.010551145323733455,7295,1.215833538946859,0.6737689776839165,0.5460353647107686,0.20972499245141685,0.008640005536274819,6936,33332231.2445
ENAUSDC,1.2822359994510883,0.6790230944089138,0.5389276372593418,0.11935368850366572,0.01081389495261093,7295,1.1546634543975929,0.698487188314971,0.5121156477598473,0.1633713481451659,0.00766493343904641,6936,15885632.6705
ENAUSDT,1.2847210520828998,0.6842077614882438,0.5318597391192483,0.1189503891176118,0.010682008045963311,7295,1.1571789929767422,0.6981936905894184,0.5125255704211273,0.1613968100374116,0.007687938049573651,6936,223868532.2101
ENJUSDT,1.038343955597788,0.7166497847558112,0.48641308600944955,0.11344403494453217,0.007882616314104616,7295,0.7800220426560267,0.3647421666318677,0.866963151880683,0.26536881416278374,0.012902139481773,6936,5076425.92806
ENSUSDT,1.1554413760732747,0.8091158671352774,0.3453315135499283,0.08489395951474751,0.006546192947036334,7295,1.037815286537131,0.8049841216914774,0.3520005638246016,0.12326636050784456,0.004956048891118119,6936,19454355.5148
EPICUSDT,0.6797850551605225,0.308575208432452,0.9047813407408692,0.3946068402479272,0.015065119655517798,5583,0.7538829371299892,0.23618938755533164,0.9442145732062363,0.4506516806417102,0.020096428837586867,6936,5174093.98436
EPTUSDT,0.8061320446006796,0.28325868596685044,0.9197645168243358,0.0880127867968344,0.019032284558101156,4642,0.35289089505530397,0.2241336437226962,0.9497641097512577,1.5705972169070086,0.009941082067980537,6936,1242051.218681
ERAUSDT,0.8566143172525956,0.44680400498381206,0.8003661811304245,0.12794809718867886,0.011624475332411224,2552,0.7351656379000546,0.41644249722415105,0.8265756465057088,0.2227280326218119,0.010399463384611276,6936,3322554.0113049997
ESPORTSUSDT,0.5813638679238046,0.1751471303523035,0.9693234827293522,0.19286106103097272,0.022099950357472847,2269,0.2230662945850677,0.0355277131248838,0.9987377816001167,1.4636670955524609,0.040656679074164793,6936,5502651.13689
ETCUSDT,0.8780328683364426,0.7521684085072621,0.43424268524365217,0.12288878987513085,0.006000610517230626,7295,0.8010766452849981,0.7547038935501241,0.4304220330602833,0.12700268713854176,0.00451118905416643,6936,51426790.02147
ETHBTC,0.5283103263416586,0.8189112887596055,0.3293843011420805,0.14864787589504913,0.002888266000998832,7295,0.3423988680444487,0.7228609612666828,0.477472030676609,0.10800819122943194,0.002120680966770588,6936,582.9364226
ETHFIUSDC,1.3849577948569276,0.7331670249703308,0.46246611349615485,0.1466131947387952,0.010020907917310584,7295,1.0890009696245457,0.678779411500712,0.5392585105227484,0.2186722720383198,0.007633571592733474,6936,4165456.20427
ETHFIUSDT,1.3971018364791727,0.745050274038376,0.44490008915534246,0.14126866585009976,0.009756796107924699,7295,1.092115680054993,0.6784411011191873,0.539717672312186,0.21561516980434658,0.007662492730875748,6936,31493292.27941
ETHUSDC,1.001124653711157,0.9998226664953885,0.00035463556205144516,0.0029730030052550513,0.00014709225917824953,7295,1.0001695158975579,0.9998907719370582,0.00021844419511356757,0.0008333413668266987,9.579190351264356e-05,6936,2376796374.61312
ETHWUSDT,1.017223459006511,0.6605516860300297,0.5636714700828839,0.13341853862196204,0.009018952238160348,7295,0.9017837464992342,0.5799164061843253,0.6636969618382538,0.2097000539161038,0.008208432902399795,6936,1318085.5785
FARTCOINUSDT,1.6793645668107127,0.5431612021829438,0.7049759084431744,0.14428638127770846,0.020250552705000556,7295,1.3817150494632422,0.6235998546433041,0.6111232212888494,0.1412008896402672,0.011223121152017113,6936,217309223.03682
FETUSDT,1.0649814743620414,0.7128347778701797,0.4918665794587722,0.1204751137596609,0.008173542571050952,7295,1.1359586867740978,0.6269248397984687,0.6069652452436622,0.165780994742577,0.009146794909709247,6936,58626407.7635
FHEUSDT,0.6716608610944231,0.1943380671665307,0.9622327156499796,0.31719425328455547,0.02360189177733015,4856,0.7539346716236868,0.1717116479241119,0.9705151099671885,0.4698737990989851,0.028026517998624798,6936,4746191.66925
FIDAUSDT,1.1026555204160635,0.6592882719413977,0.565338974480527,0.09469946560090885,0.009809626401228034,7295,0.8542274642311383,0.38092508098496874,0.8548960826765928,0.21069445446414228,0.013434784127283574,6936,5336739.10132
FILUSDC,0.9548409809740743,0.7361167895061889,0.45813207220709906,0.12388200684757358,0.006848779331410997,7295,1.0206789778185845,0.6087029804120105,0.629480681637522,0.19137047711995914,0.008619315517475154,6936,9914610.3822
FILUSDT,0.9576784515339685,0.7607153911815637,0.42131209361948285,0.11707074333719134,0.006374306960410441,7295,1.0175414883368379,0.6061617470927978,0.6325679363614148,0.1886085908580573,0.008650092024935219,6936,114472395.053
FIOUSDT,0.9532491199606535,0.5672534768308705,0.6782234930232889,0.1527384478806942,0.010795659033437413,7295,0.46846675912389474,0.2536443027613172,0.9356645676768717,0.853364603648175,0.01157584250066887,6936,1422542.66998
FISUSDT,0.6971989153840908,0.31717223440576264,0.8994017737220529,0.2559083951378349,0.014494237678869938,4552,0.1697967670515762,0.17248606843086003,0.9702485561969972,2.753710084548616,0.0062827530631831465,6936,0.0
FLMUSDT,0.8799647424797281,0.420306849189629,0.8233421525242632,0.1919175337404952,0.014819122156203358,7295,0.0826147870902473,0.07473352702275768,0.9944148999385761,3.7232518137641017,0.0071401595515843,6936,3562890.1679000002
FLOWUSDT,0.8900224318679005,0.7490697680856796,0.43889448254007435,0.10974127764919367,0.006140337491556711,7295,0.762414009147833,0.4201693629477681,0.8234577064400606,0.18651816446720831,0.01066910283327952,6936,11183486.3095
FLUXUSDT,1.0125284132246601,0.7215054510458438,0.4794298841111342,0.08563754876918887,0.007579903059921051,7295,0.8587895001951337,0.38297631071541355,0.853329145430809,0.24020169213271547,0.013421771148926932,6936,1582597.1281599998
FORMUSDT,0.41762353891492754,0.19044018549054711,0.9637325357503265,0.728820131367392,0.015575279519972769,5439,0.9039748974388463,0.42984676817008427,0.8152317558937391,0.21135142933987444,0.012302965260152563,6936,6968362.125925
FORTHUSDT,0.678130706551619,0.38775982639294854,0.8496423170357144,0.13805636769487387,0.011498328651222358,4959,0.5008051225273755,0.4615181406651108,0.7870010058369623,0.9943803498408776,0.006237300553975384,6936,690850.3951999999
FUNUSDT,0.361305387556549,0.14826299658890293,0.9780180838424773,0.5704311589908685,0.01763193841856706,5151,0.5056035498848257,0.2996164630220715,0.9102299750860489,0.9481231137396599,0.01043146417903599,6936,3341087.0935595
FUSDT,0.5885896399805678,0.17146898986190917,0.9705983855157383,0.12733251117829633,0.022845454913214897,3251,0.7751609715254868,0.46128159515277267,0.7872192899733039,0.20175382032655553,0.009645272912423184,6936,2706477.675965
FXSUSDT,0.8658552425490069,0.555141181378582,0.6918182687375956,0.16515256776950912,0.010119786658416589,7295,0.20557885250336558,0.32683439880516824,0.8931792757579416,1.9846689416993326,0.0038514821197026474,6936,3013167.77259
GALAUSDT,1.1698713476914788,0.7554509556865374,0.42929385355229566,0.10423056045704601,0.007914849533289164,7295,1.014992543061362,0.7312097575084447,0.46533229052443825,0.17198391460826304,0.006135272792833055,6936,41489008.14875
GASUSDT,0.7343939290105003,0.5445240039511912,0.7034936091209614,0.20018839210023234,0.00882420573985289,7295,0.7355287853506863,0.6207915338987773,0.6146178714396079,0.19435583477261606,0.006018372665286736,6936,3086954.4888
GHSTUSDT,0.9230457620661685,0.6956210740238966,0.5161113213738416,0.11959447113769471,0.007436279303293556,7295,0.3447672057265425,0.31205566745944646,0.9026212604063023,1.3863306614049666,0.006801005562734056,6936,1084617.7434
GLMUSDT,0.7927684139598905,0.6210815885851914,0.6142576603204962,0.13762785932484212,0.007803806137822898,7295,0.6700892831330215,0.5006096813505354,0.7493899469381172,0.267055271673853,0.007507930270822467,6936,3866809.43918
GMTUSDT,0.9934411503988531,0.7123107541768703,0.49261338948397615,0.13522258222900263,0.007635882704498943,7295,0.8863279230040909,0.6098971141559322,0.6280255101442694,0.12742368906922985,0.007461944108309976,6936,8968112.10364
GMXUSDT,0.9705212439650533,0.6413318936572208,0.5886934021780428,0.11021654208182444,0.009057332071013922,7295,0.8640150730716107,0.6974365652489956,0.5135822374536841,0.14385564901233802,0.005752357226486256,6936,2746085.29287
GOATUSDT,1.3720133700414,0.6126319218760771,0.6246821282984223,0.15767560458971927,0.013807713272192592,7295,0.9721372559431202,0.5991988366401286,0.640960754169111,0.23341446105684932,0.00841610646698399,6936,9860137.55933
GPSUSDT,0.8378381677837244,0.35754378790576424,0.8721624397299996,0.15917336366988427,0.01663717508649255,6150,0.5079422619417108,0.22152039983033947,0.9509287124590058,0.6075984584275755,0.014488221503985188,6936,4826240.063144499
GRASSUSDT,1.055308879092949,0.5207135510646891,0.728857397737599,0.1663644103883185,0.013496945482264901,7295,0.9587265049555289,0.40579303369839387,0.8353320138018541,0.26213840531207394,0.013989079120749405,6936,11798312.5644
GRIFFAINUSDT,1.572530564779203,0.5515442211594894,0.6957989721055694,0.17368031936401535,0.018589316083701922,7258,0.9830736546550393,0.42655919349045146,0.8180472544487758,0.2860838687507378,0.01350601951424391,6936,7948754.41075
GRTUSDT,1.0374027214736055,0.7804554805765334,0.3908892428380529,0.10362606349124182,0.0064827549588078095,7295,0.9080341420419307,0.7269821886131754,0.47149689743920287,0.18895632762238546,0.005557232024088751,6936,10821358.09876
GTCUSDT,0.9726068072480321,0.6324008995686298,0.600069102224774,0.14089446505328418,0.009293492586220066,7295,0.7939336807745309,0.3755185215693368,0.858985839958373,0.2856865764121291,0.01269657754689379,6936,3159562.3896
GUNUSDT,0.912697422255638,0.4296895527693951,0.8153668882408395,0.15983681064746072,0.014030324069305758,5146,0.7295155930529054,0.2879575893034158,0.9170804267625603,0.47695797032862464,0.015719448660463615,6936,6296323.489185
GUSDT,0.8162145828992947,0.6898242567334613,0.524142494822129,0.11081388590909481,0.006682270811159482,7295,0.6581850023859357,0.37274255450336513,0.861062988062306,0.2593965586670506,0.010616867150514372,6936,1985062.99499
HAEDALUSDT,0.8969760659261755,0.36709555164263225,0.8652408559641928,0.1159341090098369,0.015874695250740627,4412,0.8281128951243502,0.5034344757066429,0.7465537286699747,0.19165075457087538,0.009209087715241059,6936,2480386.03216
HBARUSDC,0.9354917849850898,0.6882569751303064,0.5263023361844817,0.08484438444454889,0.007211467773679098,5725,0.8131768204092175,0.7269688152324749,0.4715163416794911,0.1792658840430979,0.004976595969050338,6936,2477337.70319
HBARUSDT,1.0037642967843128,0.7096937639102852,0.4963347614668489,0.11834326824966766,0.007772873496248218,7295,0.8138499087606059,0.7269871438278761,0.4714896927089866,0.1789562869227648,0.004980456086547883,6936,64771213.58046
HEIUSDT,0.7368803703730707,0.3490923260755276,0.8781345478751805,0.1448857127582629,0.014974859972230694,6254,0.5862619132751112,0.17778009035583867,0.9683942394730699,0.4467669674039619,0.021026890261453168,6936,3535708.89776
HFTUSDT,1.0854852553682266,0.6114353737753733,0.6261467836961707,0.12398475476224866,0.010958344348723297,7295,0.8811497966124271,0.3644676871030378,0.867163305057753,0.2272463792645313,0.014587530467259734,6936,3070273.47541
HIGHUSDT,1.0241219559560726,0.6799452228616893,0.537674493907568,0.11981524645908287,0.008615311128484272,7295,0.6782220471237269,0.2752580278091286,0.9242330181267067,0.5474472994434345,0.015348231326672622,6936,2786614.59928
HIPPOUSDT,0.9688839848672479,0.31144693191123535,0.9030008086030744,0.3099839102369864,0.023060317807689443,7295,0.558800413563165,0.14614040063782785,0.9786429833013325,0.9608528347233797,0.024507709652137864,6936,3802088.90694
HIVEUSDT,0.808295316198947,0.607117421815475,0.6314084361281296,0.16412725767478573,0.008252509919808032,7295,0.7397454765556227,0.5299208621487245,0.7191838798595521,0.13214590244999821,0.007670517770241629,6936,1941810.20476
HMSTRUSDT,0.7973169903004038,0.5088354118371434,0.7410865236605273,0.3641955738912917,0.010522565724105263,7295,0.7529500111675279,0.30202460282121213,0.9087811392906874,0.3486630526726493,0.015398983321169782,6936,5037458.383975
HOMEUSDT,0.6989991761235275,0.3092186902616217,0.904383801592889,0.18503425768735085,0.014581281406502663,3444,0.3788548127334669,0.14682775580390361,0.978441610125587,0.2613416876123734,0.01653757503642562,6936,5683289.232844
HOOKUSDT,1.0870937068484798,0.5772561467419082,0.6667753410486862,0.12306638151896633,0.011995591808730978,7295,0.6402285258591234,0.4738057240759506,0.775508135832584,1.0087802137860007,0.007710252413213418,6936,2930690.879094
HOTUSDT,0.9810526835796841,0.7337349136270856,0.4616330765246491,0.1157754894334794,0.007086554036814863,7295,0.8154760611650734,0.5424812163762798,0.7057141298789232,0.192081948674097,0.008182390361272437,6936,3150995.098479
HUMAUSDT,0.8054703699869298,0.4050800176597089,0.8359101792928106,0.14865276658463475,0.012287757130792555,3802,0.5183560956684244,0.24824083001203756,0.9383764903149351,0.41688379603257214,0.013106270109198301,6936,9042506.176786
HUSDT,0.668042926339613,0.15493531041401773,0.9759950495869132,0.38978909627384384,0.02836525135724641,3086,0.5023440116408388,0.10077062320923307,0.9898452814980212,0.4427467400296879,0.03213324160065468,6936,25845200.24786
HYPERUSDT,0.9420660201856489,0.3295063191834031,0.8914255856182026,0.27393524347476805,0.018804979959958303,4618,0.873435561465686,0.5006439973924678,0.7493555878748923,0.25719897366456096,0.009785580855670568,6936,5911994.4566
HYPEUSDT,1.0507654300777818,0.6459975396287978,0.5826871787935375,0.12754095237459598,0.00839704299810094,3709,0.8779758394279735,0.5587727870313692,0.6877729724731955,0.14915873255058132,0.008442254886481614,6936,381134783.56491
ICNTUSDT,0.4416316576630455,0.1463288359936559,0.9785878717567413,0.3866063377594366,0.020109017406640776,2890,0.30913607832515344,0.10300544988725978,0.9893898772935252,0.6489952126294068,0.019337336279039285,6936,3733790.87585
ICPUSDT,0.9321903605482272,0.7569122737603878,0.4270838098308794,0.12454721231931445,0.006278401896250752,7295,0.9466100509244585,0.518776298020816,0.7308711526118187,0.22112968839156863,0.010107474651045922,6936,30422556.908
ICXUSDT,0.8639602251128347,0.6769335984218215,0.5417609033276743,0.14225546805970646,0.0073279923530104605,7295,0.84379899661916,0.658092348043695,0.5669144614463263,0.15496228652402128,0.006255265131692838,6936,2512255.79025
IDOLUSDT,0.4673204723173556,0.1458727052222455,0.9787211538711426,0.20856117882039005,0.021384459004428525,2870,0.36886562266263884,0.15182758649166803,0.9769483839801157,0.3742500665094643,0.015558881047945651,6936,2290506.19363
IDUSDT,0.9439858036466392,0.6728305415673408,0.5472990623341992,0.10197489684741967,0.008096654667074175,7295,0.7558644321813849,0.4445295454916802,0.8023934831849632,0.23011208727229152,0.009869092251372788,6936,5026516.54974
ILVUSDT,1.0772829929442587,0.7164480186268531,0.4867022366056587,0.10730096539725527,0.008182957339653131,7295,0.8988614566254991,0.5412822698768318,0.7070135043169906,0.19312193790790863,0.009047296727956615,6936,2452650.1349
IMXUSDT,1.0594932481868722,0.6832502715460314,0.5331690664322777,0.0994431497044506,0.00883251433584755,7295,1.0412092392996795,0.7068995069447989,0.5002930870812017,0.21039156609225873,0.006749590929961864,6936,10918541.0689
INITUSDT,1.1140659450678643,0.4488964423513502,0.7984919840442977,0.11148603303015749,0.01539761923839821,4769,0.7389447613946388,0.3841073604404252,0.8524615356554885,0.41181187948719467,0.01150863173545063,6936,5326349.6105
INJUSDT,1.1505938673317637,0.7451880361062378,0.44469479084412855,0.10043935523239235,0.008031944531006887,7295,1.0360368056693396,0.6417043379313497,0.5882155426800872,0.22860546748633734,0.008023223666722066,6936,56864164.825899996
INUSDT,1.126283126126663,0.26293567961445996,0.9308648283856831,0.12582042864862328,0.028186836277825953,2053,0.6382429249755527,0.2361417729415118,0.9442370630720408,0.20443421957696523,0.01701739409285265,6936,4393653.51194
IOSTUSDT,0.8530907619754192,0.6333988571445094,0.5988058877680299,0.11682150853726486,0.008130073893738885,7295,0.7733659564132855,0.6220318588891,0.6130763665269696,0.17121258975926015,0.006307692284742912,6936,2579172.944464
IOTAUSDT,1.1121350469236435,0.7306764769189438,0.46611188607731785,0.14919233893943934,0.008106081914237012,7295,0.8922098001374782,0.688538512930299,0.5259147162117335,0.1778069410439629,0.0060886922188630975,6936,7700371.90237
IOTXUSDT,0.8217375865418043,0.5167086427355054,0.7330121785224316,0.23893534350211226,0.010621271729959077,7295,0.8048955105106704,0.4916723010561381,0.7582583483741537,0.1870387103027569,0.009236587111839174,6936,3023772.60339
IOUSDT,1.1906912799794491,0.6805934931829876,0.5367924970369757,0.0840917822408766,0.00999880496390543,7295,1.0610969155885888,0.5080041976361673,0.7419317351840303,0.19365431559538074,0.01165760459325629,6936,10963406.35615
IPUSDC,0.6902957125426517,0.33781548561977953,0.8858806976754741,0.1938471019910752,0.014109760161942994,5773,0.9045884417250776,0.4927137747282221,0.7572331361930249,0.3673004340157338,0.010351669122847889,6936,3167272.5074119996
IPUSDT,0.6694317823831412,0.285174247422596,0.9186756486069535,0.21067333853627437,0.017038872668839678,6246,0.9069587967997116,0.49178225355584587,0.7581502150875207,0.3667382862039692,0.01040475574653993,6936,24082678.400546998
JASMYUSDT,1.1214006307610491,0.6955057932868306,0.516271691504454,0.10544606349529392,0.009037175132850446,7295,0.8886207867362566,0.6411382790714645,0.5889417071092814,0.22768513583895972,0.006891677422005672,6936,9299611.260859
JELLYJELLYUSDT,0.7003930959194992,0.22108544545560743,0.9511212258076965,0.47435093997900973,0.022521389507801762,5263,0.3669594790567886,0.10017285869441878,0.9899653983809897,0.43818594440372655,0.023561220386784907,6936,8593482.21987
JOEUSDT,1.0952143643427965,0.7512053989506156,0.43569044858744577,0.08805016187144066,0.0075069400657179295,7295,0.9634304502504585,0.5809131716997081,0.662539886945786,0.14169726928853743,0.008746830097832788,6936,2147756.10449
JSTUSDT,0.3464055660336437,0.4469137042103314,0.8002681409890008,0.1790774059430535,0.0048339649918076304,4478,0.17128078672577168,0.16063486268868682,0.974196440888981,2.01734946516346,0.006819156121057507,6936,3000161.789642
JTOUSDT,0.9810987128886081,0.62724715742364,0.6065610035039669,0.09289355548440532,0.00950265025213818,7295,0.9968290453669721,0.4939514111649461,0.7560120034081579,0.26597173168134924,0.011369437949284949,6936,22044513.9936
JUPUSDT,1.042267762052033,0.6389612709031159,0.5917284942858713,0.08233379528937852,0.009788125059171388,7295,1.0859721721766193,0.7127487723902118,0.49198918745624654,0.1527712935585244,0.006924332018481844,6936,29837383.5312
KAIAUSDT,0.7980194978233291,0.6425765702296032,0.5870953513919633,0.1621806904920128,0.007422948295280385,7295,0.7572350603754866,0.5924072329928753,0.6490536702977285,0.1713980155435572,0.006672543492483907,6936,3983543.0403
KAITOUSDC,0.8724736633111296,0.49179917551357794,0.7581335709641686,0.10208010760967255,0.011332188343577214,5773,0.6503138674512441,0.3405057804287935,0.8840558134945794,0.5184481705457405,0.011635333327760454,6936,2985791.6014400003
KAITOUSDT,0.8021858658573214,0.3876684844786906,0.8497131461419989,0.15150930964204126,0.014531803814267987,6082,0.6519808925594879,0.3400923612043342,0.8843371858504605,0.519340880448099,0.011681203446527458,6936,25677793.73749
KASUSDT,1.0621352102280972,0.6611606398941453,0.5628666082547623,0.15135994600718436,0.00940175772665252,7295,0.8407642291532439,0.6171981850845121,0.6190664003283861,0.2195876685875179,0.006944786951519499,6936,11049879.63962
KAVAUSDT,0.5563250847123438,0.3777983515926952,0.8572684055338425,0.3239967165709538,0.010635563170570505,7295,0.7385544084049119,0.4989226022877479,0.7510762369264323,0.2462216231573331,0.00831243489561049,6936,7473035.36584
KDAUSDT,1.1122885754723224,0.5513507874554615,0.696012309172242,0.13933923053000288,0.01312899357522321,7295,0.030656566961109123,0.042105585601555126,0.9982271196608163,8.901997054548625,0.004708727747920153,6936,1865118.5614
KERNELUSDT,0.9565048330305173,0.36308521842426333,0.8681691241618074,0.16075325184022038,0.017042784890289157,4811,0.7634600201029624,0.4251189818874148,0.8192738512390066,0.29108582117231707,0.010531948372769415,6936,5872911.5143
KMNOUSDT,0.9689501257498973,0.5478069156585249,0.6999075831566957,0.12059056176532269,0.011543240936830512,7295,0.7493620935957725,0.4978114074047359,0.7521838026577127,0.28184601863930225,0.008458284353503508,6936,3963669.75734
KNCUSDT,0.8611654352638499,0.5870990918619686,0.655314656334856,0.1440084745945524,0.009262615159197008,7295,0.7054488814105213,0.5601725495186061,0.6862067147658221,0.1969377718391978,0.006759403199755931,6936,2398616.8767
KOMAUSDT,0.9889533685363664,0.37691745793841364,0.8579332299012479,0.27197345782659604,0.018957881473995394,7295,0.621942886775905,0.23537976864224935,0.9445963645139221,0.3060593161002272,0.016639296297826605,6936,2067746.85054
KSMUSDT,0.9964235088616703,0.7606590508781906,0.42139780831709267,0.11011171430523223,0.00663335992654498,7295,0.91462468977921,0.6017010219476233,0.637955880187188,0.16003317804676537,0.00786659101277196,6936,4654449.515
LAUSDT,0.7499553922141511,0.30270330112572374,0.9083707114875939,0.13010907829452595,0.016086881543365683,3566,0.7626662424479718,0.35621850359175566,0.8731083776988499,0.2737131551917074,0.012962495208651566,6936,8824628.32107
LAYERUSDT,0.6579994825917151,0.3550998975580519,0.8739040627542635,0.29583236064256363,0.013111723066861812,6296,0.7965821184832498,0.43117239518306366,0.8140903656320944,0.1870276670790908,0.010800805590769905,6936,8483609.971115
LDOUSDT,1.2575517740975917,0.7649615064182872,0.41483389369826584,0.09974579537597332,0.008259559905278123,7295,1.1208293160360252,0.7434630482757896,0.44726269584847017,0.1426785488364381,0.006532835104737919,6936,42018387.2001
LINKUSDC,1.094532704120165,0.8239128553335244,0.3211676068161608,0.09346288856278055,0.00587282188690005,7295,0.9916105364785984,0.8964044534278806,0.1964590558746625,0.07357736231131508,0.003176414410675405,6936,16498550.76746
LINKUSDT,1.0937071135432217,0.8254640674424858,0.3186090733613059,0.09262886285650274,0.005833986660270779,7295,0.992894134055588,0.8965157989276752,0.19625942227307164,0.07316734869824022,0.003178502671619667,6936,223128685.09671
LISTAUSDT,1.092153994686497,0.5008837188908504,0.7491155001500694,0.16588123584682213,0.014721594573177746,7295,0.9218805356711727,0.5716745881067132,0.6731881653130174,0.23185124445618455,0.00857298169903365,6936,4927468.1065
LITUSDT,0.10248187233453081,0.2196994314578041,0.9517321598168034,3.7083561638633284,0.003549841717988932,7295,0.7548463524712191,0.34929310193619306,0.8779943289397946,0.4722863286533386,0.013123054635995661,6918,0.0
LPTUSDT,1.0353112030011196,0.5676367255703713,0.6777885477837429,0.13877880753008945,0.01171334780292595,7295,0.8190324599186783,0.562602647894178,0.6834782605824564,0.1657758518818082,0.007798117720703734,6936,9008538.7136
LQTYUSDT,1.1095603432802077,0.6773930064150552,0.541138714859974,0.10993063723514239,0.009399354272334695,7295,0.7809563059764861,0.5342839502226221,0.7145406605345099,0.30669932011769285,0.008005733694681298,6936,3898614.79189
LRCUSDT,0.9372455985015523,0.7098317119157398,0.4961389407587743,0.11453541710819291,0.007254929019580754,7295,0.5014962672045411,0.4318611785649132,0.8134959224486645,1.025312200211621,0.006786409190992955,6936,3774078.23698
LSKUSDT,0.8530496254313943,0.7649913237389693,0.4147882746041009,0.08674880465804935,0.005602276258866523,7295,0.7966323083884506,0.4531314815162737,0.7946718604588586,0.1912492843206973,0.010154573695375254,6936,1924500.991
LTCUSDC,0.817294663743145,0.685776331200999,0.5297108235644928,0.1294258852620777,0.006766266408459748,7295,0.7370146067518663,0.7486564650154963,0.43951349739050155,0.12897379457512406,0.004228778573808506,6936,13758612.41811
LTCUSDT,0.8159955683471792,0.6857958312408415,0.5296840778526837,0.1285939541252302,0.006755148750741261,7295,0.737112961958782,0.7484386113978094,0.43983964496892025,0.12881722369788687,0.0042321553802512,6936,158499412.33215
LUMIAUSDT,1.1031615660683163,0.602615912484058,0.6368540620210117,0.16607101422470658,0.011395988105575612,7295,0.7492485481437706,0.3466675121330511,0.8798216360314796,0.4511575156370899,0.013135413533766353,6936,2781180.733037
LUNA2USDT,0.9304224213960086,0.6500727764207346,0.5774053853566404,0.146207940723404,0.008483832818137738,7295,0.7880062178071019,0.4285474545970522,0.8163470791583864,0.18046123554905705,0.01076487386799596,6936,5090803.1755
MAGICUSDT,0.995903509748972,0.48299924479313755,0.7667117295292556,0.25409358953503536,0.01408381667017181,7295,0.8651528387592772,0.5517361135331085,0.6955872610233871,0.2049561091660291,0.008473796193192521,6936,7175557.00636
MANAUSDT,0.983222057215189,0.731784246341667,0.4644918168061577,0.10748684138022593,0.007143171691093656,7295,0.8896755352532845,0.6813777605286088,0.5357243474570184,0.17638940278316081,0.00619208930071465,6936,11295492.4425
MANTAUSDT,1.1876877139814188,0.7266377791737999,0.4719975378773667,0.09889764492832241,0.008759668175684406,7295,0.808404181967291,0.40827352389043037,0.8333127296900887,0.30229468218626837,0.011711520276078581,6936,6692516.773411
MASKUSDT,0.6544405087055872,0.40508701667139707,0.8359045089242727,0.3095151055889569,0.011522154167562516,7295,0.862518827948599,0.646421424634316,0.5821393417737397,0.19457628373263938,0.006596330645768929,6936,7609724.5945
MAVIAUSDT,0.5914670361770513,0.2927783513998915,0.9142808369515628,0.5962183781020747,0.015076758588224987,7277,0.8893679740566028,0.4661511207783572,0.7827031325970779,0.2034286247117123,0.01093661177530166,6936,1276445.93516
MAVUSDT,1.0428185833583927,0.579726850957262,0.6639167782791779,0.1491410903058875,0.011433407073806377,7295,0.8694504991685688,0.5157709926114534,0.7339802831805926,0.20113667572462393,0.009357692888812509,6936,2780361.5996499998
MBOXUSDT,1.0580679133695452,0.6007085764936353,0.6391492061269884,0.12369131441407545,0.010984602279359351,7295,0.6928301544199845,0.3773638640003082,0.8575965141468287,0.5068666847197443,0.011016562224710785,6936,2331835.96668
MELANIAUSDT,0.9340562958995806,0.43873685337326745,0.807509973492131,0.17980618185232655,0.014956571204105948,6830,0.7580232053079278,0.44634327200342117,0.8007776835372704,0.19747147417489222,0.009847126957332928,6936,7162661.621479999
MEMEUSDT,1.199181471354887,0.6185262640215856,0.6174252607154972,0.11487718419881897,0.011883721333826888,7295,0.9376689943213238,0.5758111142077076,0.6684415607548774,0.2384297032175653,0.008626623954778275,6936,11759182.975553
MERLUSDT,0.66109963305024,0.27405506867068263,0.9248938193359062,0.19547373131839502,0.015700671546522833,3735,0.7529727060925021,0.2942512226319366,0.913416217979611,0.5279853564411552,0.015846463479199584,6936,6255198.97696
METISUSDT,1.194200607081253,0.7619951042131743,0.4193634611551533,0.09505868705039112,0.007916877023804395,7295,0.9475040384918761,0.521893885647434,0.727626772123823,0.17106983450526722,0.010034365300477166,6936,3018368.68501
MEUSDT,0.9233858333891172,0.5819427551765414,0.661342629697535,0.16164358544074298,0.01006583248747237,7295,0.8516148702780689,0.5817166743815633,0.6616057107464504,0.18707841345633433,0.007715642229068234,6936,6327502.251901
MEWUSDT,1.1424452255018904,0.6865460324953097,0.528654545264948,0.07405820463558634,0.00943811378509822,7295,1.1225225302638948,0.7780963009755906,0.3945661464081031,0.13250135428825777,0.005871673816152472,6936,4359954.797531
MILKUSDT,0.7658923857555279,0.4039186156306912,0.8368497519469856,0.13151769951446182,0.012225619396479901,4282,0.15333944095380453,0.1991691392347802,0.9603316539761447,3.0011344219713405,0.004887802227396584,6936,0.0
MINAUSDT,0.9945867505399048,0.735337506302645,0.4592787518246062,0.09306872984843884,0.00715035536953637,7295,0.8860687947465757,0.541641551807733,0.7066244293553097,0.2259514164019215,0.008909915478733542,6936,6220585.6802
MLNUSDT,0.6577172156591535,0.31226237571467597,0.9024922087130249,0.16081942813989897,0.01463949968037789,5151,0.5463410813546214,0.3025635987984548,0.9084552686820137,0.6548570536154825,0.011151626633936327,6936,1379133.4854899999
MOCAUSDT,0.8987483288955009,0.5471667718143286,0.7006085238222813,0.14279030133745235,0.010724809500724115,7295,0.8179607653884066,0.5792032651047702,0.6645235776919791,0.1739974154157073,0.007459261607210414,6936,2562089.19186
MOODENGUSDT,1.4039251693367378,0.5701400148747403,0.6749403634386343,0.15172508737371293,0.015780786205966756,7295,1.1467659453977308,0.6323607793451153,0.6001198447460367,0.17950104647414905,0.009102308510872365,6936,19166134.29561
MORPHOUSDT,1.1641408807691038,0.6672586522019276,0.554765891061665,0.08212358586974518,0.010136772519221229,7295,0.8443457183782923,0.5760301031771731,0.6681893202336938,0.16420202747272372,0.0077631935952052,6936,7628730.348
MOVEUSDT,0.9330915194176674,0.5373132661697603,0.7112944539979835,0.09251722265491186,0.011424965267894195,7295,0.867208470522913,0.5168026838472146,0.7329149859683147,0.11097768922818277,0.009308170442678574,6936,13520473.3293
MOVRUSDT,1.006201256498687,0.7284809651320214,0.46931548344032037,0.1261535043150556,0.007381295406137807,7295,0.8843713617643165,0.3535309483035804,0.8750158685915714,0.18201134492118848,0.015161853056808595,6936,2498107.56453
MTLUSDT,0.796642602142525,0.7227674477190356,0.47760721651771165,0.11402109365512723,0.005942016884502193,7295,0.6790062569163794,0.625809970697719,0.6083618805753159,0.15160204807848127,0.005483054960993361,6936,1580108.2444
MUBARAKUSDT,1.1883096446071955,0.40239376052577663,0.8380792614899244,0.12662614709094716,0.019521413940713564,5482,0.9512947976746462,0.4609411248717487,0.7875332794019686,0.2837487196578275,0.011867081350220063,6936,7664095.019545
MUSDT,0.37433144391185935,0.10102575825542981,0.9897937961689195,0.3509157125758202,0.025074249222854266,2798,0.16189440471535355,0.03626231349160732,0.9986850446202368,1.4019007621299364,0.02890888574430964,6936,11456409.269000001
MYROUSDT,1.2627547075264567,0.5302237324148912,0.7188627935840207,0.13568636150335509,0.015751297532887377,7295,0.10797814974082003,0.1434232491018694,0.9794297716171798,4.991620845454182,0.0048277229902179905,6936,1740753.53341
MYXUSDT,0.5335792755743249,0.09080789704509445,0.9917539258342458,0.9162174859595039,0.03953031752877239,3251,0.7721581480030365,0.21584858951596017,0.9534093864039772,0.4208597570569385,0.022632759845584174,6936,19477767.86768
NAORISUSDT,0.6178030159595151,0.10726324271422898,0.988494596762428,0.42032756299268903,0.03887061007851229,2219,0.5835127562419253,0.14825123836763668,0.9780215703224655,0.40876894280512904,0.025221206554239147,6936,4352712.73521
NEARUSDC,1.0865604411245975,0.7930612687840135,0.37105382395468944,0.07607470680161468,0.006510271539086427,7295,0.9777745524321702,0.6198901314020084,0.6157362249904063,0.19813809645974442,0.00801969316683239,6936,8059873.607
NEARUSDT,1.0868981472184738,0.792048910095376,0.3726585240167306,0.07720968315684655,0.006534703330868463,7295,0.981329636817674,0.6205105006932822,0.614966718529369,0.1932238838664087,0.008035802955632793,6936,117651794.581
NEIROUSDT,1.34542462620394,0.6400577542864079,0.5903260711778404,0.12081170502975344,0.012598524631713256,7295,1.1861614078384624,0.6266791358940857,0.607273260635042,0.21007817368888146,0.00955690006474819,6936,33069387.2024495
NEOUSDC,0.9067093661269439,0.668860465740952,0.5526256773687986,0.1504861111576816,0.007861068912424591,7295,0.7924606988876395,0.7134570550675716,0.49097903057430736,0.1695834467574086,0.005042834067440225,6936,1802996.561242
NEOUSDT,0.9103555861835892,0.6696815335492969,0.5515266436230621,0.14933253919357797,0.007875161795458064,7295,0.794970173932707,0.7138671278064916,0.4903937238373118,0.1690762378544713,0.005052896668395915,6936,9505704.74322
NEWTUSDT,0.7896327714314094,0.2962346290309529,0.9122450445628996,0.1751951265103646,0.01723661491039112,3225,0.8121336158149783,0.5479021714401343,0.6998032105311858,0.22479580558696519,0.008034043051644783,6936,3068257.93645
NFPUSDT,1.1546828724792435,0.7016007598537072,0.5077563737726983,0.10707763219557993,0.009148162351791923,7295,0.8184760049127393,0.2561315596154015,0.9343966241689899,0.3410600034345993,0.020014698801756596,6936,2766546.37249
NILUSDT,0.9258844223431054,0.4765271727847537,0.7729218535977722,0.08066631549776555,0.012417873829664906,5314,0.8871306871942869,0.3401909071617891,0.8842701466844421,0.24705920334469156,0.015888441317211604,6936,5352405.9983
NKNUSDT,0.9923460492267937,0.5151204757114214,0.7346508955028366,0.13130352666463355,0.012880369929460938,7295,0.3798659706827743,0.3932526424232922,0.8453523592268926,1.419605491189521,0.005754050298857554,6936,1618742.88868
NMRUSDT,0.9284240813199475,0.515341896559998,0.7344227296499436,0.16113556556651779,0.012043632589277533,7295,0.6014572027881007,0.4209284472797777,0.8228192422706321,0.2706400688252402,0.008398248519980698,6936,4182698.7979
NOTUSDT,1.0420213005411414,0.6372177192083454,0.593953578326916,0.15730236723569962,0.009831018260917491,7295,0.9975678952803566,0.5062179584752613,0.7437433785171371,0.23759258706719677,0.011011355880257204,6936,10312376.741106
NTRNUSDT,0.952933061302644,0.6808066488608996,0.5365023068667916,0.11010856348602105,0.007997567263641646,7295,0.5706208173585158,0.37481697143705234,0.8595122379226527,1.0374826537460649,0.009145237360850588,6936,1691554.58289
NXPCUSDT,0.8788215630017628,0.48857031080631863,0.7612990513986178,0.1353291283014409,0.010793919503982589,4073,0.6352122911052183,0.4422102818753223,0.8044500666037512,0.25260019631746655,0.008347211213780572,6936,4959281.5688
OBOLUSDT,0.8457547632305085,0.3388852720060817,0.885156772417367,0.2570830852662033,0.016553722764700043,4261,0.18332513058428676,0.2049656862558196,0.9579890674573883,2.8762205176214133,0.005663928120919508,6936,0.0
OGNUSDT,0.904458439029745,0.6263038420324227,0.6077434974554337,0.1475239708512986,0.008782076141073474,7295,0.816850823157119,0.5127063345354501,0.7371322145272267,0.17143355095450355,0.008862753267320559,6936,2682112.8789
OGUSDT,0.2972398037353033,0.15084340561720602,0.9772462669818012,0.8866124169724243,0.013456314055602901,4142,0.3460783303620611,0.1957434437680327,0.9616845042218272,0.8087708296280882,0.011234238889257155,6936,3582947.4327
OLUSDT,1.0645138252112247,0.38662661925303693,0.8505198572849682,0.09329018165116974,0.01691380124552885,3084,0.5649539083932456,0.38508823093872363,0.8517070543926265,0.9202394061899659,0.008772604594557793,6936,738648.409935
OMUSDT,0.7736873919461225,0.23198015215381806,0.9461852090066908,0.3594896708380118,0.025306743681956866,7295,0.46252836905436245,0.394229338492661,0.844583228671422,1.2646181848881188,0.0069861969389043155,6936,27076026.912952
ONDOUSDT,1.1094470417931885,0.7447770337174596,0.44530717004702247,0.09337281238112338,0.007754318633846191,7295,1.0863609259006544,0.7137689991383326,0.4905338158690628,0.12104153925664149,0.006907012364001717,6936,87082435.25844
ONEUSDT,1.1415541856055795,0.7646466617356005,0.4153154826966012,0.10496543937596418,0.007505131275006291,7295,1.0077019361374793,0.5330152318352225,0.7158947626316354,0.19634921888541002,0.010364726029081279,6936,4214697.50504
ONGUSDT,0.8068081745544856,0.7035006740344619,0.5050868016330571,0.1476496505395448,0.006358025718722186,7295,0.6947481541435842,0.45524271040934783,0.7927540746191496,0.2423580116488681,0.008804151842372156,6936,1816856.57355
ONTUSDT,0.8571244616209462,0.6658390760992754,0.5566583247392625,0.15297414594522654,0.007492080983602348,7295,0.7852471954934687,0.4222334783818558,0.8217188897335534,0.15321318472204176,0.010922894517127673,6936,4541199.31226
OPUSDT,1.127780225756257,0.7642825396361321,0.415872199607344,0.11908893456928574,0.007423077255362525,7295,1.088521895390983,0.7342857113768807,0.4608244940677449,0.16680579224311534,0.006520149480633288,6936,65092817.8634
ORCAUSDT,0.9680710605054406,0.5224411720782829,0.7270552217174681,0.13068630291520592,0.012325003170869065,7295,0.7447359252928116,0.37616233724008236,0.858501896042079,0.19749277401568457,0.011886060577013313,6936,5937591.3808
ORDIUSDC,1.1285451150315078,0.6693804156620871,0.5519298591280503,0.11555007770079369,0.009770602982668523,7295,1.0613822212460926,0.4973176250895362,0.7526751797753016,0.18708448830234214,0.011997220548430361,6936,4087910.6387
ORDIUSDT,1.1296004329767213,0.6670732749541776,0.5550132458419069,0.1161849286215771,0.00984093766085075,7295,1.0648265775445878,0.4970735245491539,0.7529179111922825,0.1875642358106979,0.012044013539442516,6936,34278605.5921
OXTUSDT,0.8536644015778159,0.7083224353685587,0.49827932755355525,0.128417116906052,0.006636301470704394,7295,0.5236808003694199,0.45817258431839863,0.7900778829788446,0.8900077483198491,0.006582840255109555,6936,1248496.35078
PARTIUSDT,0.745572199927537,0.3453600139884366,0.8807264607379052,0.21672692131307153,0.014751508598331362,5290,0.6849249305713588,0.2432621446826533,0.9408235289643985,0.2514621613800781,0.017695476340813227,6936,7962750.438920001
PAXGUSDT,-0.0017264411818192864,-0.00579219373294263,0.9999664504917585,17.705653759821708,0.0021756637367742705,5245,0.1290806066393275,0.27436505246346776,0.9247238179867215,0.5871530842079768,0.002931418058065649,6936,69892076.62703
PENDLEUSDT,1.1999861282137911,0.743537441365589,0.44715207328751344,0.11743061934209192,0.008418495919474607,7295,1.0753098308865692,0.6691402843429913,0.5522512798693814,0.13666759902793618,0.00773782059657713,6936,29989306.697300002
PENGUUSDC,1.3088243461989868,0.6412974192636166,0.5887376200458266,0.09740194938768461,0.010598288418117966,2416,1.2563512921283637,0.7515206133644056,0.4352167676883871,0.14138139639328706,0.007145522451618602,6936,5196754.504799
PENGUUSDT,1.1848864033891702,0.5520498873131687,0.6952409219175189,0.1428685658481176,0.013960454325993845,7295,1.2584850098131566,0.7514874362250777,0.43526663319585795,0.14026330852120267,0.007158386434091695,6936,80430970.027537
PEOPLEUSDT,1.2062150612307978,0.6331523720124306,0.5991180738150326,0.12449585799946285,0.011502870159702503,7295,1.0215807596758073,0.575188366300001,0.6691583432731283,0.201532128462646,0.009413626943290747,6936,14558608.5666
PERPUSDT,0.9314300985455974,0.5410569542262307,0.7072573722834331,0.17718934258128455,0.011293525172954622,7295,0.11245095621729304,0.14428517685406783,0.9791817877397015,3.6664270633247007,0.004996570828391794,6936,1267698.0326
PHAUSDT,1.0476661906829814,0.6240189599047916,0.6106003376793393,0.10253255373583646,0.010233805580376896,7295,0.8996684377436495,0.4235292887242097,0.8206229415927649,0.21128696121018922,0.012468283035985964,6936,3713168.45446
PHBUSDT,1.1157026573947222,0.6225403173552287,0.6124435532672515,0.08712491660931364,0.010940760642499863,7295,0.6520004835116647,0.3205943191767433,0.8972192825116224,0.6925628163507271,0.012480755704188377,6936,3145927.2286
PIPPINUSDT,1.1765412650965614,0.33884383243365573,0.8851848572216771,0.305227710558471,0.02553128652857054,6733,0.5126560448172526,0.10977734189543155,0.9879489352063642,0.7342133890461091,0.03007601604912646,6936,16913193.390225
PIXELUSDT,1.208692361464408,0.6866860763522518,0.5284622325439475,0.09300160749121719,0.009981550582369934,7295,0.9290751329680703,0.4326502769163357,0.8128137378842205,0.3352035964084156,0.01254426861485537,6936,5282175.19137
PLAYUSDT,0.6010822326915385,0.16657614620838956,0.9722523875143599,0.1386142757812068,0.024138148096318826,2222,0.5092723510664614,0.11982080754339769,0.9856429740796465,0.5741990875380489,0.02734115336482322,6936,5636444.36211
PLUMEUSDT,0.8922019570370254,0.460177309705391,0.788236843632306,0.1352210369539009,0.012456000668823112,5386,1.0614832043128344,0.5475635253652684,0.700174185689562,0.2281142987430916,0.010510477993401728,6936,7723899.50186
PNUTUSDC,1.2696098805962248,0.6049376252547117,0.6340504695511877,0.14889834136132282,0.0122218872316496,5725,1.130692107356196,0.6651733662702772,0.5575443928046633,0.20396040076005062,0.008224051764452865,6936,3362987.978065
PNUTUSDT,1.254667007570334,0.5778665179865754,0.66607028739007,0.18941317148941986,0.013822750683451845,7295,1.134050771107466,0.6650946224079701,0.5576491432440001,0.20185795898103048,0.008250232953890315,6936,37387606.92097
POLUSDT,0.9393232179322869,0.7623322923343783,0.41884947606421263,0.11984077306917264,0.006220613620863998,7295,0.8122924195877251,0.6603862831138435,0.5638899570750837,0.26699370724298555,0.005984626387813153,6936,21624841.18464
POLYXUSDT,0.9047476377081357,0.7006050928476104,0.5091525038759925,0.131150385060602,0.007188058585263693,7295,0.7914228681015245,0.5361334298267294,0.712560945422226,0.22660508012395333,0.008073689637791466,6936,2856031.9603
PONKEUSDT,1.28507074204587,0.6828715027509357,0.5336865107306773,0.10574012190026699,0.010724193902034461,7295,0.19334837067138705,0.30529951963458946,0.9067922033105841,3.422193856863524,0.003907573875270347,6936,1468237.10683
POPCATUSDT,1.4768622670160785,0.6225338752771774,0.612451574132382,0.09490553623586034,0.014482594866178818,7295,1.1450614607528768,0.6446341771311122,0.5844467776744967,0.15767892524056704,0.008798736275840179,6936,23773413.37811
PORT3USDT,0.5429404914632733,0.1424141655767212,0.9797182054430861,0.10992345462318197,0.025660569240210047,3591,0.08107007918071933,0.024089765435949016,0.9994196832012399,3.4106895357608384,0.02179595618351625,6936,0.0
PORTALUSDT,1.1939914089454948,0.6165865076144611,0.6198210786278073,0.1387382545846759,0.011892518999016853,7295,0.8078161454970875,0.2731040821743873,0.9254141602996837,0.3642627389600369,0.018437002769620982,6936,5062503.220683
POWRUSDT,0.8267372811228499,0.7367069676462743,0.45726284382143567,0.09743934853151959,0.0059195569037579325,7295,0.7601014265089494,0.5891115121153593,0.6529476262931571,0.1666922328961512,0.0067553487101040125,6936,1602385.45396
PROMPTUSDT,1.040195423789972,0.37115254930788155,0.8622457851422685,0.1350095934967518,0.018105454510685393,4889,0.8476332290207373,0.38948780374664427,0.8482992507326143,0.2901281708701186,0.012987616287185694,6936,2809650.32917
PROMUSDT,0.3612539639687224,0.28382010024153365,0.919446150698889,0.797142196658734,0.009621135250541847,6947,0.34192801864303174,0.13657627705290393,0.9813469205463627,0.8681670097129642,0.016069671116819527,6936,3379537.8486
PROVEUSDT,0.7261852292102202,0.2791991202807878,0.922047851234435,0.1880832734983338,0.017014103101468774,2094,0.761145649189133,0.516705689954483,0.7330152299686679,0.1983026333245325,0.008171508513706075,6936,3228641.408
PUFFERUSDT,0.953818937926693,0.45604417484139664,0.7920237105932302,0.10733083294225804,0.012657407868234435,3591,0.607716155227708,0.34661826172093274,0.8798557806416459,0.88868970732756,0.01065592045649758,6936,1014608.09006
PUMPBTCUSDT,0.919834682987532,0.14785662458047374,0.978138418567669,0.19357577953949615,0.041441981004283215,3373,0.8709870121498187,0.41455788174749125,0.8281417626810313,0.250221818856458,0.012386653397155526,6936,1302914.28607
PUMPUSDT,0.9744922832808213,0.33910310785790315,0.8850090822411014,0.45067067308221287,0.01883017527843605,4849,1.2212404695558925,0.6287387510347742,0.6046875829472345,0.14656864900825903,0.009783395252526028,6936,89632521.3848705
PUNDIXUSDT,0.6767556823523632,0.4366047436592291,0.8093762978142593,0.08612678339574818,0.009746923579322678,4429,0.6810497038765491,0.5161701479306187,0.7335683783852848,0.20164999262552175,0.007322254278799798,6936,1414171.1722499998
PYTHUSDT,1.0676384498538973,0.6439478102247921,0.585331217706695,0.08850682036501786,0.0098948195218043,7295,1.034038406863807,0.653872303354228,0.5724510109062341,0.21939453487034527,0.007752500725900214,6936,13326360.87673
QNTUSDT,0.7565861142298151,0.6467057641180148,0.5817716546565342,0.1744618673456453,0.006960836157607138,7295,0.6595244368901219,0.5403077140310449,0.7080675741585445,0.16691974939021317,0.006655188487408392,6936,6780497.645
QTUMUSDT,0.8417117133152742,0.5958537868107023,0.6449582647433412,0.17024421750251115,0.008849586357635397,7295,0.7901437824151666,0.6677360954279107,0.5541285068626842,0.16104175134207338,0.005707315499612251,6936,4980860.3682
QUICKUSDT,0.908917770513701,0.5512440297266407,0.6961300196907331,0.1582727294722834,0.010731473939316737,7295,0.15432223158036107,0.311467618073074,0.9029879228918563,3.4343376830475876,0.003050558160154453,6936,972568.67102
RAREUSDT,0.8140072599810427,0.4426164739182058,0.8040906570162146,0.2966028639851435,0.01286431632388265,7295,0.7506547256533099,0.4198824625395657,0.8236987176517084,0.23235129379830918,0.010513127939686331,6936,3899892.98258
RAYSOLUSDT,1.2353858063391476,0.6588274164561874,0.5659464353256685,0.06508410360084722,0.011004038632399146,7295,1.0659179870054285,0.7088669025580782,0.49750771445771436,0.1264119453427511,0.0068722199068586435,6936,11778104.26632
RDNTUSDT,1.061535816805725,0.5272410536826039,0.7220168713116585,0.12368413417717988,0.013345430994503868,7295,0.517077529983032,0.3700526063373535,0.8630610685427204,1.0179782831207687,0.008411064927186825,6936,2275119.54003
REDUSDT,0.9341995982158766,0.46535792828333644,0.78344199858384,0.13167907579754415,0.013033594100595606,5743,0.8858484964219081,0.4941579558921487,0.7558079146284953,0.20018798180461297,0.01009806801047448,6936,4258292.6572
REIUSDT,0.934576896691495,0.61002022614533,0.6278753236936024,0.13502084487560156,0.009469804465663353,7295,0.17614613895652867,0.21248283916547167,0.9548510430598334,2.707733396396009,0.005243753046320436,6936,1150625.68439
RENDERUSDT,1.1539062707402534,0.7390216184160582,0.4538470475137077,0.10164601462831745,0.008205435691748784,7295,1.1328842061902493,0.693898957660683,0.5185042365574215,0.18866736167657872,0.007617367409109529,6936,31404553.8341
RESOLVUSDT,0.9791121104113,0.3680907031166654,0.8645092342790771,0.18757551660439978,0.016776275758140297,3442,0.5111297366637008,0.17474873095658633,0.9694628810290563,0.5706624413156536,0.01866040881900552,6936,10617394.04089
REZUSDT,1.1728217458644417,0.5587099907139788,0.6878431462763882,0.16267475584743463,0.013580750728717082,7295,0.8974134761078003,0.519008974590282,0.7306296842947457,0.27030908957377475,0.00957578427577964,6936,6974789.222015
RIFUSDT,0.7941225505727715,0.7491303817988522,0.43880367106590645,0.1487910447133698,0.0054777062960346505,7295,0.4858157076109064,0.1736979556499755,0.9698290202030196,0.4714136517309798,0.017847000674507986,6936,1912578.03567
RLCUSDT,0.9422083841078052,0.6208209536306927,0.6145813435330756,0.12213156278601395,0.009281192542793526,7295,0.8090161990226434,0.6019890892910666,0.6376091363745124,0.1588322302279597,0.006952779419251689,6936,2273155.75904
RONINUSDT,0.9285084905671935,0.8098196163509362,0.3441921889732214,0.0579485923979931,0.005247247996073483,7295,0.8900383468759715,0.5670247647953203,0.6784829161088113,0.1576816080657523,0.008377408171056174,6936,2544840.97717
ROSEUSDT,1.1630630421547565,0.7608633794760139,0.42108691777233936,0.08172779508282496,0.007737772318719192,7295,0.9956683813362711,0.5486162623627775,0.6990201966710985,0.20194410153070808,0.009831187120600134,6936,7530697.48362
RPLUSDT,1.1323125494422321,0.6548866490072679,0.5711234769520319,0.11389837373818436,0.010192921715557853,7295,0.9000056042944224,0.5237745641140878,0.7256602059870967,0.22391440339873525,0.009484297311035509,6936,2695260.7951
RSRUSDT,1.2113170785773761,0.7253871795320277,0.4738134397705678,0.11652103487579815,0.008966545380994879,7295,1.0324826403462155,0.6908311661425198,0.5227522998861607,0.18983575926441978,0.007001616600655856,6936,7606279.322632
RUNEUSDT,0.9309523287771503,0.600574282589308,0.6393105310923354,0.11730818315131868,0.009668300472862492,7295,0.8643044068434907,0.7215267308582602,0.4793991766569888,0.1679530564798381,0.00537407483878305,6936,11578683.052
RVNUSDT,0.937614389992192,0.5745588727563572,0.6698821017369436,0.10730525815889105,0.010418913051389778,7295,0.8196917496002893,0.6149702881820677,0.6218115446532515,0.17371531231165765,0.006809841053649887,6936,3500654.31374
SAFEUSDT,0.8699841591686723,0.560050776591462,0.686343127639298,0.13238372753778727,0.010038945216027453,7295,0.7859073464623699,0.4257281026749818,0.8187555825927599,0.23024844692240806,0.010823229241936799,6936,2062972.3289
SAGAUSDT,1.2147245587218258,0.6870888759541098,0.5279088765401173,0.11583609597578383,0.010020234266888748,7295,0.9954733990655916,0.43690502769967005,0.8091139967707565,0.2617478052326307,0.013279699767751226,6936,9594092.43395
SAHARAUSDT,0.774164196337533,0.3769508723657462,0.8579080398227046,0.1433301517180815,0.012684891460957,3059,0.6042104234002356,0.22955809043267159,0.9473030831169035,0.2766677917526344,0.0165989543782502,6936,12159737.92095
SANDUSDT,0.9955083601247174,0.7508119321431302,0.4362814425515015,0.10621462912107785,0.006831728742135116,7295,0.9675837447436553,0.7202052642328556,0.4813043773712837,0.13701109256326774,0.006039200328485315,6936,20923922.78672
SANTOSUSDT,0.5900202916201843,0.44639550714815235,0.8007310511979423,0.25231790347872374,0.0092262234033268,7295,0.5280507212875069,0.35986055629747027,0.8705003800212802,0.474587789781597,0.008870515959842734,6936,2205899.5876
SCRTUSDT,0.990379387671004,0.6575027972474116,0.5676900716118319,0.13095773080958906,0.008853054462466958,7295,0.900206038170292,0.4326414617680188,0.8128213655592311,0.27740479226649,0.012150639049475699,6936,1514632.44731
SCRUSDT,1.1085910214323378,0.6568810782686232,0.5685072490126494,0.10255171836255403,0.009926270513717875,7295,0.9224450307600294,0.5332954782745539,0.7155959328519166,0.23014659772315504,0.009480842346787513,6936,2811627.1324
SEIUSDT,1.062692111509548,0.7252479742806334,0.47401537580183434,0.13170769442319671,0.007869563521921996,7295,0.9146747630819712,0.7231459232981712,0.47705997361723546,0.18208997238649066,0.005660626485242282,6936,43014872.6863
SFPUSDT,0.619450207314379,0.5837640691462188,0.6592195115738511,0.20273350283108776,0.00672074731149218,7295,0.6895004312317354,0.603833121118778,0.6353855618399604,0.19435467472520754,0.005897318096545622,6936,1669723.7558000002
SHELLUSDT,0.9035067731418482,0.42467918752158623,0.8196475876860057,0.20239978374796425,0.014643133123903371,6150,0.8838040099987357,0.5004017404136606,0.7495980981909796,0.21324574775664445,0.009908010869807813,6936,3851006.54108
SIGNUSDT,0.7548569728469514,0.35336662046722145,0.8751320315395759,0.20878533752494524,0.013933854424563288,4476,0.6137539595787327,0.3415990465286221,0.8833100914107398,0.43332454762348344,0.010941454294570975,6936,5447471.205945
SIRENUSDT,0.5989112110114255,0.2222714497830195,0.9505954026113573,0.34999249113219943,0.019039283391572393,5366,0.5439687355443255,0.0780043369827042,0.9939153234118882,0.5740247730750728,0.04504746182804167,6936,6317684.08092
SKATEUSDT,0.8338874187653474,0.25529235521653,0.9348258133679959,0.30794608372751225,0.02146905640910803,3469,0.1944212160082913,0.12895440394729166,0.9833707617030418,2.740622900280207,0.009687151558173502,6936,0.0
SKLUSDT,0.9507519131219417,0.5230085358513132,0.726462071426662,0.160924848516102,0.01208644003628423,7295,0.8680004465064629,0.5079251156431123,0.7420120768989377,0.2448569148903055,0.009538172062469326,6936,3758508.147
SKYAIUSDT,0.8752058904701573,0.2852275127546728,0.9186452659677853,0.26728324310596013,0.02027676890605766,4118,0.5212627802508859,0.12130595274181032,0.9852848658294026,0.4281345116857462,0.027637231690073986,6936,5765148.90668
SLPUSDT,0.2592070010924359,0.32923379428553223,0.8916051087003491,1.410446428679498,0.005802059187235682,7283,0.8662784135641753,0.5560215321348856,0.6908400558023741,0.17497669565209548,0.008390569221003156,6936,615831.709265
SNXUSDT,1.0799005372203727,0.5879560464975649,0.6543076873869559,0.10794934391191854,0.011589465472355436,7295,0.9461644877228251,0.6294700005671667,0.6037675183859771,0.16749644473096062,0.00756632301291558,6936,10237949.0029
SOLUSDC,0.9206312722325352,0.7619488128178143,0.41943400664552194,0.10044348895790295,0.006104150659992571,7295,0.9432576858728643,0.8661533732593217,0.24977833399149676,0.0704270359310165,0.00352657760950656,6936,362217118.467
SOLUSDT,0.9184095437208679,0.7606185137359789,0.42145947656206934,0.09922379159440775,0.006114780979789226,7295,0.9431211778850254,0.8655251072683409,0.2508662886881279,0.07087554675500549,0.003536303190775483,6936,2839952259.06117
SOLVUSDT,0.7071481916136617,0.331003594182976,0.8904366206379442,0.5128660555706395,0.015877010841322387,6899,0.6423894180397772,0.2918869927285675,0.9148019834758766,0.38059799772996716,0.01363910940046566,6936,4978535.869899
SONICUSDT,0.945579768938732,0.5957018638634711,0.6451392893895909,0.1239003715590285,0.010015652007582978,7120,0.7794908310304675,0.4944367836687805,0.7555322669552691,0.1526596267728121,0.008879060821028078,6936,2408672.3556815
SOONUSDT,0.6509068582637301,0.2244183590592989,0.9496364001171261,0.22414265017016044,0.019094308740553588,3879,0.8063393125459515,0.24503565118830437,0.9399575296467199,0.24969838212185178,0.020672045981856357,6936,8114644.8699
SOPHUSDT,0.8062556870339226,0.4204051779286169,0.8232594863708085,0.1349653962225888,0.01179414687348127,3754,0.8243138658902697,0.5309429997669604,0.7180995309984635,0.22661619380562487,0.008524674052189554,6936,3666866.8645225
SPELLUSDT,0.8947241395960104,0.5582609619033818,0.6883446984147139,0.11937888830998232,0.010372617888202169,7295,0.69179204296167,0.5290309364777294,0.7201262682494861,0.19072512502421937,0.00719003768108141,6936,3146358.0281853
SPKUSDT,0.7657949311021732,0.26924112343018797,0.9275092174540502,0.18922488751741823,0.018517485170484956,3278,0.7560552115976016,0.4242855698925377,0.819981755180965,0.29282549398253954,0.010455234876284423,6936,5509876.038655
SPXUSDT,1.6528057614010534,0.6527066008578483,0.5739740931965944,0.06291696175891859,0.01496523210270133,7295,1.4431283815059424,0.7077279431963447,0.4991211584190698,0.14735386935380723,0.00933420808113805,6936,27832187.0609
SQDUSDT,0.7700064065352391,0.2538790892496135,0.9355454080417888,0.22206334011214107,0.019930466670915716,3419,0.747295189908076,0.3104851040487175,0.9035990001638586,0.29513162204373644,0.014824184193604586,6936,3125701.639425
SSVUSDT,1.3037357738130289,0.743365745359567,0.4474073686260167,0.10589214361222717,0.009151074738401961,7295,1.0403329522562994,0.6405056196557387,0.5897525511894242,0.19269743211785004,0.008082106596291253,6936,5708755.14594
STEEMUSDT,0.7438890765131277,0.629701460898959,0.603476070141718,0.12518921406291525,0.007158746860616357,7295,0.7065510329353172,0.495570318698388,0.7544100592251797,0.21909348003436913,0.008023849809631514,6936,1690618.01807
STGUSDT,0.6870311321080238,0.5953825376525014,0.6455196338584636,0.18779516440509114,0.007232168743300978,7295,0.6908790100543959,0.28365385989528386,0.9195404877665017,0.2897018000903719,0.015133481464779289,6936,4267536.1158
STORJUSDT,0.8713354875455276,0.6822100496551838,0.5345894481494693,0.10989036123540176,0.00728468838772765,7295,0.7589958376908308,0.45017599331791713,0.7973415750402232,0.22236692836370678,0.00975478551961977,6936,3884937.522
STOUSDT,0.9564105249817858,0.3746909805129301,0.8596066691222609,0.09881340564662332,0.01647372535546075,4857,0.4728428335145295,0.14213581184376306,0.9797974109915145,0.5187394160683544,0.021335387186014226,6936,5439422.044675
STRKUSDT,1.1549321040574145,0.7198629115168391,0.48179738862249893,0.10314379820736387,0.008687051063364683,7295,1.0171052060637509,0.5284480767947205,0.7207426301319683,0.20863485286996175,0.01058718098516352,6936,17747806.6907
STXUSDT,1.0239694922197629,0.747526909234772,0.4412035199699097,0.09419932778192536,0.0070976269533188745,7295,0.9477085327056878,0.7010628337371743,0.5085109031524022,0.146456901192825,0.006245822980114789,6936,12489917.9461
SUIUSDC,1.0816826588574813,0.7360141524679424,0.4582831673668944,0.11697126687815358,0.007760936916615403,7295,1.0803993937470227,0.7954751789713304,0.36721923964053105,0.13560612210498202,0.005332761193902544,6936,37534704.1964
SUIUSDT,1.0795484372491642,0.7348593765727269,0.4599816966631436,0.11505061135692984,0.007772158823158513,7295,1.0803849679894961,0.7953268232629944,0.3674552441983948,0.13565897098840718,0.005335395269372214,6936,443376669.84338
SUNUSDT,0.4216538611524159,0.4274577150106265,0.8172799018778973,0.3094032402457528,0.0069563564822870275,7295,0.17436531089054774,0.28916341780054217,0.9163845178059027,0.4748737487313528,0.0037401929456434544,6936,2524139.482704
SUPERUSDT,1.1998551895723577,0.6800365843380433,0.5375502439618484,0.14338717794089795,0.010091125023268959,7295,0.9030732537663146,0.5737722885994051,0.6707853608353923,0.18936814194236276,0.008352490385791464,6936,5926016.6454
SUSDT,1.1252559429889903,0.6904154078282413,0.5233265646333636,0.0954031143142614,0.009284040240732235,6925,1.0091782197433021,0.6497833873259451,0.5777815495552213,0.16657102093678963,0.007649272018381947,6936,19721490.15145
SUSHIUSDT,1.212944153504512,0.763151087522034,0.41760041761393685,0.1216749938196629,0.008012060840807826,7295,1.003310475317398,0.7066175486391895,0.5006916399551442,0.17556377822337565,0.006509782385659251,6936,11005591.497
SWARMSUSDT,1.2748877638886342,0.42729549745194456,0.8174185578572997,0.2968944334707924,0.021215699272697952,7139,0.8973253465698047,0.3104522047335157,0.9036194285760996,0.5192229436089097,0.01780275470258294,6936,7754314.73564
SWELLUSDT,1.02617854044752,0.508305610759028,0.7416254060708966,0.12425658137575225,0.013562002582618212,7295,0.1768526657629446,0.21513710706189693,0.9537160251652314,3.458015647422855,0.005199313402387153,6936,1411619.2366230001
SXPUSDT,0.8487925995511193,0.6844596807606705,0.5315149454130064,0.13770226517163506,0.007052530169850233,7295,0.22073240393072835,0.26750336229778987,0.928441951159713,2.397634813375625,0.005357486598735863,5088,3112192.9870849997
SXTUSDT,0.9097404301114848,0.3590088010977172,0.8711126807343816,0.1129969870132331,0.016540145520378118,4383,0.7751014542561723,0.4441874668341053,0.8026974943075016,0.3075837321002837,0.010129796063124554,6936,3706574.9482899997
SYNUSDT,1.0484834875720022,0.5749107843526524,0.6694775900350232,0.12277803379268644,0.011640259444619057,7295,0.7369760609925161,0.226652366669271,0.94862870468322,0.42050642523500426,0.02052019632765935,6936,3276872.153
SYRUPUSDT,0.8762188582292878,0.44348782450882723,0.8033185495124285,0.1864982316500154,0.012482593937362592,4263,0.8796885816366782,0.5648495988515232,0.6809449306772757,0.18637518448977045,0.008325909782688134,6936,11258090.25858
SYSUSDT,1.0339210287712437,0.6761768348223229,0.542784888049667,0.08361054434680634,0.008787684423566665,7295,0.642775893394462,0.41079819438969967,0.8312448434862321,0.670238067762804,0.009243195718223005,6936,1208468.6799
TACUSDT,0.7009465458508206,0.2245769315510951,0.9495652018150947,0.17911234563046116,0.020756946449646436,2605,0.3281063209234545,0.06261679276456054,0.9960791372638792,2.1701199356689225,0.033882727408818425,6936,1838581.4399615
TAGUSDT,0.8663242745467954,0.23872744157114348,0.9430092086408965,0.16067473101313873,0.02364946918653341,2364,0.5640463232554144,0.16837948583796336,0.9716483487489388,0.4660116144048861,0.021395362189198838,6936,2743611.64754175
TAIKOUSDT,0.7691149619590383,0.6149620102594371,0.6218217259376718,0.08462733485944708,0.006700289124471371,3419,0.6320619488895679,0.24305530471416129,0.9409241188503049,0.32539662358728516,0.016344397585345213,6936,964395.41185
TANSSIUSDT,0.8163331466606442,0.23691961935846742,0.9438690939630368,0.11089901866828047,0.022876142064562198,2748,0.20113157035829335,0.07955022664197699,0.9936717614411797,1.8294059119550485,0.016330057325582646,6936,0.0
TAOUSDT,1.0957565046301863,0.694386168581515,0.5178278488826864,0.13377449155220747,0.008858071790383492,7295,0.9918268672116936,0.6337888734088227,0.5983116639431778,0.12826364690248723,0.007841980653399968,6936,126142668.35011
TAUSDT,1.035516696273637,0.1866109545683232,0.965176351635098,0.21129692596153876,0.036957966230387954,2464,0.44692413875604486,0.1787058019423787,0.9680642363521326,1.149360513061234,0.015943634022516622,6936,4134422.70075
THETAUSDT,1.073145995852561,0.7543513796961254,0.4309539959505522,0.08577144937085873,0.007285075798002595,7295,0.9666382676713228,0.672275517406782,0.548045628695436,0.19669072672350954,0.00689668096887033,6936,10954790.76369
THEUSDT,1.0900106766726547,0.546046670682965,0.7018330334360487,0.146431019976561,0.013045219453494706,7295,0.8142615023343795,0.3891379440176492,0.8485716605257144,0.21333962231770787,0.012489439274967063,6936,5828845.90204
TIAUSDC,1.1135262397399457,0.696835633547251,0.5144200998188005,0.13096341586315893,0.008940515648790597,7295,1.10735164700949,0.6796944102778109,0.5380155086370971,0.19488879444998433,0.007742743529822302,6936,5643791.4127
TIAUSDT,1.1146765423522715,0.7008365496218838,0.5088281307140925,0.13057112590202505,0.008850161053317478,7295,1.1073462609859699,0.679866518744926,0.5377815166896571,0.19438442810659448,0.007739094794944836,6936,73693549.9204
TLMUSDT,1.050256521903064,0.7172726263216923,0.48551997952958026,0.12121668057184057,0.007958810817871257,7295,0.7765026662355997,0.2883719461230185,0.9168416206892234,0.4269171094671727,0.016706137550117232,6936,2727496.367277
TNSRUSDT,0.9877545048138526,0.6277492718299416,0.6059308517169789,0.14433985034076816,0.00955449709179831,7295,0.7469565207145222,0.2559443367197593,0.9344924965010912,0.2826181073348677,0.01827893614737249,6936,3870222.765116
TOKENUSDT,1.1939441081224806,0.661764972198578,0.5620671215710134,0.09579475844057012,0.010551344673402156,7295,0.2305025919861157,0.33821765140477256,0.8856088202786765,2.9509318287814845,0.004155665056758896,6936,1537243.58113
TONUSDT,0.6957420264225205,0.6364499175344734,0.5949315024703599,0.16452640228157572,0.006577350484932828,7295,0.6309751106656984,0.4974374644109518,0.7525559690003799,0.5787567329817358,0.007129707845874218,6936,47022566.3896
TOWNSUSDT,0.8766697940915777,0.3502537214300288,0.8773223306244193,0.18590320119212225,0.015965176124769248,2097,0.8663436040992637,0.44248867943375575,0.8042037685729687,0.22562408294147743,0.01137647637548515,6936,2834630.390142
TRBUSDT,1.0050974143006357,0.6416546995870464,0.5882792464978599,0.12277302777433813,0.009371994786248412,7295,0.9168696578023029,0.6025299066795291,0.6369577115567613,0.17716289926325043,0.007869100601407652,6936,16819295.9167
TREEUSDT,0.9211086326958428,0.3188232852172997,0.898351712803248,0.16967857630751165,0.018508615365764886,2265,0.8544407546322568,0.5276639127954288,0.7215707951334163,0.19740628405662952,0.00891260824316224,6936,3118686.083495
TRUMPUSDC,0.8555401697090396,0.5739775223733594,0.6705498038101392,0.16439650214455015,0.008960229514693961,5749,0.716755643267999,0.5570833464997227,0.6896581450526724,0.27019307803872533,0.0069209667517935785,6936,6050341.57478
TRUMPUSDT,0.9702549778835373,0.4543928760029332,0.7935271142377859,0.21047026495895488,0.014966991910140323,6874,0.718315602254576,0.5562455750683459,0.6905908602168848,0.2742515415832315,0.006951154841587184,6936,131780236.613625
TRUUSDT,1.1062255972385742,0.6897564951865116,0.524235977348017,0.0952258655813391,0.009058260670856124,7295,0.6452708484969336,0.3342314366086277,0.8882893467823001,0.8142559718834984,0.011789896050987297,6936,2627172.19363
TRXUSDT,0.34265161100950503,0.5706227299282979,0.6743897000891802,0.35369528924528354,0.0038467385835559646,7295,0.1492360800424884,0.39207475298253025,0.846277388073693,0.48617268256793905,0.0022688296119233167,6936,79163791.39962
TSTUSDT,0.7141350503121763,0.25604934206473057,0.9344387344282176,0.43550380155707097,0.020451905303015005,6346,0.7383703751507125,0.2766745577521093,0.9234511890926758,0.2972177883715805,0.01661661206865796,6936,6061589.148472
TURBOUSDT,1.254183027189224,0.6404069001021784,0.589879002301518,0.08060213916297355,0.011733292123102373,7295,1.0927561696037262,0.5990712954279559,0.6411135829942733,0.20683573489443283,0.009463406552667253,6936,18519076.7796482
TUSDT,0.769546424531681,0.6284562736463347,0.605042712114559,0.15697185561230714,0.007429956550793871,7295,0.6746007201671722,0.5218808563126813,0.7276403718143398,0.28792639044812673,0.007144527915949213,6936,2716008.03815
TUTUSDT,0.501577554797133,0.14620809281368974,0.9786231935957848,0.9140743321128703,0.024531183281672232,5414,0.808906061023671,0.319486737110155,0.8979282248107031,0.2945667263489679,0.015545453032832057,6936,4700042.05869
TWTUSDT,0.6947553405536204,0.5722540374783496,0.6725253165897278,0.20169066057249077,0.007766598337873451,7295,0.7081065534658675,0.593275908487698,0.6480236964080996,0.17275020915419242,0.006225331430337566,6936,2687041.3895
UMAUSDT,0.9193180221913023,0.5603550010630127,0.6860022727836748,0.16011232742956583,0.010599827492300186,7295,0.7939090857964238,0.6099485918027792,0.6279627153578017,0.21613237640183147,0.006683211875947119,6936,3800533.4573
UNIUSDC,1.075928090836896,0.684476345276689,0.5314921327566677,0.09578981183877622,0.007762666707610556,3303,1.0159071816389742,0.6735154574913214,0.5463769285202549,0.12247536097392117,0.007223799133791572,6936,4994239.256
UNIUSDT,1.1113557501162612,0.7875200938824093,0.3798121017314412,0.09539034254829241,0.006784367335999579,7295,1.0186628409625211,0.6733869281653251,0.5465500449760629,0.12177926575689359,0.007245927523043925,6936,99123165.052
USDCUSDT,-0.0007448569426862756,-0.054184223771231096,0.997064069894282,2.1437531326133157,0.00010707671657904694,7295,-0.0003546181618517263,-0.039770119797714366,0.998418337571213,1.3275626861085805,5.7729945586318795e-05,6936,4765138.562673
USTCUSDT,0.8487997603129087,0.5383433573443086,0.7101864296032578,0.18788475529234785,0.010364910889164268,7295,0.7301172413586081,0.37800507223066576,0.8571121653678904,0.17542538958316412,0.011586559322510109,6936,3133523.077784
USUALUSDT,1.0986314986959314,0.5603878188583064,0.6859654924752275,0.1968700311186065,0.012666248167568058,7295,0.9315961090967325,0.5164393847668763,0.7332903618616096,0.19740438996507687,0.010008817734209429,6936,11050899.3497
VANAUSDT,0.9355648709219949,0.5240939355041203,0.7253255467678056,0.12349237372484748,0.011859455704562927,7295,0.7297783726688772,0.5189933450725583,0.7306459077703988,0.2772547944660187,0.007783436988500331,6936,5319080.79842
VANRYUSDT,1.229089770066605,0.7065152509999264,0.5008362001045098,0.10112270983905496,0.009603806852817169,7295,0.8800035747030223,0.40548580292491376,0.8355812636263387,0.2865074673267882,0.012854049869316856,6936,4652713.80424
VELODROMEUSDT,1.1002910942688329,0.7059052225757788,0.5016978167402399,0.08757670027132049,0.008612233708336624,7295,0.9920282877548521,0.6216876799946631,0.6135044285428539,0.13214082770545676,0.00807574749399905,6936,1651018.09277
VELVETUSDT,0.7320357476173693,0.19076394682430442,0.9636091165920136,0.20358306115215893,0.02570304937337877,2606,0.23109999282072496,0.054395965455538944,0.9970410789421559,0.9893836209288278,0.027487147206034367,6936,3580963.345875
VETUSDT,1.033367152406688,0.7741628957918241,0.4006718107792176,0.13829043594643306,0.00659098301835467,7295,0.9077990680681252,0.7753135859446967,0.39888884344957576,0.1576679439365909,0.004791466668904718,6936,14230070.21297
VICUSDT,0.8268139634212276,0.4512483168961636,0.7963749564983799,0.08729251913184607,0.011746591811444657,5598,0.7128260836276777,0.28434291063140776,0.9191491091736512,0.314871901255712,0.015572746501047804,6936,1446602.6207
VINEUSDT,1.1333941750180876,0.33153097224930755,0.8900872144394291,0.26184535122722374,0.02520700707334208,6733,0.7111832448081096,0.49424298713083065,0.7557238696720183,0.7645008782619216,0.008105099398966703,6936,5778435.65229
VIRTUALUSDT,1.390280446045161,0.6389257195982513,0.5917739248358583,0.0897346805141977,0.013057602829864269,7295,1.2453477392241026,0.7030937224176909,0.5056592174968358,0.1682565825630404,0.00810715203817018,6936,64899738.87555
VOXELUSDT,0.8968631628670204,0.3993481365417742,0.8405210658406128,0.23987955051957177,0.01606136027060216,7295,0.18885413568880768,0.18544767889775127,0.9656091583909547,2.6388054342570415,0.0064836663845130905,6936,1830797.66162
VTHOUSDT,0.8841441873273399,0.5977497333511554,0.6426952562786294,0.07660217946768767,0.009266394657644596,6782,0.7786359854415554,0.5902417721011529,0.6516146504668918,0.162842616100014,0.006899277762489104,6936,1493847.8501485
VVVUSDT,1.1902075862203934,0.5479879685633625,0.6997091863098023,0.11797253027405474,0.014247126222035274,6615,1.1176206292023148,0.4529338864664944,0.7948508944903571,0.20217828519754222,0.014254081877430824,6936,10025933.05731
WALUSDT,0.9413462285823888,0.5236620437448367,0.7257780639409834,0.07139753031520904,0.01117788154896859,5240,0.9896967309173181,0.5939557870044097,0.6472165230839706,0.15841737962902697,0.008685848801244483,6936,5806055.4757
WAXPUSDT,0.8356859708201665,0.7031479657890519,0.5055829382067186,0.12337655655257991,0.006592134956776363,7295,0.693116154600244,0.5945601034381593,0.6464982833996059,0.20165036313643414,0.0060733967474665765,6936,1525130.72011
WCTUSDT,0.7761089242418756,0.32157438528378096,0.8965899147293599,0.23413104040292526,0.015856871662596313,4788,0.8449061369011132,0.5060391150772372,0.7439244140118457,0.20688566265610608,0.009331029438391807,6936,6744533.8619
WIFUSDC,1.3251641647202628,0.6787249222191815,0.5393324799585665,0.11190532562606899,0.011185043377377472,7295,1.1441970512726511,0.7020011061042561,0.5071944470284013,0.17601665896201474,0.0075212344102493995,6936,12053523.351879999
WIFUSDT,1.3232531102296845,0.6769466360988982,0.5417432518743881,0.11210869262129217,0.011223252724537962,7295,1.1450655360902295,0.7016103487064748,0.5077429185879788,0.17567666268479984,0.007535213077905967,6936,142152984.16784
WLDUSDC,1.1450892604721286,0.6711012183488142,0.5496231547307372,0.11260598122317839,0.009867731477447506,7295,1.050343542749112,0.5529020838830152,0.6942992856378225,0.17805524741448345,0.010256453149871022,6936,9348488.217496
WLDUSDT,1.1452480358866663,0.6717257024909474,0.548784580613045,0.1123913953206052,0.0098524000538837,7295,1.052754418559756,0.5525619628953227,0.6946752771612681,0.17721353065167425,0.01028910929068618,6936,132498811.1368
WOOUSDT,1.1271225742637627,0.7478398552684623,0.44073555087204475,0.10204556295612473,0.007805218788287669,7295,1.0878177468579322,0.7268859536675244,0.47163681036084937,0.13847319404955463,0.006659370468340809,6936,3419998.23904
WUSDT,1.1007458258146405,0.6382359517962957,0.5926548698346755,0.11648616136849937,0.010357148659977708,7295,1.049327510627478,0.6869189301156231,0.5281423834488095,0.1918673535881852,0.007193165685140497,6936,13274738.351616
XAIUSDT,1.2013531139243763,0.6823685756735922,0.5343731269331965,0.1222756255338636,0.010039393178049933,7295,0.9286082146992642,0.49830379926747437,0.7516933236355963,0.25762234521925237,0.010468663302812473,6936,6269272.80654
XCNUSDT,0.7538306438045571,0.4316391682408616,0.8136876284403398,0.10916273015314205,0.010963534451252336,4880,0.1131152850369202,0.19747132818259772,0.9610050745459923,3.989757566867032,0.0036377630948066448,6936,0.0
XLMUSDT,0.8678294019962959,0.6855438154752043,0.5300296770636972,0.15608355975388816,0.007189235902019353,7295,0.8664351948496564,0.6530929026230232,0.5734696605434326,0.14510686261512268,0.006509589093540337,6936,67744037.6407
XMRUSDT,0.36143759988273594,0.3383067041370255,0.8855485739359483,0.16998823550249623,0.007842642487028017,7295,0.5090498917352636,0.33841421497462787,0.8854758191031054,0.24315186729270263,0.00917149332023572,6936,27443799.03913
XRPUSDC,0.8798511795694113,0.7384475740037297,0.4546951804480063,0.2019123470356078,0.006267339577546876,7295,0.8077858405401344,0.8151884323973685,0.33546781968552314,0.09632627610342301,0.003718604693489336,6936,161237566.84527
XRPUSDT,0.8777974367218824,0.7387873129699939,0.45419330619457843,0.19981348991477943,0.006246384910719426,7295,0.8072425180401771,0.8151451460615273,0.3355383908523297,0.09681425359559244,0.0037166811692187383,6936,1240621510.93392
XTZUSDT,0.8613099459349691,0.7026851553922445,0.5062335723913746,0.09762795430324103,0.006803112508317342,7295,0.7677259782563138,0.6343980469530239,0.5975391180221848,0.1557176116621229,0.0060612899870970864,6936,9676118.8175
XVGUSDT,1.1721753155725685,0.6277020234398701,0.6059901697694934,0.09371431504386342,0.011339798323540855,7295,0.9239362825945293,0.4937136307299018,0.7562468508314939,0.21954305110594938,0.010521445033224545,6936,4366562.9021896
XVSUSDT,0.9012649210434445,0.6532724168620745,0.5732351493671844,0.13668647551127405,0.008148131906569905,7295,0.6975147473584273,0.5392461740781259,0.7092135637421048,0.19054925421136418,0.007058220606993169,6936,1581157.9121
YALAUSDT,0.6885156070245195,0.20678629779127222,0.9572394270457812,0.17732265289472585,0.022229038953872897,2047,0.43994441183391575,0.1946752275309374,0.9621015557854947,1.340120951415716,0.014350444292443422,6936,939396.20162
YFIUSDT,0.8123135036642711,0.7843948965820088,0.38472464621609964,0.12030465615266098,0.005010688632846228,7295,0.7276708449636528,0.6469081480390372,0.5815098480007065,0.2043576108145246,0.005557061631372566,6936,4429896.548
YGGUSDT,1.1502657548904311,0.6705029395372695,0.5504258080718832,0.09354479581365024,0.009928425855142345,7295,1.0137519827684147,0.6368070653055369,0.5944767615769464,0.22085357276372444,0.00795300678134793,6936,5525962.7804000005
ZECUSDT,0.8061026639517203,0.4450378628601251,0.8019413006208947,0.26221042440602554,0.012653136220998376,7295,1.0168697883058726,0.45637951185863446,0.7917177411556682,0.2119309903953626,0.012845445155260347,6936,287285287.74722
ZENUSDT,1.0617981302449875,0.573036085570934,0.6716296446335425,0.11747637320185662,0.011845636771940499,7295,0.9843710018997859,0.5084199159024378,0.7415091891137541,0.19481860006875565,0.010772623181233756,6936,14889587.4274
ZEREBROUSDT,1.1750192889405482,0.36933780347513506,0.863589586924156,0.3045833008120811,0.023108576824507697,7257,0.5996098811526047,0.2027488292315682,0.958892912245225,0.3969777885885622,0.018764291029177087,6936,9444527.874990001
ZETAUSDT,0.9712866272942561,0.6136553324109839,0.6234271330035603,0.12067417518760101,0.009748757000884631,7295,0.8866859238922002,0.6025283986760519,0.6369595287888682,0.23031504804633599,0.007609994422694812,6936,2965163.0518
ZILUSDT,0.9107489663239805,0.7585073312980638,0.42466662836709274,0.11236945714955728,0.006103746237532247,7295,0.8117133312687091,0.5528163104851479,0.6943941268615804,0.18342422275244355,0.007927957538015878,6936,5667676.98764
ZKJUSDT,0.5424620035258464,0.12542001364292366,0.984269820177813,0.8860543098237988,0.029584591579101715,4118,0.6155547859164884,0.29866517242565915,0.9107991147801481,0.851923168152952,0.012744809173676177,6936,1146858.151919
ZKUSDT,1.194100133890007,0.7531043837698717,0.4328337871466018,0.09501646135990448,0.008137287249557206,7295,0.988011492040352,0.48454828363503066,0.7652129608263479,0.18732906854417045,0.011557225185569755,6936,11742094.72422
ZORAUSDT,1.4154908151710457,0.3905347866133647,0.8474825804448523,0.08616811997259725,0.02239226433046298,2364,0.8446148700657999,0.4593143286148691,0.7890303475290679,0.19078062074037128,0.010583653835712569,6936,5500088.386175
ZRCUSDT,0.88020841449205,0.4736756104544928,0.7756314160605648,0.06872114807160551,0.011071638090794991,2270,0.25123267363183444,0.20141939438044432,0.959430227567683,1.700742741867634,0.007916199066405642,6936,0.0
ZROUSDT,1.0995178458114452,0.6712474568564137,0.5494268516637973,0.12391139956339563,0.00947126674020481,7295,0.8658699109860911,0.4856586948879636,0.7641356320797271,0.19611743408566906,0.010098222277039614,6936,21210224.34377
ZRXUSDT,0.9575585539506477,0.7429572970960517,0.44801445469173307,0.12011349455101171,0.006729472133895959,7295,0.8417741877984202,0.6301864161309546,0.6028650809240288,0.16814246292323773,0.006719905038321809,6936,5302500.3786
